County,Municipality,USC,STS,STH,Mailed,Not Mailed,Mailing Status
Philadelphia,Mn01,3  ,4  ,200  ,7824,59,In Progress
Allegheny,Pittsburgh,12  ,43  ,23  ,6436,217,In Progress
Philadelphia,Mn01,3  ,1  ,182  ,6224,33,In Progress
Bucks,Lower Makefield Twp,1  ,10  ,31  ,6079,10,In Progress
Erie,Millcreek Twp,16  ,49  ,3  ,5989,33,In Progress
Bucks,Bensalem Twp,1  ,6  ,18  ,5445,7,In Progress
Philadelphia,Mn01,3  ,7  ,194  ,5286,52,In Progress
Delaware,Haverford Twp,5  ,17  ,166  ,5138,40,In Progress
Montgomery,Abington Twp,4  ,4  ,153  ,5089,80,In Progress
Bucks,Middletown Twp,1  ,6  ,142  ,4714,12,In Progress
Allegheny,Penn Hills,17  ,43  ,32  ,4582,107,In Progress
Philadelphia,Mn01,2  ,1  ,175  ,4563,27,In Progress
Bucks,Warminster Twp,1  ,6  ,144  ,4487,6,In Progress
Allegheny,Mt Lebanon,17  ,42  ,42  ,4438,125,In Progress
Bucks,Northampton Twp,1  ,6  ,178  ,4317,4,In Progress
Bucks,Bristol Twp,1  ,10  ,141  ,4223,12,In Progress
Northampton,Bethlehem,7  ,18  ,135  ,4219,503,In Progress
Allegheny,Bethel Park,12  ,37  ,40  ,4173,141,In Progress
Montgomery,Cheltenham Twp,4  ,4  ,154  ,4143,79,In Progress
Allegheny,Mccandless,17  ,38  ,30  ,4126,109,In Progress
Philadelphia,Mn01,3  ,4  ,201  ,4030,32,In Progress
Bucks,Warrington Twp,1  ,6  ,144  ,3942,6,In Progress
Philadelphia,Mn01,3  ,7  ,192  ,3922,20,In Progress
Philadelphia,Mn01,3  ,3  ,195  ,3892,21,In Progress
Montgomery,Lower Merion Twp,4  ,17  ,148  ,3820,62,In Progress
Allegheny,Ross,17  ,38  ,20  ,3730,106,In Progress
Philadelphia,Mn01,2  ,5  ,172  ,3552,40,In Progress
Erie,Mn01,16  ,49  ,1  ,3501,38,In Progress
Montgomery,Upper Providence Twp,4  ,44  ,150  ,3470,48,In Progress
Chester,Tredyffrin Twp,6  ,19  ,157  ,3458,36,In Progress
Philadelphia,Mn01,2  ,5  ,170  ,3439,33,In Progress
Philadelphia,Mn01,3  ,8  ,186  ,3438,28,In Progress
Northampton,Bethlehem Twsp,7  ,18  ,137  ,3433,110,In Progress
Bucks,Buckingham Twp,1  ,10  ,29  ,3367,12,In Progress
Westmoreland,Hempfield Twp,14  ,39  ,57  ,3356,80,In Progress
Bucks,Newtown Twp,1  ,10  ,31  ,3314,6,In Progress
Butler,Cranberry Twp,16  ,47  ,12  ,3312,45,In Progress
Montgomery,Lower Providence Twp,4  ,44  ,150  ,3308,53,In Progress
Philadelphia,Mn01,3  ,1  ,184  ,3261,19,In Progress
Bucks,Doylestown Twp,1  ,10  ,29  ,3232,4,In Progress
Lancaster,Manheim Twp,11  ,36  ,96  ,3228,4,In Progress
Cumberland,Hampden Twp,10  ,34  ,88  ,3188,26,In Progress
Lackawanna,Scranton,8  ,22  ,113  ,3187,1,In Progress
Montgomery,Upper Merion Twp,5  ,17  ,149  ,3170,51,In Progress
Allegheny,Monroeville,12  ,45  ,25  ,3153,94,In Progress
Bucks,Falls Twp,1  ,10  ,140  ,3064,6,In Progress
Dauphin,Susquehanna Twp,10  ,15  ,105   ,3063,123,In Progress
Delaware,Radnor Twp,5  ,17  ,168  ,3047,30,In Progress
Allegheny,Pittsburgh,12  ,42  ,19  ,3019,104,In Progress
Allegheny,Shaler,17  ,38  ,21  ,3013,74,In Progress
Montgomery,Lower Merion Twp,5  ,17  ,149  ,3000,63,In Progress
Westmoreland,Munic Of Murrysville,12  ,39  ,55  ,2993,75,In Progress
Philadelphia,Mn01,2  ,5  ,174  ,2981,24,In Progress
Allegheny,Moon,17  ,37  ,44  ,2889,85,In Progress
Philadelphia,Mn01,2  ,5  ,173  ,2784,20,In Progress
Allegheny,Pittsburgh,12  ,38  ,24  ,2742,93,In Progress
Delaware,Upper Darby Twp,5  ,26  ,163  ,2690,36,In Progress
Dauphin,Lower Paxton Twp,10  ,15  ,105   ,2629,133,In Progress
Philadelphia,Mn01,3  ,8  ,188  ,2618,15,In Progress
Philadelphia,Mn01,3  ,7  ,190  ,2615,19,In Progress
Montgomery,Lower Merion Twp,5  ,17  ,148  ,2563,38,In Progress
Montgomery,Montgomery Twp,1  ,12  ,151  ,2548,48,In Progress
Lancaster,Hempfield East Twp,11  ,36  ,41  ,2546,9,In Progress
Montgomery,Whitemarsh Twp,4  ,7  ,148  ,2534,36,In Progress
Northampton,Palmer,7  ,18  ,137  ,2530,40,In Progress
Montgomery,Springfield Twp,4  ,4  ,154  ,2505,46,In Progress
Montgomery,Horsham Twp,1  ,12  ,151  ,2486,59,In Progress
Allegheny,Pittsburgh,12  ,43  ,24  ,2440,97,In Progress
Northampton,Forks,7  ,18  ,138  ,2404,43,In Progress
Montgomery,Upper Gwynedd Twp,4  ,24  ,61  ,2397,51,In Progress
Montgomery,Towamencin Twp,4  ,24  ,61  ,2361,33,In Progress
Montgomery,Limerick Twp,4  ,24  ,146  ,2338,35,In Progress
Dauphin,Derry Twp,10  ,15  ,106   ,2335,124,In Progress
Bucks,Warwick Twp,1  ,6  ,178  ,2314,4,In Progress
Dauphin,Lower Paxton Twp,10  ,15  ,125  ,2305,106,In Progress
Erie,Mn01,16  ,49  ,2  ,2295,11,In Progress
Allegheny,Pittsburgh,12  ,42  ,27  ,2288,58,In Progress
Chester,W Goshen Twp,6  ,19  ,156  ,2266,21,In Progress
Allegheny,Pittsburgh,12  ,42  ,36  ,2256,70,In Progress
Montgomery,Upper Moreland Twp,4  ,12  ,152  ,2256,52,In Progress
York,York Twp,11  ,28  ,93  ,2235,58,In Progress
Cumberland,Silver Spring Twp,10  ,34  ,87  ,2161,18,In Progress
Montgomery,Whitpain Twp,4  ,12  ,61  ,2135,26,In Progress
Montgomery,Lower Gwynedd Twp,4  ,12  ,61  ,2119,26,In Progress
Delaware,Newtown Twp,5  ,26  ,168  ,2115,11,In Progress
Cumberland,Upper Allen Twp,10  ,31  ,87  ,2106,10,In Progress
Allegheny,Robinson,17  ,37  ,45  ,2099,50,In Progress
Delaware,Springfield Twp,5  ,26  ,165  ,2093,15,In Progress
Delaware,Concord Twp,5  ,9  ,160  ,2084,28,In Progress
Westmoreland,Unity Twp,14  ,39  ,59  ,2080,52,In Progress
Westmoreland,North Huntingdon Twp,12  ,39  ,56  ,2065,46,In Progress
Allegheny,Baldwin Br,12  ,45  ,38  ,2060,54,In Progress
Chester,W Whiteland Twp,6  ,19  ,167  ,2049,8,In Progress
Washington,Township Of Peters,14  ,46  ,40  ,2048,56,In Progress
Philadelphia,Mn01,2  ,3  ,198  ,2048,17,In Progress
Chester,Uwchlan Twp,6  ,44  ,155  ,2027,20,In Progress
Westmoreland,Penn Twp,12  ,39  ,56  ,2017,57,In Progress
Bucks,Hilltown Twp,1  ,16  ,143  ,2014,5,In Progress
Bucks,Solebury Twp,1  ,10  ,29  ,2012,1,In Progress
Montgomery,Hatfield Twp,1  ,12  ,53  ,1986,35,In Progress
Butler,Adams Twp,16  ,47  ,12  ,1979,22,In Progress
Bucks,Upper Makefield Twp,1  ,10  ,31  ,1973,5,In Progress
Lackawanna,Scranton,8  ,22  ,114  ,1969,4,In Progress
Allegheny,Franklin Pk,17  ,37  ,30  ,1952,51,In Progress
Philadelphia,Mn01,3  ,7  ,10  ,1948,13,In Progress
Montgomery,Upper Dublin Twp,4  ,12  ,151  ,1943,30,In Progress
Lancaster,Lampeter West Twp,11  ,13  ,97  ,1933,0,In Progress
Allegheny,Pittsburgh,12  ,42  ,21  ,1925,65,In Progress
Montgomery,Upper Dublin Twp,4  ,12  ,153  ,1883,24,In Progress
Allegheny,Scott,17  ,42  ,27  ,1846,49,In Progress
Philadelphia,Mn01,3  ,1  ,175  ,1838,13,In Progress
Montgomery,Lower Salford Twp,4  ,24  ,147  ,1836,29,In Progress
Delaware,Nether Providence Twp,5  ,9  ,161  ,1810,14,In Progress
York,Fairview Twp,10  ,31  ,92  ,1773,56,In Progress
Allegheny,Pine,17  ,38  ,28  ,1771,52,In Progress
Bucks,Upper Southampton Twp,1  ,6  ,178  ,1771,6,In Progress
Montgomery,Plymouth Twp,4  ,12  ,54  ,1768,30,In Progress
Allegheny,N Fayette,17  ,37  ,44  ,1760,62,In Progress
Cumberland,East Pennsboro Twp,10  ,34  ,103  ,1755,17,In Progress
Allegheny,Whitehall,12  ,45  ,38  ,1741,40,In Progress
Allegheny,West Mifflin,12  ,45  ,38  ,1736,58,In Progress
Erie,Harborcreek Twp.,16  ,49  ,2  ,1726,10,In Progress
Delaware,Upper Darby Twp,5  ,26  ,164  ,1723,29,In Progress
Allegheny,Pittsburgh,12  ,43  ,36  ,1708,61,In Progress
Dauphin,Swatara Twp,10  ,15  ,104  ,1705,108,In Progress
Allegheny,S Fayette,17  ,37  ,46  ,1705,86,In Progress
Bucks,Plumstead Twp,1  ,10  ,143  ,1693,3,In Progress
Cumberland,Carlisle Boro,10  ,34  ,199  ,1691,18,In Progress
York,West Manchester Twp,10  ,31  ,196  ,1676,48,In Progress
Dauphin,Harrisburg,10  ,15  ,103  ,1667,108,In Progress
Montgomery,Skippack Twp,4  ,24  ,70  ,1647,27,In Progress
Allegheny,Hampton,17  ,38  ,28  ,1646,65,In Progress
Delaware,Middletown Twp,5  ,9  ,168  ,1633,6,In Progress
Philadelphia,Mn01,5  ,8  ,185  ,1630,10,In Progress
Montgomery,East Norriton Twp,4  ,17  ,70  ,1586,22,In Progress
Bucks,Lower Southampton Twp,1  ,6  ,142  ,1578,4,In Progress
Bucks,Richland Twp,1  ,16  ,145  ,1576,2,In Progress
York,Manchester Twp,10  ,31  ,47  ,1573,42,In Progress
Washington,Township Of Cecil,14  ,46  ,46  ,1555,39,In Progress
Allegheny,West Deer,17  ,38  ,28  ,1536,35,In Progress
Philadelphia,Mn01,2  ,2  ,202  ,1535,11,In Progress
Lancaster,Warwick Twp,11  ,36  ,37  ,1533,5,In Progress
Monroe,Coolbaugh,8  ,40  ,115  ,1520,13,In Progress
Northampton,Hanover,7  ,14  ,135  ,1509,28,In Progress
Philadelphia,Mn01,2  ,2  ,203  ,1497,9,In Progress
Northampton,Easton,7  ,18  ,136  ,1486,38,In Progress
Allegheny,Plum,12  ,45  ,32  ,1480,35,In Progress
York,York City,10  ,31  ,95  ,1471,43,In Progress
Monroe,Chestnuthill,8  ,40  ,176  ,1471,6,In Progress
Delaware,Upper Providence Twp,5  ,26  ,165  ,1465,9,In Progress
Delaware,Aston Twp,5  ,9  ,161  ,1450,11,In Progress
Montgomery,New Hanover Twp,4  ,24  ,147  ,1444,27,In Progress
Allegheny,Wilkinsburg,17  ,43  ,34  ,1443,41,In Progress
Montgomery,Worcester Twp,4  ,12  ,70  ,1438,17,In Progress
Montgomery,Montgomery Twp,1  ,12  ,53  ,1433,28,In Progress
Pike,Dingman Twp,8  ,20  ,139  ,1428,1,In Progress
Chester,Phoenixville Boro,6  ,44  ,26  ,1406,11,In Progress
Indiana,White,14  ,41  ,62  ,1403,1,In Progress
Allegheny,Ohara,17  ,38  ,33  ,1398,29,In Progress
Philadelphia,Mn01,3  ,8  ,191  ,1397,7,In Progress
Montgomery,Pottstown Boro,4  ,24  ,146  ,1394,35,In Progress
Bucks,Doylestown Boro,1  ,10  ,29  ,1384,0,In Progress
Allegheny,South Park,12  ,37  ,39  ,1372,36,In Progress
Philadelphia,Mn01,2  ,2  ,177  ,1372,7,In Progress
Chester,E Goshen Twp,6  ,19  ,156  ,1371,14,In Progress
York,Windsor Twp,11  ,28  ,94  ,1369,24,In Progress
Montgomery,Norristown Boro,5  ,17  ,54  ,1368,26,In Progress
Cumberland,Lower Allen Twp,10  ,31  ,88  ,1367,8,In Progress
Allegheny,Plum,12  ,45  ,25  ,1361,36,In Progress
York,Dover Twp,10  ,31  ,196  ,1359,33,In Progress
Delaware,Upper Chichester Twp,5  ,9  ,159  ,1357,9,In Progress
Montgomery,Lower Moreland Twp,4  ,12  ,152  ,1333,19,In Progress
Berks,Exeter Twp,6  ,11  ,128  ,1333,3,In Progress
Lackawanna,Dunmore,8  ,22  ,112  ,1327,2,In Progress
York,Springettsbury Twp,10  ,28  ,94  ,1318,25,In Progress
Bucks,Middletown Twp,1  ,6  ,140  ,1315,1,In Progress
Chester,Upper Uwchlan Twnshp,6  ,44  ,155  ,1306,6,In Progress
Chester,W Bradford Twp,6  ,19  ,158  ,1300,14,In Progress
Lancaster,Lancaster City,11  ,13  ,96  ,1298,5,In Progress
Butler,Butler Twp,16  ,21  ,11  ,1289,20,In Progress
Philadelphia,Mn01,2  ,3  ,181  ,1284,6,In Progress
Berks,Muhlenberg Twp,4  ,11  ,126  ,1276,19,In Progress
Montgomery,West Norriton Twp,4  ,17  ,70  ,1271,17,In Progress
Montgomery,Lansdale Boro,4  ,12  ,53  ,1269,19,In Progress
Allegheny,Richland,17  ,38  ,28  ,1268,43,In Progress
Montgomery,Lower Pottsgrove Twp,4  ,24  ,146  ,1261,21,In Progress
Philadelphia,Mn01,3  ,1  ,10  ,1247,4,In Progress
Chester,Willistown Twp,6  ,19  ,157  ,1228,11,In Progress
Allegheny,Jefferson Hl,12  ,37  ,39  ,1225,34,In Progress
Franklin,Greene Twp,13  ,33  ,89  ,1217,136,In Progress
Philadelphia,Mn01,3  ,4  ,194  ,1206,8,In Progress
Lancaster,Lancaster Twp,11  ,13  ,49  ,1205,5,In Progress
Allegheny,Up St Clair,12  ,37  ,42  ,1195,43,In Progress
Northampton,Bushkill Twsp,7  ,14  ,138  ,1191,27,In Progress
Allegheny,Marshall,17  ,37  ,28  ,1182,34,In Progress
Delaware,Ridley Twp,5  ,26  ,162  ,1181,21,In Progress
Philadelphia,Mn01,2  ,1  ,182  ,1176,10,In Progress
Westmoreland,Greensburg,14  ,39  ,57  ,1174,38,In Progress
Erie,Fairview Twp,16  ,49  ,3  ,1172,8,In Progress
Chester,E Whiteland Twp,6  ,44  ,167  ,1171,10,In Progress
Berks,Wyomissing Boro,6  ,11  ,129  ,1167,14,In Progress
York,Penn Twp,11  ,28  ,169  ,1160,37,In Progress
Allegheny,Pittsburgh,12  ,43  ,19  ,1155,60,In Progress
Chester,E Bradford Twp,6  ,19  ,156  ,1153,6,In Progress
Northampton,Lower Saucon Twsp,7  ,18  ,131  ,1142,22,In Progress
Berks,Spring Twp,6  ,11  ,129  ,1141,7,In Progress
Montgomery,Perkiomen Twp,4  ,24  ,70  ,1138,16,In Progress
Bucks,Milford Twp,1  ,16  ,145  ,1138,1,In Progress
Delaware,Marple Twp,5  ,26  ,165  ,1127,7,In Progress
Bucks,Bedminster Twp,1  ,16  ,143  ,1126,1,In Progress
Allegheny,Collier,17  ,37  ,45  ,1124,35,In Progress
York,Newberry Twp,10  ,31  ,92  ,1120,34,In Progress
Allegheny,Ohio,17  ,37  ,30  ,1118,28,In Progress
Chester,Easttown Twp,6  ,19  ,157  ,1113,20,In Progress
Chester,E Pikeland Twp,6  ,44  ,26  ,1110,8,In Progress
Philadelphia,Mn01,2  ,2  ,180  ,1110,6,In Progress
Beaver,Center Twp,17  ,47  ,16  ,1110,5,In Progress
York,Springettsbury Twp,10  ,28  ,47  ,1107,38,In Progress
Bucks,New Britain Twp,1  ,10  ,143  ,1100,1,In Progress
Allegheny,Kennedy,17  ,42  ,45  ,1095,36,In Progress
Bucks,Northampton Twp,1  ,6  ,142  ,1084,0,In Progress
York,Spring Garden Twp,10  ,28  ,95  ,1083,29,In Progress
Allegheny,Elizabeth Tp,12  ,45  ,39  ,1083,20,In Progress
Northampton,Upper Nazareth,7  ,18  ,137  ,1083,19,In Progress
Beaver,Hopewell Twp,17  ,47  ,16  ,1075,9,In Progress
Delaware,Chester City,5  ,9  ,159  ,1071,14,In Progress
Chester,Kennett Twp,6  ,9  ,158  ,1070,18,In Progress
Cumberland,North Middleton Twp,10  ,34  ,199  ,1067,6,In Progress
Lancaster,Hempfield West Twp,11  ,36  ,41  ,1060,5,In Progress
Franklin,Guilford Twp,13  ,33  ,89  ,1058,98,In Progress
Cumberland,South Middleton Twp,10  ,34  ,87  ,1054,6,In Progress
Northampton,Lower Nazareth,7  ,18  ,137  ,1046,26,In Progress
Beaver,Economy Boro,17  ,47  ,14  ,1046,7,In Progress
Delaware,Marple Twp,5  ,26  ,166  ,1046,1,In Progress
Northampton,Lehigh Twsp,7  ,14  ,183  ,1045,28,In Progress
Delaware,Bethel Twp,5  ,9  ,160  ,1045,13,In Progress
Lycoming,City Of Williamsport,9  ,23  ,83  ,1043,14,In Progress
Franklin,Chambersburg Boro,13  ,33  ,89  ,1042,154,In Progress
Chester,W Brandywine Townshp,6  ,44  ,155  ,1039,15,In Progress
Chester,Westtown Twp,6  ,9  ,160  ,1036,13,In Progress
Philadelphia,Mn01,3  ,7  ,188  ,1034,7,In Progress
Westmoreland,Rostraver Twp,14  ,39  ,58  ,1024,23,In Progress
Chester,Schuylkill Twp,6  ,44  ,157  ,1024,6,In Progress
Allegheny,Up St Clair,12  ,37  ,40  ,1023,49,In Progress
Pike,Lehman Twp,8  ,20  ,189  ,1021,0,In Progress
Erie,Summit Twp,16  ,49  ,2  ,1019,11,In Progress
Montgomery,Abington Twp,4  ,4  ,152  ,1016,13,In Progress
Lebanon,North Londonderry Twp,9  ,48  ,102  ,1016,0,In Progress
Philadelphia,Mn01,3  ,1  ,186  ,1014,5,In Progress
Washington,Twp. Of North Strabane,14  ,46  ,48  ,1009,19,In Progress
Bucks,Perkasie Boro,1  ,16  ,143  ,1005,3,In Progress
Dauphin,West Hanover Twp,10  ,15  ,125  ,997,48,In Progress
Chester,E Marlborough Twnshp,6  ,9  ,158  ,981,8,In Progress
Washington,Twp. Of South Strabane,14  ,46  ,48  ,974,19,In Progress
Monroe,Pocono,8  ,40  ,115  ,971,5,In Progress
Lancaster,Rapho Twp,11  ,36  ,37  ,969,4,In Progress
Philadelphia,Mn01,2  ,2  ,179  ,965,5,In Progress
Chester,Caln Twp,6  ,44  ,74  ,964,3,In Progress
Lancaster,Donegal West Twp,11  ,36  ,98  ,964,2,In Progress
Philadelphia,Mn01,2  ,3  ,203  ,964,2,In Progress
Lackawanna,South Abington,8  ,22  ,114  ,957,1,In Progress
Lancaster,Lititz Boro,11  ,36  ,37  ,948,2,In Progress
Lancaster,Lancaster City,11  ,13  ,49  ,948,2,In Progress
Delaware,Yeadon Boro,5  ,8  ,191  ,947,13,In Progress
Monroe,Stroud,8  ,40  ,189  ,944,5,In Progress
Chester,New Garden Twp,6  ,9  ,158  ,940,2,In Progress
Berks,Reading,6  ,11  ,127  ,928,7,In Progress
Chester,West Chester Boro,6  ,19  ,156  ,919,9,In Progress
Allegheny,Mckeesport,12  ,45  ,35  ,911,39,In Progress
Lebanon,North Lebanon Twp,9  ,48  ,101  ,911,1,In Progress
Montgomery,Upper Hanover Twp,1  ,24  ,131  ,910,20,In Progress
Clearfield,Dubois City,15  ,35  ,75  ,908,14,In Progress
Allegheny,Pittsburgh,12  ,42  ,20  ,899,34,In Progress
Lancaster,Manor Twp,11  ,13  ,97  ,898,3,In Progress
Montgomery,Franconia Twp,1  ,12  ,147  ,891,18,In Progress
Chester,E Brandywine Townshp,6  ,44  ,155  ,886,10,In Progress
Lancaster,Lampeter East Twp,11  ,13  ,97  ,886,3,In Progress
Monroe,Tobyhanna,8  ,40  ,176  ,886,2,In Progress
Montgomery,Douglass Twp,4  ,24  ,147  ,882,10,In Progress
Washington,Twp. Of North Strabane,14  ,46  ,46  ,879,14,In Progress
Allegheny,Munhall,12  ,45  ,35  ,876,23,In Progress
Allegheny,Pittsburgh,12  ,43  ,34  ,875,27,In Progress
Delaware,Lansdowne Boro,5  ,26  ,164  ,874,5,In Progress
Philadelphia,Mn01,2  ,3  ,197  ,871,4,In Progress
Cumberland,Camp Hill Boro,10  ,34  ,103  ,869,6,In Progress
Lackawanna,Old Forge,8  ,22  ,118  ,869,1,In Progress
Westmoreland,Derry Twp,14  ,41  ,59  ,868,23,In Progress
Allegheny,Pleasant Hl,12  ,37  ,39  ,860,35,In Progress
Northampton,Northampton Boro,7  ,14  ,183  ,859,14,In Progress
Adams,Cumberland Twp,13  ,33  ,91  ,858,8,In Progress
York,East Manchester Twp,10  ,31  ,47  ,854,25,In Progress
Westmoreland,New Kensington,14  ,41  ,55  ,852,31,In Progress
Beaver,Brighton Twp,17  ,47  ,15  ,850,9,In Progress
Delaware,Edgmont Twp,5  ,9  ,168  ,848,5,In Progress
Allegheny,Forest Hills,17  ,43  ,34  ,845,27,In Progress
Allegheny,Oakmont,17  ,43  ,32  ,845,20,In Progress
Monroe,Middle Smithfield,8  ,40  ,115  ,844,11,In Progress
Monroe,Hamilton,8  ,40  ,176  ,843,8,In Progress
Montgomery,Hatboro Boro,4  ,12  ,152  ,837,12,In Progress
Washington,Township Of Chartiers,14  ,46  ,46  ,836,11,In Progress
Berks,Amity Twp,4  ,24  ,128  ,830,6,In Progress
Chester,Valley Twp,6  ,19  ,74  ,826,11,In Progress
Lebanon,Lebanon City,9  ,48  ,101  ,822,2,In Progress
Lebanon,South Lebanon Twp,9  ,48  ,101  ,820,4,In Progress
Philadelphia,Mn01,3  ,3  ,190  ,818,5,In Progress
Lackawanna,Archbald,8  ,40  ,112  ,816,3,In Progress
Lancaster,Manheim Twp,11  ,36  ,97  ,814,2,In Progress
Monroe,Middle Smithfield,8  ,40  ,189  ,808,4,In Progress
Allegheny,Casl Shannon,17  ,45  ,42  ,806,13,In Progress
Westmoreland,Lower Burrell,14  ,41  ,60  ,805,28,In Progress
Westmoreland,North Huntingdon Twp,12  ,39  ,58  ,799,21,In Progress
Northampton,Palmer,7  ,18  ,136  ,799,8,In Progress
Chester,Penn Twp,6  ,19  ,13  ,796,8,In Progress
Northampton,Allen Twsp,7  ,14  ,183  ,793,12,In Progress
Lycoming,Loyalsock Twp,9  ,23  ,83  ,789,11,In Progress
Allegheny,Dormont,17  ,42  ,42  ,786,20,In Progress
York,Hanover Boro,11  ,28  ,169  ,782,22,In Progress
Chester,West Caln Twp,6  ,44  ,74  ,782,5,In Progress
Allegheny,Harrison,17  ,38  ,33  ,781,27,In Progress
Adams,Oxford Twp,13  ,33  ,193  ,781,12,In Progress
Beaver,New Sewickley Twp,17  ,47  ,14  ,780,10,In Progress
Delaware,Swarthmore Boro,5  ,26  ,165  ,780,8,In Progress
Monroe,Stroud,8  ,40  ,115  ,775,0,In Progress
Dauphin,Harrisburg,10  ,15  ,104  ,774,48,In Progress
Adams,Straban Twp,13  ,33  ,91  ,769,8,In Progress
Franklin,Washington Twp,13  ,33  ,90  ,768,95,In Progress
Allegheny,Indiana,17  ,38  ,33  ,768,24,In Progress
Lancaster,Penn Twp,11  ,36  ,37  ,768,1,In Progress
Allegheny,Fox Chapel,17  ,38  ,33  ,767,23,In Progress
Allegheny,N Versailles,12  ,45  ,25  ,766,40,In Progress
Elk,City Of St Marys,15  ,25  ,75  ,764,9,In Progress
Allegheny,Brentwood,12  ,45  ,36  ,763,21,In Progress
Bucks,West Rockhill Twp,1  ,16  ,145  ,756,3,In Progress
Philadelphia,Mn01,3  ,3  ,181  ,754,8,In Progress
Chester,E Fallowfield Twnshp,6  ,19  ,158  ,753,5,In Progress
Allegheny,White Oak,12  ,45  ,35  ,751,24,In Progress
Lebanon,South Londonderry Twp,9  ,48  ,98  ,751,2,In Progress
Montgomery,Franconia Twp,1  ,12  ,53  ,740,7,In Progress
Bucks,Bristol Boro,1  ,10  ,141  ,739,2,In Progress
Berks,Cumru Twp,6  ,11  ,128  ,736,1,In Progress
Philadelphia,Mn01,2  ,1  ,177  ,733,4,In Progress
Northampton,Williams Twsp,7  ,18  ,136  ,732,20,In Progress
Bucks,New Britain Twp,1  ,10  ,144  ,732,0,In Progress
Pike,Blooming Grove Twp,8  ,20  ,139  ,730,0,In Progress
Lebanon,Cornwall Boro,9  ,48  ,101  ,724,6,In Progress
Monroe,Jackson,8  ,40  ,176  ,724,5,In Progress
Dauphin,South Hanover Twp,10  ,15  ,106   ,720,31,In Progress
Lancaster,Mount Joy Twp,11  ,36  ,98  ,720,2,In Progress
Lancaster,Ephrata Boro,11  ,36  ,43  ,719,3,In Progress
Carbon,Penn Forest Twp,7  ,29  ,122  ,716,9,In Progress
Montgomery,Conshohocken Boro,4  ,7  ,54  ,710,21,In Progress
Philadelphia,Mn01,3  ,3  ,198  ,708,5,In Progress
Cumberland,Mechanicsburg Boro,10  ,31  ,88  ,705,2,In Progress
Chester,Charlestown Twp,6  ,44  ,167  ,703,8,In Progress
Delaware,Middletown Twp,5  ,9  ,161  ,703,3,In Progress
York,Carroll Twp,10  ,31  ,92  ,702,20,In Progress
Chester,E Goshen Twp,6  ,19  ,167  ,702,10,In Progress
Westmoreland,Allegheny Twp,14  ,41  ,60  ,696,11,In Progress
Monroe,Tunkhannock,8  ,40  ,176  ,696,3,In Progress
Beaver,Chippewa Twp,17  ,47  ,14  ,693,8,In Progress
York,West Manheim Twp,11  ,28  ,169  ,692,23,In Progress
Chester,Honeybrook Twp,6  ,44  ,74  ,692,13,In Progress
Butler,Center Twp,16  ,21  ,8  ,687,14,In Progress
Chester,W Vincent Twp,6  ,44  ,167  ,687,5,In Progress
Cumberland,South Middleton Twp,10  ,34  ,199  ,684,4,In Progress
Chester,London Grove Twnship,6  ,9  ,13  ,683,8,In Progress
Philadelphia,Mn01,3  ,1  ,181  ,682,6,In Progress
Adams,Conewago Twp,13  ,33  ,91  ,681,1,In Progress
Montgomery,Whitpain Twp,4  ,12  ,70  ,677,12,In Progress
Union,East Buffalo,15  ,23  ,85  ,675,13,In Progress
Delaware,Media Boro,5  ,26  ,165  ,675,7,In Progress
Bucks,Morrisville Boro,1  ,10  ,140  ,675,0,In Progress
Westmoreland,Washington Twp,14  ,41  ,55  ,674,16,In Progress
Monroe,Smithfield,8  ,40  ,189  ,672,2,In Progress
Bucks,Chalfont Boro,1  ,10  ,29  ,669,0,In Progress
Berks,Spring Twp,6  ,11  ,5  ,668,4,In Progress
Allegheny,Bellevue,17  ,42  ,20  ,666,26,In Progress
Allegheny,Wilkins,12  ,43  ,34  ,663,17,In Progress
Bucks,Wrightstown Twp,1  ,6  ,178  ,662,5,In Progress
Montgomery,Narberth Boro,5  ,17  ,148  ,659,5,In Progress
Schuylkill,Pottsville,9  ,29  ,123  ,656,28,In Progress
Cumberland,Monroe Twp,10  ,34  ,87  ,654,1,In Progress
Butler,Middlesex Twp,16  ,47  ,8  ,653,10,In Progress
Bucks,East Rockhill Twp,1  ,16  ,145  ,653,4,In Progress
Montgomery,Upper Pottsgrove Twp,4  ,24  ,147  ,652,10,In Progress
Allegheny,Hampton,17  ,38  ,30  ,651,19,In Progress
Lancaster,Elizabethtown Boro,11  ,36  ,98  ,651,1,In Progress
Butler,Buffalo Twp,16  ,21  ,11  ,650,5,In Progress
Philadelphia,Mn01,2  ,3  ,179  ,646,3,In Progress
Chester,E Vincent Twp,6  ,44  ,26  ,638,3,In Progress
Lackawanna,Moosic,8  ,22  ,118  ,638,0,In Progress
Butler,Jackson Twp,16  ,47  ,12  ,635,5,In Progress
Northampton,Moore Twsp,7  ,14  ,138  ,631,13,In Progress
York,Dover Twp,10  ,31  ,92  ,631,12,In Progress
Lebanon,North Cornwall Twp,9  ,48  ,101  ,631,2,In Progress
Northampton,East Allen Twsp,7  ,14  ,183  ,628,19,In Progress
Pike,Delaware Twp,8  ,20  ,189  ,626,1,In Progress
Cumberland,Lower Allen Twp,10  ,31  ,87  ,624,4,In Progress
Delaware,Brookhaven Boro,5  ,9  ,161  ,622,3,In Progress
Butler,Butler City,16  ,21  ,11  ,621,11,In Progress
Bucks,Springfield Twp,1  ,16  ,145  ,614,1,In Progress
Lebanon,Jackson Twp,9  ,48  ,102  ,610,0,In Progress
Franklin,Antrim Twp,13  ,33  ,90  ,606,68,In Progress
Westmoreland,Hempfield Twp,12  ,39  ,57  ,606,5,In Progress
Lancaster,Ephrata Twp,11  ,36  ,43  ,606,0,In Progress
Berks,South Heidelberg Twp,9  ,48  ,5  ,603,8,In Progress
Allegheny,Pittsburgh,12  ,38  ,21  ,601,20,In Progress
Allegheny,West View,17  ,38  ,20  ,600,24,In Progress
Berks,Maidencreek Twp,4  ,48  ,130  ,598,3,In Progress
Chester,Pennsbury Twp,6  ,9  ,160  ,594,8,In Progress
Bucks,Quakertown Boro,1  ,16  ,145  ,593,1,In Progress
York,Shrewsbury Twp,11  ,28  ,169  ,592,13,In Progress
Monroe,Polk,7  ,40  ,176  ,588,4,In Progress
Philadelphia,Mn01,5  ,8  ,191  ,583,2,In Progress
Allegheny,Findlay,17  ,37  ,44  ,581,18,In Progress
Chester,Caln Twp,6  ,44  ,155  ,581,8,In Progress
Pike,Palmyra Twp,8  ,20  ,139  ,579,1,In Progress
Pike,Lackawaxen Twp,8  ,20  ,139  ,579,0,In Progress
Allegheny,Edgewood,17  ,43  ,34  ,578,16,In Progress
Beaver,Aliquippa,17  ,47  ,16  ,577,3,In Progress
Chester,E Coventry Twp,6  ,44  ,26  ,573,10,In Progress
Northampton,Plainfield Twsp,7  ,18  ,138  ,573,8,In Progress
Allegheny,Carnegie,17  ,42  ,45  ,568,32,In Progress
York,Springfield Twp,11  ,28  ,93  ,568,6,In Progress
Monroe,East Stroudsburg,8  ,40  ,189  ,567,4,In Progress
Northampton,Nazareth Boro,7  ,18  ,137  ,560,16,In Progress
Delaware,Thornbury Twp,5  ,9  ,160  ,560,8,In Progress
Philadelphia,Mn01,3  ,8  ,185  ,560,4,In Progress
Washington,City Of Washington,14  ,46  ,48  ,558,11,In Progress
Berks,Reading,6  ,11  ,129  ,556,3,In Progress
Cumberland,Middlesex Twp,10  ,34  ,199  ,555,1,In Progress
Allegheny,Swissvale,12  ,43  ,34  ,554,10,In Progress
Wayne,Paupack Twp.,8  ,20  ,139  ,554,0,In Progress
Cumberland,Dickinson Twp,10  ,34  ,193  ,552,4,In Progress
York,Conewago Twp,10  ,31  ,47  ,551,14,In Progress
Montgomery,Ambler Boro,4  ,12  ,151  ,551,5,In Progress
Montgomery,West Norriton Twp,4  ,17  ,150  ,549,8,In Progress
Philadelphia,Mn01,5  ,1  ,185  ,546,7,In Progress
Bucks,New Hope Boro,1  ,10  ,29  ,546,0,In Progress
Allegheny,Crafton,17  ,42  ,27  ,544,10,In Progress
Delaware,Ridley Twp,5  ,26  ,161  ,543,2,In Progress
Philadelphia,Mn01,3  ,4  ,198  ,541,5,In Progress
Chester,N Coventry Twp,6  ,44  ,26  ,540,8,In Progress
Washington,Boro Of Canonsburg,14  ,46  ,46  ,538,24,In Progress
York,North Codorus Twp,11  ,28  ,196  ,538,18,In Progress
Lackawanna,Clarks Summit,8  ,22  ,114  ,537,0,In Progress
Montgomery,Lower Merion Twp,4  ,17  ,149  ,535,2,In Progress
Montgomery,Jenkintown Boro,4  ,4  ,154  ,534,10,In Progress
Bucks,Tinicum Twp,1  ,16  ,143  ,531,1,In Progress
Montgomery,Trappe Boro Boro,4  ,24  ,150  ,530,10,In Progress
Washington,Township Of Canton,14  ,46  ,15  ,529,14,In Progress
Lackawanna,Carbondale,8  ,40  ,112  ,529,1,In Progress
Mifflin,Derry Twp,13  ,30  ,85  ,528,4,In Progress
Berks,Exeter Twp,6  ,11  ,126  ,527,5,In Progress
Chester,W Pikeland Twp,6  ,44  ,167  ,527,2,In Progress
Northampton,Wilson Boro,7  ,18  ,136  ,526,6,In Progress
Allegheny,Churchill,17  ,43  ,34  ,520,9,In Progress
Westmoreland,Latrobe,14  ,39  ,59  ,518,14,In Progress
Allegheny,Greentree,17  ,42  ,27  ,515,20,In Progress
Lackawanna,Blakely,8  ,40  ,112  ,513,1,In Progress
Erie,North East Twp.,16  ,49  ,4  ,512,3,In Progress
Lancaster,Mount Joy Boro,11  ,36  ,98  ,511,7,In Progress
Wayne,Lake Twp.,8  ,40  ,139  ,511,4,In Progress
Westmoreland,Monessen,14  ,39  ,58  ,506,16,In Progress
Cumberland,New Cumberland Boro,10  ,31  ,88  ,504,6,In Progress
Indiana,Mn20,14  ,41  ,62  ,503,0,In Progress
Chester,New London Twp,6  ,19  ,13  ,499,5,In Progress
Columbia,Scott Twp,9  ,27  ,109  ,497,1,In Progress
Northampton,Hellertown Boro,7  ,18  ,136  ,496,8,In Progress
Northampton,Washington Twsp,7  ,18  ,138  ,496,7,In Progress
Lackawanna,Dickson City,8  ,22  ,114  ,496,0,In Progress
Westmoreland,Ligonier Twp,14  ,41  ,59  ,492,9,In Progress
Northampton,Upper Mt Bethel Twsp,7  ,18  ,138  ,488,11,In Progress
Butler,Zelienople Boro,16  ,47  ,12  ,486,11,In Progress
Chester,Downingtown Boro,6  ,19  ,155  ,484,4,In Progress
Lancaster,Cocalico East Twp,11  ,48  ,99  ,484,0,In Progress
Chester,Birmingham Twp,6  ,9  ,160  ,482,5,In Progress
Westmoreland,Salem Twp,14  ,39  ,55  ,479,15,In Progress
Montour,Mahoning Twp,9  ,27  ,108  ,479,12,In Progress
Franklin,Hamilton Twp,13  ,33  ,89  ,476,77,In Progress
Adams,Mt Joy Twp,13  ,33  ,91  ,475,4,In Progress
Chester,East Caln Twp,6  ,19  ,167  ,472,7,In Progress
Lancaster,Columbia Boro,11  ,36  ,41  ,471,0,In Progress
Montgomery,Collegeville Boro,4  ,24  ,150  ,470,2,In Progress
Lancaster,Manor Twp,11  ,13  ,41  ,468,0,In Progress
Westmoreland,Jeannette,12  ,39  ,56  ,467,19,In Progress
Monroe,Stroudsburg,8  ,40  ,189  ,467,3,In Progress
Berks,Robeson Twp,6  ,13  ,128  ,465,8,In Progress
Delaware,Chadds Ford Twp,5  ,9  ,160  ,464,2,In Progress
Delaware,Ridley Park Boro,5  ,26  ,162  ,463,5,In Progress
Lackawanna,Taylor,8  ,22  ,118  ,463,1,In Progress
Chester,E Nottingham Twnship,6  ,19  ,13  ,462,8,In Progress
Dauphin,East Hanover Twp,10  ,15  ,106   ,461,21,In Progress
York,Hopewell Twp,11  ,28  ,93  ,460,7,In Progress
Columbia,Bloomsburg,9  ,27  ,109  ,459,3,In Progress
Lancaster,Donegal East Twp,11  ,36  ,98  ,459,3,In Progress
Lebanon,Palmyra Boro,9  ,48  ,102  ,459,2,In Progress
Dauphin,Middletown,10  ,15  ,106   ,458,22,In Progress
Berks,Bern Twp,4  ,48  ,5  ,456,3,In Progress
Columbia,Berwick Boro,9  ,27  ,109  ,456,1,In Progress
Allegheny,Coraopolis,17  ,37  ,45  ,454,16,In Progress
Cumberland,West Pennsboro Twp,10  ,34  ,199  ,452,1,In Progress
Washington,Township Of Union,14  ,46  ,39  ,451,6,In Progress
Erie,Washington Twp,16  ,49  ,4  ,451,2,In Progress
Allegheny,Pittsburgh,12  ,43  ,38  ,448,7,In Progress
Allegheny,Sewickley,17  ,37  ,44  ,447,25,In Progress
Pike,Greene Twp,8  ,20  ,139  ,447,2,In Progress
Lackawanna,Scott Twp,8  ,22  ,114  ,446,1,In Progress
Chester,City Of Coatesville,6  ,19  ,74  ,445,8,In Progress
Westmoreland,E Huntingdon Twp,14  ,39  ,58  ,444,13,In Progress
York,Hellam Twp,11  ,28  ,47  ,444,11,In Progress
York,Jackson Twp,10  ,28  ,196  ,438,13,In Progress
Montgomery,Lower Frederick Twp,4  ,24  ,147  ,435,4,In Progress
Adams,Reading Twp,13  ,33  ,193  ,435,4,In Progress
Allegheny,Avalon,17  ,42  ,20  ,432,13,In Progress
Beaver,Mn04,17  ,47  ,15  ,432,4,In Progress
Bucks,Yardley Boro,1  ,10  ,31  ,432,1,In Progress
Montgomery,Upper Frederick Twp,4  ,24  ,147  ,430,6,In Progress
Washington,Twp. Of North Franklin,14  ,46  ,48  ,428,8,In Progress
Northampton,Moore Twsp,7  ,14  ,183  ,428,5,In Progress
Philadelphia,Mn01,2  ,1  ,197  ,426,1,In Progress
Philadelphia,Mn01,5  ,1  ,184  ,426,1,In Progress
Pike,Westfall Twp,8  ,20  ,139  ,422,0,In Progress
Berks,Reading,6  ,11  ,126  ,421,2,In Progress
Montgomery,Marlborough Twp,1  ,24  ,131  ,420,7,In Progress
Wayne,Salem Twp.,8  ,40  ,139  ,416,3,In Progress
Erie,Greene Twp,16  ,49  ,2  ,416,0,In Progress
Allegheny,Bridgeville,12  ,37  ,45  ,415,11,In Progress
Montgomery,Horsham Twp,4  ,12  ,151  ,413,9,In Progress
Bradford,Athens Twp,9  ,23  ,110  ,412,4,In Progress
Adams,Franklin Twp,13  ,33  ,91  ,410,2,In Progress
Allegheny,Harmar,17  ,38  ,33  ,408,10,In Progress
Delaware,Collingdale Boro,5  ,8  ,163  ,406,6,In Progress
Butler,Connoquenessing Twp,16  ,21  ,8  ,406,2,In Progress
Montgomery,Souderton Boro,1  ,12  ,53  ,402,11,In Progress
Adams,Mt Pleasant Twp,13  ,33  ,91  ,402,2,In Progress
Bedford,Bedford Twp,13  ,32  ,78  ,400,0,In Progress
Lackawanna,Olyphant,8  ,40  ,112  ,397,0,In Progress
Chester,Pocopson Twp,6  ,9  ,158  ,396,10,In Progress
Snyder,Monroe Twp,15  ,27  ,85  ,395,5,In Progress
Erie,Mckean Twp,16  ,49  ,4  ,395,2,In Progress
Lancaster,Clay Twp,11  ,48  ,37  ,395,1,In Progress
Berks,Washington Twp,4  ,24  ,130  ,394,2,In Progress
Lackawanna,Jessup,8  ,40  ,112  ,393,0,In Progress
York,Warrington Twp,10  ,31  ,92  ,391,12,In Progress
Adams,Gettysburg,13  ,33  ,91  ,391,2,In Progress
Beaver,Monaca Boro,17  ,47  ,16  ,391,1,In Progress
Butler,Jefferson Twp,16  ,21  ,11  ,390,7,In Progress
Clearfield,Lawrence Twp.,15  ,35  ,73  ,390,7,In Progress
Berks,Longswamp Twp,4  ,24  ,130  ,389,3,In Progress
Delaware,Darby Boro,5  ,8  ,191  ,388,9,In Progress
Delaware,Chester Heights Boro,5  ,9  ,160  ,388,7,In Progress
York,Franklin Twp,10  ,31  ,92  ,386,17,In Progress
Delaware,Glenolden Boro,5  ,26  ,162  ,385,5,In Progress
Monroe,Barrett,8  ,40  ,115  ,384,1,In Progress
Berks,Ruscombmanor Twp,4  ,11  ,130  ,382,3,In Progress
Philadelphia,Mn01,3  ,8  ,10  ,380,2,In Progress
Dauphin,Lower Swatara Twp,10  ,15  ,106   ,376,17,In Progress
Cumberland,Southampton Twp,13  ,34  ,193  ,375,6,In Progress
Lancaster,Earl West Twp,11  ,36  ,43  ,375,1,In Progress
Dauphin,Middle Paxton Twp,10  ,15  ,125  ,374,21,In Progress
Northampton,Hanover,7  ,14  ,137  ,372,10,In Progress
Philadelphia,Mn01,2  ,1  ,181  ,372,3,In Progress
Berks,Colebrookdale Twp,4  ,24  ,130  ,370,1,In Progress
Lackawanna,Jefferson,8  ,40  ,112  ,369,0,In Progress
Dauphin,Hummelstown,10  ,15  ,106   ,364,18,In Progress
Chester,London Britain Tnshp,6  ,9  ,13  ,363,3,In Progress
Monroe,Ross,8  ,40  ,176  ,362,5,In Progress
Wayne,Damascus Twp.,8  ,20  ,111  ,361,2,In Progress
York,New Freedom Boro,11  ,28  ,169  ,360,6,In Progress
Montgomery,Upper Salford Twp,4  ,24  ,147  ,360,4,In Progress
Cumberland,Lemoyne Boro,10  ,31  ,103  ,359,5,In Progress
Bucks,Sellersville Boro,1  ,16  ,143  ,358,0,In Progress
Allegheny,Stowe,17  ,42  ,45  ,356,21,In Progress
Butler,Lancaster Twp,16  ,47  ,8  ,352,7,In Progress
Westmoreland,Sewickley Twp,12  ,39  ,58  ,352,6,In Progress
York,Lower Windsor Twp,11  ,28  ,94  ,352,4,In Progress
Allegheny,Clairton,12  ,45  ,35  ,351,12,In Progress
Montgomery,Royersford Boro,4  ,44  ,146  ,351,4,In Progress
Erie,Girard Twp,16  ,49  ,4  ,351,3,In Progress
Beaver,Baden Boro,17  ,47  ,16  ,351,2,In Progress
Westmoreland,Mt Pleasant Twp,14  ,39  ,59  ,348,9,In Progress
Lebanon,South Annville Twp,9  ,48  ,98  ,344,3,In Progress
Beaver,Ambridge,17  ,47  ,16  ,344,2,In Progress
Lancaster,Leacock Upper Twp,11  ,13  ,43  ,342,1,In Progress
Franklin,Waynesboro Boro,13  ,33  ,90  ,340,63,In Progress
Lycoming,Old Lycoming Twp,15  ,23  ,84  ,340,4,In Progress
Lancaster,Brecknock Twp,11  ,48  ,99  ,340,0,In Progress
Bucks,Newtown Boro,1  ,10  ,31  ,339,0,In Progress
Berks,Shillington Boro,6  ,11  ,127  ,338,1,In Progress
Schuylkill,Wayne Twp,9  ,29  ,123  ,334,12,In Progress
Clinton,Lock Haven,15  ,25  ,76  ,333,3,In Progress
Lackawanna,Throop,8  ,22  ,112  ,332,1,In Progress
Adams,Littlestown,13  ,33  ,91  ,332,1,In Progress
Berks,Lower Heidelberg Twp,4  ,48  ,5  ,332,0,In Progress
Philadelphia,Mn01,3  ,7  ,201  ,331,5,In Progress
Philadelphia,Mn01,2  ,5  ,177  ,331,3,In Progress
Lancaster,Pequea Twp,11  ,13  ,97  ,330,1,In Progress
Lancaster,Providence Twp,11  ,13  ,100  ,330,0,In Progress
Butler,Penn Twp,16  ,21  ,8  ,329,6,In Progress
Chester,Malvern Boro,6  ,19  ,167  ,329,4,In Progress
Allegheny,Reserve,17  ,42  ,21  ,325,4,In Progress
Delaware,Aldan Boro,5  ,26  ,163  ,325,2,In Progress
Berks,Spring Twp,6  ,11  ,99  ,324,2,In Progress
Westmoreland,Scottdale,14  ,32  ,58  ,323,8,In Progress
Bucks,Nockamixon Twp,1  ,16  ,145  ,323,1,In Progress
Westmoreland,Manor,12  ,39  ,56  ,322,7,In Progress
Beaver,Beaver Falls,17  ,47  ,14  ,322,6,In Progress
Washington,Township Of Fallowfield,14  ,46  ,48  ,321,3,In Progress
Allegheny,Swissvale,17  ,43  ,34  ,320,8,In Progress
Snyder,Penn Twp,15  ,27  ,85  ,320,3,In Progress
Philadelphia,Mn01,3  ,1  ,195  ,319,4,In Progress
Beaver,North Sewickley Twp,17  ,47  ,14  ,319,2,In Progress
Chester,Thornbury Twp,6  ,9  ,160  ,318,7,In Progress
Lancaster,Millersville Boro,11  ,13  ,49  ,318,0,In Progress
Wayne,Honesdale Boro.,8  ,40  ,111  ,317,3,In Progress
Monroe,Price,8  ,40  ,115  ,317,1,In Progress
Washington,Township Of Nottingham,14  ,46  ,48  ,316,4,In Progress
Berks,Union Twp,6  ,44  ,128  ,314,3,In Progress
Carbon,Towamensing Twp,7  ,29  ,122  ,313,1,In Progress
Carbon,Jim Thorpe Boro,7  ,29  ,122  ,312,2,In Progress
Philadelphia,Mn01,2  ,2  ,197  ,312,1,In Progress
Delaware,Norwood Boro,5  ,8  ,162  ,310,3,In Progress
Berks,Wernersville Boro,9  ,48  ,5  ,309,4,In Progress
Delaware,Darby Twp,5  ,8  ,163  ,308,1,In Progress
Pike,Shohola Twp,8  ,20  ,139  ,308,0,In Progress
Franklin,Southampton Twp,13  ,33  ,81  ,307,55,In Progress
Lancaster,Earl Twp,11  ,36  ,43  ,307,1,In Progress
Berks,Brecknock Twp,6  ,13  ,99  ,306,3,In Progress
Berks,Douglass Twp,4  ,24  ,128  ,306,3,In Progress
Chester,Franklin Twp,6  ,9  ,13  ,305,2,In Progress
Chester,Londonderry Twp,6  ,19  ,13  ,304,1,In Progress
Westmoreland,Mt Pleasant Twp,14  ,39  ,58  ,302,4,In Progress
Allegheny,Aleppo,17  ,37  ,44  ,301,16,In Progress
Monroe,Ross,7  ,40  ,176  ,301,1,In Progress
Lebanon,Swatara Twp,9  ,48  ,102  ,300,0,In Progress
Wyoming,Tunkhannock Twp,9  ,20  ,110  ,299,0,In Progress
Union,Lewisburg Boro,15  ,23  ,76  ,297,6,In Progress
Lancaster,New Holland Boro,11  ,36  ,43  ,295,2,In Progress
Washington,Township Of Carroll,14  ,46  ,48  ,293,7,In Progress
Chester,Wallace Twp,6  ,44  ,155  ,292,2,In Progress
Bucks,Haycock Twp,1  ,16  ,145  ,292,0,In Progress
Berks,Cumru Twp,6  ,11  ,99  ,292,0,In Progress
Northampton,Lower Saucon Twsp,7  ,18  ,136  ,290,6,In Progress
Delaware,Sharon Hill Boro,5  ,8  ,162  ,287,3,In Progress
Carbon,Palmerton Boro,7  ,29  ,122  ,287,2,In Progress
Carbon,Lehighton Boro,7  ,29  ,122  ,287,0,In Progress
Carbon,Mahoning Twp,7  ,29  ,122  ,286,2,In Progress
Schuylkill,Pine Grove Twp,9  ,29  ,107  ,285,10,In Progress
Berks,Lower Alsace Twp,6  ,11  ,126  ,285,3,In Progress
Union,Kelly Twsp,15  ,23  ,76  ,284,16,In Progress
Allegheny,N Braddock,12  ,45  ,34  ,284,9,In Progress
Montgomery,Red Hill Boro,1  ,24  ,131  ,284,3,In Progress
Berks,Rockland Twp,4  ,24  ,130  ,284,2,In Progress
Allegheny,Duquesne,12  ,45  ,35  ,283,5,In Progress
Clearfield,Clearfield Boro,15  ,35  ,73  ,281,7,In Progress
Chester,Oxford Boro,6  ,19  ,13  ,281,1,In Progress
Bucks,Telford Boro,1  ,16  ,145  ,281,0,In Progress
Indiana,Center,14  ,41  ,62  ,280,2,In Progress
Mifflin,Lewistown Boro,13  ,30  ,171  ,279,70,In Progress
Erie,Girard Boro,16  ,49  ,4  ,279,1,In Progress
Schuylkill,West Brunswick Twp,9  ,29  ,124  ,278,8,In Progress
Allegheny,Turtle Creek,12  ,45  ,25  ,278,8,In Progress
Berks,Oley Twp,4  ,11  ,130  ,278,4,In Progress
Berks,Cumru Twp,6  ,11  ,127  ,278,2,In Progress
Monroe,Paradise,8  ,40  ,115  ,278,1,In Progress
Union,Buffalo Twsp,15  ,23  ,76  ,277,12,In Progress
Delaware,Prospect Park Boro,5  ,26  ,162  ,277,3,In Progress
Berks,Centre Twp,9  ,48  ,5  ,276,4,In Progress
York,Shrewsbury Boro,11  ,28  ,93  ,276,3,In Progress
Adams,Carroll Valley,13  ,33  ,91  ,276,1,In Progress
Jefferson,Punxsutawney Boro,15  ,41  ,66  ,274,8,In Progress
Northampton,Lower Mt Bethel,7  ,18  ,138  ,274,3,In Progress
Berks,Maxatawny Twp,4  ,11  ,124  ,274,1,In Progress
Butler,Forward Twp,16  ,47  ,8  ,271,3,In Progress
Bucks,New Britain Boro,1  ,10  ,29  ,271,1,In Progress
York,Chanceford Twp,11  ,28  ,94  ,270,6,In Progress
Montgomery,Bridgeport Boro,5  ,17  ,149  ,270,0,In Progress
Franklin,Quincy Twp,13  ,33  ,90  ,269,22,In Progress
Bradford,Sayre Boro,9  ,23  ,110  ,269,4,In Progress
Montgomery,North Wales Boro,4  ,24  ,61  ,269,1,In Progress
Montgomery,Upper Merion Twp,4  ,17  ,149  ,268,5,In Progress
Delaware,Clifton Heights Boro,5  ,26  ,163  ,267,11,In Progress
Northampton,Wind Gap Boro,7  ,18  ,138  ,267,2,In Progress
Adams,Germany Twp,13  ,33  ,91  ,266,2,In Progress
Beaver,Franklin Twp,17  ,47  ,14  ,265,6,In Progress
Lackawanna,Springbrook,8  ,40  ,113  ,264,0,In Progress
Allegheny,Mckees Rocks,17  ,42  ,45  ,263,12,In Progress
Westmoreland,Mt Pleasant Boro,14  ,39  ,58  ,263,4,In Progress
Allegheny,Ingram,17  ,42  ,27  ,262,5,In Progress
Erie,Law. Park Twp.,16  ,49  ,1  ,262,4,In Progress
Erie,Corry,16  ,21  ,4  ,262,3,In Progress
Berks,Alsace Twp,4  ,11  ,130  ,262,0,In Progress
Tioga,Charleston Twp,15  ,23  ,68  ,261,3,In Progress
Northampton,Bangor Boro,7  ,18  ,138  ,261,3,In Progress
Westmoreland,Irwin,12  ,39  ,56  ,260,8,In Progress
Monroe,Mount Pocono Boro,8  ,40  ,115  ,260,4,In Progress
Mifflin,Brown Twp,13  ,30  ,171  ,260,3,In Progress
Adams,Union Twp,13  ,33  ,91  ,259,3,In Progress
Chester,Sadsbury Twp,6  ,44  ,74  ,259,1,In Progress
Allegheny,Glassport,12  ,45  ,38  ,258,9,In Progress
Lycoming,South Williamsport,15  ,23  ,83  ,258,3,In Progress
Washington,Township Of Mt. Pleasant,14  ,46  ,46  ,257,4,In Progress
Northumberland,Sunbury City,9  ,27  ,108  ,256,5,In Progress
Delaware,Morton Boro,5  ,26  ,165  ,255,1,In Progress
Adams,Menallen Twp,13  ,33  ,193  ,255,0,In Progress
Erie,Edinboro,16  ,49  ,4  ,254,3,In Progress
Crawford,West Mead Twp 1,16  ,50  ,6  ,254,2,In Progress
Schuylkill,Tamaqua Boro,9  ,29  ,124  ,253,7,In Progress
Schuylkill,West Penn Twp,9  ,29  ,124  ,252,5,In Progress
Delaware,Folcroft Boro,5  ,8  ,162  ,252,4,In Progress
Dauphin,Londonderry Twp,10  ,15  ,106   ,251,9,In Progress
Lackawanna,Newton,8  ,22  ,118  ,251,0,In Progress
Mifflin,Granville Twp,13  ,30  ,171  ,251,0,In Progress
Northumberland,Ralpho Twp,9  ,27  ,107  ,250,4,In Progress
Crawford,Meadville City 1-2,16  ,50  ,6  ,250,1,In Progress
Butler,Winfield Twp,16  ,21  ,11  ,248,8,In Progress
Montgomery,Salford Twp,1  ,12  ,131  ,248,0,In Progress
Montgomery,Pennsburg Boro,1  ,24  ,131  ,247,6,In Progress
Berks,Sinking Spring Boro,6  ,11  ,129  ,247,2,In Progress
Berks,Hamburg Boro,9  ,48  ,124  ,247,0,In Progress
Schuylkill,North Manheim Twp,9  ,29  ,123  ,246,7,In Progress
Schuylkill,Rush Twp,9  ,29  ,124  ,244,11,In Progress
Crawford,Hayfield Twp,16  ,50  ,6  ,244,1,In Progress
Bedford,Bedford Boro,13  ,32  ,78  ,242,4,In Progress
Chester,Kennett Square Boro,6  ,9  ,158  ,241,3,In Progress
Lebanon,Annville Twp,9  ,48  ,102  ,240,3,In Progress
Northampton,North Catasauqua,7  ,14  ,183  ,239,3,In Progress
Philadelphia,Mn01,3  ,7  ,200  ,238,2,In Progress
Philadelphia,Mn01,3  ,7  ,198  ,238,2,In Progress
Allegheny,Aspinwall,17  ,38  ,33  ,237,10,In Progress
Berks,West Reading Boro,6  ,11  ,129  ,237,7,In Progress
Adams,Butler Twp,13  ,33  ,193  ,237,2,In Progress
Lebanon,Bethel Twp,9  ,48  ,102  ,237,0,In Progress
Adams,Latimore Twp,13  ,33  ,193  ,237,0,In Progress
Washington,Boro Of Donora,14  ,46  ,48  ,236,8,In Progress
Lancaster,East Petersburg Boro,11  ,36  ,96  ,236,1,In Progress
Snyder,Selinsgrove Boro,15  ,27  ,85  ,235,5,In Progress
Berks,Kutztown Boro,4  ,11  ,124  ,235,4,In Progress
Berks,Birdsboro Boro,6  ,44  ,128  ,235,1,In Progress
Dauphin,Steelton,10  ,15  ,104  ,234,13,In Progress
Crawford,Vernon Twp 2,16  ,50  ,6  ,234,2,In Progress
Lancaster,Martic Twp,11  ,13  ,100  ,233,0,In Progress
Butler,Seven Fields Boro,16  ,47  ,12  ,232,9,In Progress
Beaver,Harmony Twp,17  ,47  ,16  ,232,6,In Progress
Schuylkill,South Manheim Twp,9  ,29  ,124  ,231,3,In Progress
Westmoreland,Delmont,14  ,39  ,55  ,230,8,In Progress
Washington,City Of Monongahela,14  ,46  ,39  ,230,2,In Progress
Crawford,Sadsbury Twp,16  ,50  ,6  ,229,3,In Progress
Lancaster,Cocalico West Twp,11  ,48  ,99  ,229,0,In Progress
Allegheny,Springdal Br,17  ,38  ,33  ,228,14,In Progress
Montour,Danville Boro,9  ,27  ,108  ,225,2,In Progress
Bucks,Tullytown Boro,1  ,10  ,140  ,225,0,In Progress
York,Monaghan Twp,10  ,31  ,92  ,224,9,In Progress
Washington,Township Of Amwell,14  ,46  ,48  ,224,7,In Progress
Allegheny,Millvale,17  ,42  ,21  ,224,6,In Progress
Berks,Caernarvon Twp,6  ,13  ,128  ,224,3,In Progress
Indiana,Blairsville,14  ,41  ,62  ,223,1,In Progress
Westmoreland,South Huntingdon Twp,14  ,39  ,58  ,222,4,In Progress
Carbon,Franklin Twp,7  ,29  ,122  ,222,1,In Progress
Northampton,Bath Boro,7  ,14  ,183  ,221,6,In Progress
York,Manheim Twp,11  ,28  ,169  ,221,3,In Progress
Lancaster,Earl East Twp,11  ,13  ,99  ,221,2,In Progress
Lancaster,Strasburg Twp,11  ,13  ,100  ,221,1,In Progress
Northumberland,Coal Twp,9  ,27  ,107  ,220,8,In Progress
Northampton,Pen Argyl Boro,7  ,18  ,138  ,220,7,In Progress
Washington,Township Of Smith,14  ,46  ,15  ,220,3,In Progress
Montgomery,West Pottsgrove Twp,4  ,24  ,146  ,219,2,In Progress
Lancaster,Elizabeth Twp,11  ,36  ,37  ,219,0,In Progress
Lackawanna,Roaring Brook,8  ,40  ,113  ,219,0,In Progress
Lancaster,Manheim Boro,11  ,36  ,37  ,218,0,In Progress
Beaver,Daugherty Twp,17  ,47  ,14  ,217,2,In Progress
Beaver,South Beaver Twp,17  ,47  ,15  ,216,3,In Progress
Lycoming,Muncy Creek Twp,9  ,23  ,84  ,215,6,In Progress
Beaver,New Brighton Boro,17  ,47  ,14  ,215,0,In Progress
Berks,Greenwich Twp,4  ,48  ,124  ,215,0,In Progress
Indiana,Rayne,14  ,41  ,66  ,215,0,In Progress
Dauphin,Upper Paxton Twp,10  ,34  ,125  ,214,9,In Progress
Berks,Lower Heidelberg Twp,9  ,48  ,5  ,214,1,In Progress
Montgomery,Hatfield Boro,1  ,12  ,53  ,213,8,In Progress
Chester,E Nantmeal Twp,6  ,44  ,26  ,213,3,In Progress
Mifflin,Union Twp,13  ,30  ,171  ,213,1,In Progress
York,Red Lion Boro,11  ,28  ,94  ,212,5,In Progress
Juniata,Fermanagh,13  ,30  ,86  ,212,2,In Progress
Chester,S Coventry Twp,6  ,44  ,26  ,211,4,In Progress
Butler,Summit Twp,16  ,21  ,11  ,211,2,In Progress
Lebanon,Millcreek Twp,9  ,48  ,102  ,211,2,In Progress
Lackawanna,Moscow,8  ,40  ,113  ,211,0,In Progress
Lebanon,West Cornwall Twp,9  ,48  ,101  ,210,1,In Progress
Delaware,Darby Twp,5  ,8  ,162  ,210,0,In Progress
Butler,Slippery Rock Twp,16  ,21  ,17  ,209,10,In Progress
Allegheny,Edgeworth,17  ,37  ,44  ,208,6,In Progress
Erie,North East Boro,16  ,49  ,4  ,208,2,In Progress
Berks,Mohnton Boro,6  ,11  ,99  ,208,1,In Progress
Berks,Fleetwood Boro,4  ,11  ,130  ,207,0,In Progress
Erie,Springfield Twp,16  ,49  ,6  ,207,0,In Progress
Westmoreland,Trafford,12  ,39  ,56  ,206,11,In Progress
Allegheny,Tarentum,17  ,38  ,33  ,206,11,In Progress
Berks,Tilden Twp,9  ,48  ,124  ,206,7,In Progress
Clarion,Clarion Boro,15  ,21  ,63  ,206,3,In Progress
Lycoming,Montoursville Boro,9  ,23  ,84  ,205,2,In Progress
Lancaster,Mountville Boro,11  ,36  ,41  ,205,1,In Progress
Lackawanna,Madison,8  ,40  ,113  ,205,0,In Progress
Berks,Richmond Twp,4  ,11  ,130  ,205,0,In Progress
Franklin,Greencastle Boro,13  ,33  ,90  ,204,23,In Progress
Lancaster,Conestoga Twp,11  ,13  ,97  ,204,0,In Progress
Erie,Waterford Twp.,16  ,49  ,4  ,203,1,In Progress
Bedford,West Providence Twp,13  ,32  ,78  ,203,1,In Progress
Adams,Hamilton Twp,13  ,33  ,193  ,203,0,In Progress
Lancaster,Akron Boro,11  ,36  ,43  ,203,0,In Progress
York,Codorus Twp,11  ,28  ,169  ,202,6,In Progress
Westmoreland,Arnold,14  ,41  ,55  ,200,9,In Progress
Dauphin,Conewago Twp,10  ,15  ,106   ,200,8,In Progress
Allegheny,Port Vue,12  ,45  ,35  ,198,8,In Progress
Schuylkill,Butler Twp,9  ,29  ,123  ,198,6,In Progress
Jefferson,Brookville Boro,15  ,25  ,66  ,198,5,In Progress
Berks,Boyertown Boro,4  ,24  ,130  ,197,2,In Progress
Elk,Fox Twp,15  ,25  ,75  ,196,3,In Progress
Cumberland,Shippensburg Boro,13  ,34  ,193  ,196,1,In Progress
York,Paradise Twp,11  ,28  ,196  ,196,1,In Progress
Bedford,St. Clair Twp East,13  ,32  ,78  ,196,0,In Progress
Allegheny,Etna,17  ,38  ,21  ,195,1,In Progress
Indiana,Burrell,14  ,41  ,62  ,195,0,In Progress
Tioga,Wellsboro Boro,15  ,23  ,68  ,194,6,In Progress
Allegheny,Forward,12  ,45  ,39  ,194,5,In Progress
Montgomery,East Greenville Boro,1  ,24  ,131  ,194,4,In Progress
Westmoreland,Vandergrift,14  ,41  ,60  ,194,2,In Progress
Monroe,Eldred,7  ,40  ,176  ,194,1,In Progress
Allegheny,Cheswick,17  ,38  ,33  ,193,6,In Progress
Montgomery,Rockledge Boro,4  ,4  ,153  ,193,3,In Progress
Allegheny,Crescent,17  ,37  ,44  ,192,8,In Progress
Chester,Spring City Boro,6  ,44  ,26  ,192,6,In Progress
Indiana,Armstrong,14  ,41  ,62  ,192,1,In Progress
Allegheny,Emsworth,17  ,42  ,30  ,190,7,In Progress
Schuylkill,Orwigsburg Boro,9  ,29  ,124  ,190,6,In Progress
Crawford,Meadville City 2-3,16  ,50  ,6  ,190,2,In Progress
Berks,Windsor Twp,9  ,48  ,124  ,189,2,In Progress
Beaver,Ohioville Boro,17  ,47  ,15  ,189,1,In Progress
Washington,Twp. Of South Franklin,14  ,46  ,48  ,189,1,In Progress
Clinton,Pine Creek Twp,15  ,25  ,76  ,189,0,In Progress
Lancaster,Salisbury Twp,11  ,13  ,100  ,189,0,In Progress
York,North Hopewell Twp,11  ,28  ,93  ,188,3,In Progress
Schuylkill,Minersville Boro,9  ,29  ,123  ,187,5,In Progress
Washington,Boro Of Centerville,14  ,46  ,50  ,187,2,In Progress
Berks,Laureldale Boro,4  ,11  ,126  ,187,1,In Progress
Chester,Warwick Twp,6  ,44  ,26  ,186,0,In Progress
Westmoreland,Youngwood,14  ,39  ,57  ,185,9,In Progress
Carbon,Nesquehoning Boro,7  ,29  ,122  ,185,2,In Progress
Butler,Franklin Twp,16  ,21  ,8  ,185,1,In Progress
Clinton,Woodward Twp,15  ,25  ,76  ,185,0,In Progress
Wayne,Berlin Twp.,8  ,20  ,111  ,185,0,In Progress
Montgomery,Telford Boro,1  ,12  ,53  ,184,6,In Progress
Northumberland,Milton Boro,9  ,27  ,108  ,184,4,In Progress
Dauphin,Halifax Twp,10  ,34  ,125  ,184,2,In Progress
Lycoming,Fairfield Twp,9  ,23  ,84  ,184,0,In Progress
Susquehanna,Bridgewater Twp,9  ,20  ,111  ,183,13,In Progress
Lackawanna,Waverly,8  ,22  ,114  ,183,0,In Progress
Schuylkill,Schuylkill Haven Boro,9  ,29  ,123  ,182,7,In Progress
Westmoreland,S Greensburg,14  ,39  ,57  ,182,4,In Progress
Bucks,Dublin Boro,1  ,16  ,143  ,182,1,In Progress
Lackawanna,Clarks Green,8  ,22  ,114  ,182,0,In Progress
Franklin,St. Thomas Twp,13  ,33  ,81  ,181,36,In Progress
Washington,Boro Of California,14  ,46  ,50  ,181,7,In Progress
Allegheny,Braddock Hl,17  ,43  ,34  ,181,2,In Progress
Union,White Deer Twsp,15  ,23  ,83  ,180,4,In Progress
Elk,Ridgway Boro,15  ,25  ,75  ,180,3,In Progress
Allegheny,Springdal Tp,17  ,38  ,33  ,179,5,In Progress
Butler,Clinton Twp,16  ,21  ,11  ,179,5,In Progress
Allegheny,Ben Avon,17  ,42  ,30  ,179,3,In Progress
Delaware,Chester Twp,5  ,9  ,161  ,179,0,In Progress
Cumberland,Wormleysburg Boro,10  ,34  ,103  ,179,0,In Progress
Lycoming,Wolf Twp,9  ,23  ,84  ,178,3,In Progress
Northumberland,Point Twp,9  ,27  ,108  ,178,2,In Progress
Berks,Hereford Twp,4  ,24  ,130  ,178,1,In Progress
Franklin,Montgomery Twp,13  ,33  ,90  ,177,34,In Progress
Dauphin,Lower Swatara Twp,10  ,15  ,104  ,177,6,In Progress
Allegheny,Sharpsburg,17  ,38  ,33  ,177,6,In Progress
Northumberland,Mount Carmel Boro,9  ,27  ,107  ,177,2,In Progress
Beaver,Raccoon Twp,17  ,47  ,15  ,177,2,In Progress
Beaver,Hanover Twp,17  ,46  ,15  ,177,0,In Progress
Tioga,Delmar Twp,15  ,23  ,68  ,176,3,In Progress
Carbon,Lansford Boro,7  ,29  ,122  ,176,3,In Progress
Beaver,Rochester Twp,17  ,47  ,16  ,175,1,In Progress
Crawford,Meadville City 2-2,16  ,50  ,6  ,175,1,In Progress
Carbon,Lower Towamensing Twp.,7  ,29  ,122  ,175,1,In Progress
Westmoreland,Ligonier,14  ,41  ,59  ,174,2,In Progress
Wayne,Lehigh Twp.,8  ,40  ,139  ,174,1,In Progress
Lancaster,Denver Boro,11  ,48  ,99  ,174,0,In Progress
Bedford,Napier Twp,13  ,32  ,78  ,174,0,In Progress
Allegheny,Bell Acres,17  ,37  ,44  ,173,7,In Progress
Allegheny,Baldwin Tp,17  ,45  ,42  ,173,5,In Progress
Bucks,Langhorne Boro,1  ,6  ,142  ,173,1,In Progress
Berks,Womelsdorf Boro,9  ,48  ,5  ,173,1,In Progress
Wayne,Texas Twp.,8  ,40  ,111  ,173,0,In Progress
Lancaster,Drumore East Twp,11  ,13  ,100  ,173,0,In Progress
Montour,Valley Twp,9  ,27  ,108  ,172,5,In Progress
Allegheny,Homestead,12  ,45  ,35  ,171,8,In Progress
Union,Mifflinburg Boro,15  ,23  ,76  ,171,3,In Progress
Chester,Lower Oxford Twnship,6  ,19  ,13  ,170,6,In Progress
Berks,Ontelaunee Twp,4  ,48  ,5  ,170,3,In Progress
Crawford,South Shenango Twp,16  ,50  ,6  ,170,2,In Progress
Crawford,Vernon Twp 3,16  ,50  ,6  ,170,0,In Progress
Schuylkill,Frackville Boro,9  ,29  ,123  ,169,7,In Progress
Adams,Berwick Twp,13  ,33  ,193  ,169,1,In Progress
Berks,Jefferson Twp,9  ,48  ,5  ,169,0,In Progress
Dauphin,Millersburg,10  ,34  ,125  ,168,9,In Progress
York,Peach Bottom Twp,11  ,28  ,94  ,168,8,In Progress
Delaware,Rose Valley Boro,5  ,9  ,161  ,168,8,In Progress
Washington,Boro Of Bentleyville,14  ,46  ,50  ,168,8,In Progress
Schuylkill,Washington Twp,9  ,29  ,107  ,168,1,In Progress
Carbon,East Penn Twp,7  ,29  ,122  ,167,1,In Progress
Lackawanna,Jermyn,8  ,40  ,112  ,167,0,In Progress
Bedford,Snake Spring Twp,13  ,32  ,78  ,166,0,In Progress
York,Heidelberg Twp,11  ,28  ,196  ,164,9,In Progress
Allegheny,Brackenridge,17  ,38  ,33  ,164,6,In Progress
Crawford,West Mead Twp 2,16  ,50  ,6  ,164,2,In Progress
Allegheny,W Homestead,12  ,45  ,35  ,164,2,In Progress
Washington,Township Of Somerset,14  ,46  ,48  ,164,1,In Progress
York,Dillsburg Boro,10  ,31  ,92  ,163,7,In Progress
York,Dallastown Boro,11  ,28  ,93  ,162,6,In Progress
Berks,Marion Twp,9  ,48  ,5  ,162,1,In Progress
Berks,Penn Twp,9  ,48  ,5  ,162,0,In Progress
Erie,Venango Twp,16  ,49  ,4  ,162,0,In Progress
Westmoreland,West Newton,14  ,39  ,58  ,161,5,In Progress
Chester,Parkesburg Boro,6  ,44  ,74  ,160,4,In Progress
York,Washington Twp,10  ,31  ,92  ,160,3,In Progress
Lancaster,Leacock Twp,11  ,13  ,43  ,160,2,In Progress
Clinton,Lamar Twp,15  ,25  ,76  ,160,2,In Progress
Bucks,Penndel Boro,1  ,6  ,142  ,160,1,In Progress
Cumberland,Penn Twp,10  ,34  ,193  ,160,0,In Progress
York,Manchester Boro,10  ,31  ,47  ,159,2,In Progress
Pike,Milford Twp,8  ,20  ,139  ,159,1,In Progress
Lancaster,Strasburg Boro,11  ,13  ,100  ,159,1,In Progress
Allegheny,Mt Oliver,12  ,43  ,36  ,158,1,In Progress
Lackawanna,Benton,8  ,22  ,114  ,158,0,In Progress
Columbia,Briarcreek Twp,9  ,27  ,109  ,158,0,In Progress
Carbon,Summit Hill Boro,7  ,29  ,122  ,157,1,In Progress
Lebanon,East Hanover Twp,9  ,48  ,102  ,156,0,In Progress
Westmoreland,Upper Burrell Twp,14  ,41  ,55  ,155,7,In Progress
Clearfield,Pike Twp,15  ,35  ,75  ,155,1,In Progress
Erie,Wesleyville Boro,16  ,49  ,2  ,155,1,In Progress
Berks,Earl Twp,4  ,24  ,130  ,155,1,In Progress
Beaver,Rochester Boro,17  ,47  ,16  ,155,0,In Progress
Crawford,Titusville City 1,16  ,50  ,64  ,154,2,In Progress
Butler,Clearfield Twp,16  ,21  ,11  ,153,2,In Progress
Lebanon,Heidelberg Twp,9  ,48  ,102  ,153,1,In Progress
Union,West Buffalo,15  ,23  ,76  ,152,2,In Progress
Allegheny,Fawn,17  ,38  ,33  ,151,5,In Progress
Washington,Boro Of Charleroi,14  ,46  ,50  ,151,5,In Progress
Wayne,Clinton Twp.,8  ,20  ,111  ,151,2,In Progress
Lancaster,Caernarvon Twp,11  ,13  ,99  ,151,1,In Progress
Clarion,Clarion Twp,15  ,21  ,63  ,151,0,In Progress
Allegheny,Verona,17  ,43  ,32  ,151,0,In Progress
Elk,Jay Twp,15  ,25  ,75  ,150,3,In Progress
Beaver,Conway,17  ,47  ,16  ,150,2,In Progress
Jefferson,Snyder Twp,15  ,25  ,66  ,150,2,In Progress
Westmoreland,Cook Twp,14  ,39  ,59  ,149,4,In Progress
York,Jackson Twp,11  ,28  ,196  ,149,2,In Progress
Northampton,Freemansburg,7  ,18  ,136  ,149,1,In Progress
Berks,Bethel Twp,9  ,48  ,5  ,149,0,In Progress
Wayne,Mount Pleasant Twp.,8  ,20  ,111  ,148,3,In Progress
Allegheny,Leet,17  ,37  ,44  ,148,2,In Progress
Chester,W Nantmeal Twp,6  ,44  ,26  ,148,1,In Progress
Butler,Slippery Rock Boro,16  ,21  ,17  ,148,1,In Progress
Bucks,Durham Twp,1  ,16  ,145  ,147,5,In Progress
Schuylkill,Saint Clair Boro,9  ,29  ,123  ,147,3,In Progress
Beaver,Midland Boro,17  ,47  ,15  ,147,2,In Progress
Westmoreland,Derry Twp,14  ,41  ,55  ,147,2,In Progress
Chester,Elverson Boro,6  ,44  ,26  ,147,1,In Progress
Franklin,Peters Twp,13  ,33  ,90  ,146,13,In Progress
Chester,W Fallowfield Twnshp,6  ,19  ,13  ,146,0,In Progress
Allegheny,Bradfordwood,17  ,37  ,28  ,145,7,In Progress
Berks,Mt Penn Boro,6  ,11  ,126  ,144,2,In Progress
Lackawanna,Covington,8  ,40  ,113  ,144,1,In Progress
Lycoming,Hepburn Twp,15  ,23  ,84  ,144,0,In Progress
Adams,Mcsherrystown,13  ,33  ,91  ,143,4,In Progress
Erie,Lake City Boro,16  ,49  ,4  ,143,1,In Progress
Beaver,Patterson Twp,17  ,47  ,14  ,142,0,In Progress
Susquehanna,Clifford Twp,9  ,20  ,111  ,141,10,In Progress
Schuylkill,Norwegian Twp,9  ,29  ,123  ,141,3,In Progress
Wayne,Cherry Ridge Twp.,8  ,40  ,139  ,141,2,In Progress
Juniata,Fayette,13  ,30  ,85  ,141,0,In Progress
Indiana,Green,14  ,41  ,66  ,141,0,In Progress
York,West York Boro,10  ,31  ,95  ,140,5,In Progress
Allegheny,Liberty,12  ,45  ,35  ,140,4,In Progress
Westmoreland,Bell Twp,14  ,41  ,55  ,140,2,In Progress
Lackawanna,Mayfield,8  ,40  ,112  ,140,0,In Progress
Delaware,Tinicum Twp,5  ,8  ,185  ,139,2,In Progress
York,East Hopewell Twp,11  ,28  ,93  ,138,4,In Progress
Northampton,Walnutport Boro,7  ,14  ,183  ,138,3,In Progress
Montgomery,West Conshohocken Boro,4  ,17  ,149  ,138,2,In Progress
Wayne,Dyberry Twp.,8  ,20  ,111  ,138,0,In Progress
Butler,Mars Boro,16  ,47  ,12  ,137,5,In Progress
Crawford,Woodcock Twp,16  ,50  ,65  ,137,1,In Progress
Lancaster,Quarryville Boro,11  ,13  ,100  ,137,0,In Progress
Clearfield,Curwensville Boro,15  ,35  ,75  ,136,2,In Progress
Chester,W Sadsbury Twp,6  ,44  ,74  ,135,4,In Progress
Cameron,Shippen Twp,15  ,25  ,67  ,135,2,In Progress
Lebanon,Union Twp,9  ,48  ,102  ,135,1,In Progress
Adams,Hamiltonban Twp,13  ,33  ,91  ,135,1,In Progress
Berks,Kenhorst Boro,6  ,11  ,127  ,135,0,In Progress
Lancaster,Marietta Boro,11  ,36  ,98  ,134,2,In Progress
Erie,Elk Creek Twp,16  ,49  ,6  ,134,0,In Progress
Dauphin,Penbrook Boro,10  ,15  ,105   ,133,12,In Progress
Northumberland,Shamokin City,9  ,27  ,107  ,133,4,In Progress
Bradford,Athens Boro,9  ,23  ,110  ,133,1,In Progress
Lebanon,North Annville Twp,9  ,48  ,102  ,133,1,In Progress
Lackawanna,Greenfield,8  ,22  ,114  ,133,0,In Progress
Columbia,Hemlock Twp,9  ,27  ,109  ,132,2,In Progress
Lancaster,Little Britain Twp,11  ,13  ,100  ,132,0,In Progress
Schuylkill,West Mahanoy Twp,9  ,29  ,123  ,131,3,In Progress
Mifflin,Armagh Twp,13  ,30  ,171  ,131,0,In Progress
Westmoreland,New Stanton,14  ,39  ,57  ,130,3,In Progress
Lancaster,Conoy Twp,11  ,36  ,98  ,130,0,In Progress
Lancaster,Paradise Twp,11  ,13  ,100  ,130,0,In Progress
Delaware,Parkside Boro,5  ,9  ,159  ,129,0,In Progress
Schuylkill,Hegins Twp,9  ,29  ,107  ,128,10,In Progress
Columbia,Mifflin Twp,9  ,27  ,109  ,128,1,In Progress
Indiana,Conemaugh,14  ,41  ,62  ,128,0,In Progress
Bucks,Bridgeton Twp,1  ,16  ,145  ,128,0,In Progress
Allegheny,E Mckeesport,12  ,45  ,25  ,127,8,In Progress
Crawford,North Shenango Twp,16  ,50  ,6  ,127,3,In Progress
Butler,Oakland Twp,16  ,21  ,11  ,127,2,In Progress
Pike,Milford Boro,8  ,20  ,139  ,127,2,In Progress
Lycoming,Jersey Shore Boro,15  ,23  ,84  ,127,0,In Progress
Wayne,South Canaan Twp.,8  ,40  ,139  ,126,2,In Progress
Beaver,Greene Twp,17  ,47  ,15  ,126,2,In Progress
Allegheny,West Mifflin,12  ,45  ,35  ,125,6,In Progress
Lackawanna,Glenburn,8  ,22  ,118  ,125,0,In Progress
Pike,Matamoras Boro,8  ,20  ,139  ,125,0,In Progress
Northumberland,Mount Carmel Twp,9  ,27  ,107  ,124,4,In Progress
Westmoreland,North Belle Vernon,14  ,39  ,58  ,124,0,In Progress
Dauphin,Highspire,10  ,15  ,104  ,123,8,In Progress
Northumberland,Northumberland Boro,9  ,27  ,108  ,123,5,In Progress
Northumberland,Delaware Twp,9  ,27  ,108  ,123,4,In Progress
Columbia,North Centre,9  ,27  ,109  ,123,0,In Progress
Lackawanna,Fell Twp,8  ,40  ,112  ,123,0,In Progress
Wyoming,Eaton Twp,9  ,20  ,110  ,123,0,In Progress
Northampton,Roseto Boro,7  ,18  ,138  ,122,2,In Progress
Elk,Ridgway Twp,15  ,25  ,75  ,121,3,In Progress
Allegheny,Dravosburg,12  ,45  ,38  ,120,8,In Progress
Northumberland,Riverside Boro,9  ,27  ,108  ,120,4,In Progress
Allegheny,Pitcairn,12  ,45  ,25  ,120,3,In Progress
Allegheny,Blawnox,17  ,38  ,33  ,120,2,In Progress
Montour,Liberty Twp,9  ,27  ,108  ,120,1,In Progress
Lycoming,Eldred Twp,9  ,23  ,84  ,120,0,In Progress
Westmoreland,Donegal Twp,14  ,39  ,59  ,119,4,In Progress
Tioga,Richmond Twp,15  ,23  ,68  ,119,3,In Progress
Carbon,Kidder Twp,7  ,29  ,122  ,119,3,In Progress
Schuylkill,Mahanoy City Boro,9  ,29  ,116  ,119,2,In Progress
Adams,Huntington Twp,13  ,33  ,193  ,119,0,In Progress
Allegheny,Oakdale,17  ,37  ,46  ,118,5,In Progress
Chester,Newlin Twp,6  ,19  ,158  ,118,1,In Progress
Lackawanna,Clifton,8  ,40  ,113  ,118,0,In Progress
Erie,Conneaut Twp,16  ,49  ,6  ,118,0,In Progress
Clarion,Monroe Twp.,15  ,21  ,63  ,117,3,In Progress
Clearfield,Morris Twp.,15  ,35  ,73  ,117,2,In Progress
Indiana,Cherryhill,14  ,41  ,62  ,117,0,In Progress
Snyder,Middlecreek Twp,15  ,27  ,85  ,117,0,In Progress
Susquehanna,Lenox Twp,9  ,20  ,111  ,116,5,In Progress
Butler,Saxonburg Boro,16  ,21  ,11  ,116,4,In Progress
Westmoreland,Fairfield Twp,14  ,41  ,59  ,116,3,In Progress
Clarion,Farmington Twp,15  ,21  ,63  ,116,1,In Progress
Mifflin,Decatur Twp,13  ,30  ,85  ,116,1,In Progress
York,Fawn Twp,11  ,28  ,93  ,115,4,In Progress
Jefferson,Winslow Twp,15  ,25  ,66  ,115,1,In Progress
Indiana,East Wheatfield,14  ,41  ,62  ,115,0,In Progress
Westmoreland,S W Greensburg,14  ,39  ,57  ,114,4,In Progress
Washington,Township Of Buffalo,14  ,46  ,15  ,114,3,In Progress
Butler,Valencia Boro,16  ,47  ,12  ,114,2,In Progress
York,Spring Grove Boro,11  ,28  ,196  ,114,2,In Progress
Erie,Greenfield Twp,16  ,49  ,4  ,114,0,In Progress
Berks,Heidelberg Twp,9  ,48  ,5  ,114,0,In Progress
Jefferson,Young Twp,15  ,41  ,66  ,113,1,In Progress
Dauphin,Jackson Twp,10  ,34  ,125  ,112,5,In Progress
Berks,Topton Boro,4  ,24  ,130  ,112,0,In Progress
Schuylkill,Branch Twp,9  ,29  ,123  ,111,3,In Progress
Crawford,Summit Twp,16  ,50  ,6  ,111,2,In Progress
Wyoming,Falls Twp,9  ,20  ,110  ,111,0,In Progress
Butler,Muddycreek Twp,16  ,21  ,8  ,110,3,In Progress
Clinton,Bald Eagle Twp,15  ,25  ,76  ,110,1,In Progress
Wayne,Dreher Twp.,8  ,40  ,139  ,110,0,In Progress
Washington,Boro Of New Eagle,14  ,46  ,39  ,109,1,In Progress
Cumberland,Hopewell Twp,13  ,34  ,199  ,109,1,In Progress
Schuylkill,Coaldale Boro,9  ,29  ,124  ,109,1,In Progress
Northumberland,Shamokin Twp,9  ,27  ,107  ,109,1,In Progress
Indiana,Washington,14  ,41  ,62  ,109,0,In Progress
Lebanon,Cleona Boro,9  ,48  ,102  ,109,0,In Progress
Schuylkill,East Union Twp,9  ,29  ,116  ,108,7,In Progress
Elk,Johnsonburg Boro,15  ,25  ,75  ,108,4,In Progress
Northumberland,Kulpmont Boro,9  ,27  ,107  ,108,3,In Progress
Clearfield,Decatur Twp.,15  ,35  ,73  ,108,2,In Progress
Beaver,Independence Twp,17  ,46  ,15  ,108,2,In Progress
Snyder,Shamokin Dam Boro,15  ,27  ,85  ,108,0,In Progress
Washington,Twp. Of North Bethlehem,14  ,46  ,50  ,108,0,In Progress
Juniata,Milford,13  ,30  ,86  ,107,2,In Progress
Crawford,Titusville City 3,16  ,50  ,64  ,107,2,In Progress
Lancaster,Colerain Twp,11  ,13  ,100  ,107,0,In Progress
Berks,Pike Twp,4  ,24  ,130  ,107,0,In Progress
Erie,Franklin Twp,16  ,49  ,4  ,106,0,In Progress
Washington,Boro Of East Washington,14  ,46  ,48  ,105,2,In Progress
Chester,W Grove Boro,6  ,9  ,13  ,105,1,In Progress
Beaver,Big Beaver,17  ,47  ,14  ,105,1,In Progress
Lackawanna,Dalton,8  ,22  ,118  ,105,0,In Progress
Beaver,Vanport,17  ,47  ,15  ,104,2,In Progress
Wayne,Sterling Twp.,8  ,40  ,139  ,104,2,In Progress
Indiana,West Wheatfield,14  ,41  ,62  ,104,2,In Progress
Crawford,(Empty),16  ,50  ,6  ,104,1,In Progress
Allegheny,Sewickley Ht,17  ,37  ,44  ,103,7,In Progress
Allegheny,Braddock,12  ,45  ,34  ,103,5,In Progress
Washington,Township Of Carroll,14  ,46  ,39  ,103,3,In Progress
Bedford,Hopewell Twp,13  ,32  ,78  ,103,2,In Progress
Chester,W Nottingham,6  ,19  ,13  ,103,1,In Progress
Butler,Clay Twp,16  ,21  ,8  ,103,1,In Progress
Berks,Robesonia Boro,9  ,48  ,5  ,103,0,In Progress
Northumberland,West Chillisquaque Twp,9  ,27  ,108  ,102,4,In Progress
York,Hallam Boro,11  ,28  ,47  ,102,4,In Progress
Clearfield,Cooper Twp.,15  ,35  ,73  ,102,3,In Progress
Schuylkill,Shenandoah Boro,9  ,29  ,116  ,102,1,In Progress
Cumberland,Shippensburg Twp,13  ,34  ,193  ,102,1,In Progress
Indiana,Blacklick,14  ,41  ,62  ,102,0,In Progress
Bradford,Ridgebury Twp,9  ,23  ,68  ,102,0,In Progress
Jefferson,Bell Twp,15  ,41  ,66  ,101,2,In Progress
Clearfield,Bradford Twp.,15  ,35  ,73  ,101,1,In Progress
Bradford,Towanda Boro,9  ,23  ,110  ,101,0,In Progress
Wyoming,Tunkhannock Boro,9  ,20  ,110  ,101,0,In Progress
Wyoming,Overfield Twp,9  ,20  ,110  ,101,0,In Progress
Butler,Fairview Twp,16  ,21  ,17  ,101,0,In Progress
Franklin,Letterkenny Twp,13  ,33  ,81  ,100,13,In Progress
Schuylkill,Port Carbon Boro,9  ,29  ,123  ,100,4,In Progress
Erie,Union Twp,16  ,49  ,4  ,100,1,In Progress
Dauphin,Washington Twp,10  ,34  ,125  ,100,1,In Progress
Susquehanna,Silver Lake Twp,9  ,20  ,111  ,100,1,In Progress
Bedford,St. Clair Twp West,13  ,32  ,78  ,100,0,In Progress
Columbia,Greenwood Twp,9  ,27  ,109  ,100,0,In Progress
Westmoreland,Derry,14  ,41  ,59  ,99,4,In Progress
Chester,Elk Twp,6  ,19  ,13  ,99,3,In Progress
Cumberland,Mt. Holly Springs Boro,10  ,34  ,87  ,99,0,In Progress
Crawford,Meadville City 1-1,16  ,50  ,6  ,99,0,In Progress
Allegheny,Kilbuck,17  ,37  ,30  ,99,0,In Progress
Cumberland,Shiremanstown Boro,10  ,31  ,88  ,99,0,In Progress
Montgomery,Schwenksville Boro,4  ,24  ,70  ,99,0,In Progress
Susquehanna,Auburn Twp,9  ,20  ,111  ,98,8,In Progress
Susquehanna,Montrose Boro,9  ,20  ,111  ,98,5,In Progress
Clearfield,Woodward Twp.,15  ,35  ,73  ,98,2,In Progress
Beaver,Industry Boro,17  ,47  ,15  ,98,1,In Progress
Northumberland,Upper Augusta Twp,9  ,27  ,108  ,98,1,In Progress
Lebanon,Myerstown Boro,9  ,48  ,102  ,98,0,In Progress
Washington,Township Of Donegal,14  ,46  ,15  ,98,0,In Progress
Indiana,Homer City,14  ,41  ,62  ,98,0,In Progress
Berks,Albany Twp,9  ,48  ,124  ,97,1,In Progress
Bradford,"Towanda Twp, North",9  ,23  ,68  ,97,1,In Progress
Chester,Upper Oxford Twnship,6  ,19  ,13  ,97,1,In Progress
Schuylkill,East Brunswick Twp,9  ,29  ,124  ,96,7,In Progress
Washington,Township Of Hanover,14  ,46  ,15  ,96,2,In Progress
Allegheny,Frazer,17  ,38  ,33  ,96,2,In Progress
Erie,Union City Boro,16  ,49  ,4  ,96,1,In Progress
Washington,Boro Of Speers,14  ,46  ,50  ,96,1,In Progress
Carbon,Weatherly Boro,7  ,29  ,122  ,96,0,In Progress
Schuylkill,Cass Twp,9  ,29  ,123  ,95,1,In Progress
Chester,S Coatesville Boro,6  ,19  ,74  ,95,1,In Progress
Lycoming,Woodward Twp,15  ,23  ,84  ,95,0,In Progress
Cumberland,Lower Frankford Twp,10  ,34  ,199  ,94,3,In Progress
Clearfield,Boggs Twp,15  ,35  ,73  ,94,1,In Progress
Philadelphia,Mn01,5  ,8  ,186  ,94,1,In Progress
Clarion,Paint Twp.,15  ,21  ,63  ,94,1,In Progress
Crawford,Bloomfield Twp,16  ,50  ,65  ,94,1,In Progress
Crawford,Cussewago Twp,16  ,50  ,65  ,94,0,In Progress
Crawford,Cambridge Twp,16  ,50  ,65  ,94,0,In Progress
Wayne,Palmyra Twp.,8  ,20  ,139  ,94,0,In Progress
Delaware,Lower Chichester Twp,5  ,9  ,159  ,93,4,In Progress
Adams,Tyrone Twp,13  ,33  ,193  ,93,3,In Progress
Bradford,Troy Twp,9  ,23  ,68  ,93,1,In Progress
Allegheny,Versailles,12  ,45  ,35  ,92,5,In Progress
Washington,Twp. Of West Pike Run,14  ,46  ,50  ,92,4,In Progress
Montgomery,Bryn Athyn Boro,4  ,12  ,152  ,92,3,In Progress
Schuylkill,Ashland Boro,9  ,29  ,123  ,92,2,In Progress
Cameron,Borough Of Emporium,15  ,25  ,67  ,92,0,In Progress
Cumberland,Upper Frankford Twp,13  ,34  ,199  ,92,0,In Progress
Berks,Upper Bern Twp,9  ,48  ,124  ,91,0,In Progress
Crawford,Rockdale Twp,16  ,50  ,65  ,91,0,In Progress
Berks,Tulpehocken Twp,9  ,48  ,5  ,91,0,In Progress
Westmoreland,Lower Burrell,14  ,41  ,55  ,90,4,In Progress
York,Stewartstown Boro,11  ,28  ,93  ,90,4,In Progress
Tioga,Mansfield Boro,15  ,23  ,68  ,90,3,In Progress
Lycoming,Muncy Boro,9  ,23  ,84  ,90,1,In Progress
Mifflin,Wayne Twp,13  ,30  ,171  ,90,0,In Progress
Crawford,Meadville City 2-1,16  ,50  ,6  ,89,2,In Progress
Jefferson,Reynoldsville Boro,15  ,25  ,66  ,89,1,In Progress
Jefferson,Brockway Boro,15  ,25  ,66  ,89,1,In Progress
Allegheny,Wilmerding,12  ,45  ,25  ,88,7,In Progress
Delaware,East Lansdowne Boro,5  ,26  ,164  ,88,4,In Progress
Northampton,Tatamy Boro,7  ,18  ,137  ,88,3,In Progress
Bradford,Wysox Twp,9  ,23  ,110  ,88,0,In Progress
Butler,Evans City Boro,16  ,47  ,12  ,88,0,In Progress
Dauphin,Paxtang Boro,10  ,15  ,104  ,87,9,In Progress
Schuylkill,Porter Twp,9  ,29  ,107  ,87,4,In Progress
Lycoming,Hughesville Boro,9  ,23  ,84  ,87,1,In Progress
Union,Union Twsp,15  ,23  ,85  ,87,1,In Progress
Bradford,Canton Twp,9  ,23  ,68  ,86,4,In Progress
York,Lower Chanceford Twp,11  ,28  ,94  ,86,2,In Progress
Crawford,Conneaut Twp,16  ,50  ,6  ,86,1,In Progress
Westmoreland,Loyalhanna Twp,14  ,41  ,55  ,85,2,In Progress
Susquehanna,Springville Twp,9  ,20  ,111  ,85,2,In Progress
Philadelphia,Mn01,3  ,7  ,195  ,85,1,In Progress
Washington,Twp. Of East Bethlehem,14  ,46  ,50  ,85,1,In Progress
Allegheny,East Deer,17  ,38  ,33  ,85,0,In Progress
Cumberland,Lower Mifflin Twp,13  ,34  ,199  ,85,0,In Progress
Wayne,Hawley Boro.,8  ,20  ,139  ,85,0,In Progress
Mifflin,Burnham Boro,13  ,30  ,85  ,84,4,In Progress
Clarion,Limestone Twp.,15  ,21  ,63  ,84,4,In Progress
Schuylkill,Pine Grove Boro,9  ,29  ,107  ,84,3,In Progress
Sullivan,Cherry Twp,9  ,23  ,84  ,84,2,In Progress
Clarion,Elk Twp.,15  ,21  ,63  ,84,1,In Progress
Washington,Township Of Robinson,14  ,46  ,15  ,84,1,In Progress
Bedford,Kimmel Twp,13  ,32  ,78  ,84,1,In Progress
Chester,Honeybrook Boro,6  ,44  ,74  ,84,1,In Progress
Lackawanna,Ransom,8  ,22  ,118  ,84,0,In Progress
Susquehanna,Forest City Boro,9  ,20  ,111  ,83,7,In Progress
Allegheny,E Pittsburgh,12  ,45  ,34  ,83,2,In Progress
Allegheny,Rankin,12  ,43  ,34  ,83,1,In Progress
Indiana,Brush Valley,14  ,41  ,62  ,83,0,In Progress
Lycoming,Clinton Twp,9  ,23  ,83  ,83,0,In Progress
Crawford,Meadville City 3-1,16  ,50  ,6  ,83,0,In Progress
Washington,Boro Of Mcdonald,14  ,46  ,46  ,82,2,In Progress
Clinton,Wayne Twp,15  ,25  ,76  ,82,1,In Progress
Beaver,Pulaski Twp,17  ,47  ,14  ,82,1,In Progress
Dauphin,Lykens Boro,10  ,34  ,125  ,82,0,In Progress
Columbia,Madison Twp,9  ,27  ,109  ,82,0,In Progress
Berks,St Lawrence Boro,6  ,11  ,126  ,82,0,In Progress
Susquehanna,New Milford Twp,9  ,20  ,111  ,81,5,In Progress
Susquehanna,Herrick Twp,9  ,20  ,111  ,81,5,In Progress
Schuylkill,East Norwegian Twp,9  ,29  ,123  ,81,3,In Progress
Jefferson,Washington Twp,15  ,25  ,66  ,81,2,In Progress
Lycoming,Upper Fairfield Twp,9  ,23  ,84  ,81,1,In Progress
Mifflin,Oliver Twp,13  ,30  ,171  ,81,0,In Progress
Northumberland,Rockefeller Twp,9  ,27  ,108  ,81,0,In Progress
Lancaster,Sadsbury Twp,11  ,13  ,100  ,81,0,In Progress
York,Jacobus Boro,11  ,28  ,93  ,80,5,In Progress
Westmoreland,West Leechburg,14  ,41  ,60  ,80,4,In Progress
Schuylkill,Mcadoo Boro,9  ,29  ,116  ,80,3,In Progress
Beaver,Bridgewater,17  ,47  ,14  ,80,2,In Progress
Berks,Upper Tulpehocken Twp,9  ,48  ,124  ,80,2,In Progress
Beaver,White Twp,17  ,47  ,14  ,80,1,In Progress
Bedford,Liberty Twp,13  ,32  ,78  ,80,1,In Progress
Erie,Wayne Twp.,16  ,21  ,4  ,80,1,In Progress
Wayne,Preston Twp.,8  ,20  ,111  ,80,1,In Progress
Berks,North Heidelberg Twp,9  ,48  ,5  ,80,0,In Progress
Erie,Leboeuf Twp,16  ,49  ,4  ,79,4,In Progress
York,Glen Rock Boro,11  ,28  ,169  ,79,3,In Progress
Columbia,Orange Twp,9  ,27  ,109  ,79,1,In Progress
Columbia,Mt Pleasant Twp,9  ,27  ,109  ,79,0,In Progress
Delaware,Upland Boro,5  ,9  ,161  ,79,0,In Progress
Indiana,Pine,14  ,41  ,62  ,79,0,In Progress
York,Dover Boro,10  ,31  ,196  ,78,4,In Progress
Adams,Highland Twp,13  ,33  ,91  ,78,1,In Progress
Lycoming,Limestone Twp,15  ,23  ,84  ,78,0,In Progress
Adams,Liberty Twp,13  ,33  ,91  ,78,0,In Progress
Lancaster,Adamstown Boro,11  ,48  ,99  ,78,0,In Progress
Bedford,Cumberland Valley Twp,13  ,32  ,78  ,77,1,In Progress
Clearfield,Beccaria Twp.,15  ,35  ,73  ,77,1,In Progress
Wyoming,Clinton Twp,9  ,20  ,110  ,77,1,In Progress
Wayne,Waymart Boro.,8  ,40  ,111  ,77,1,In Progress
Indiana,Montgomery,15  ,41  ,66  ,77,0,In Progress
Butler,Harmony Boro,16  ,47  ,12  ,77,0,In Progress
Elk,Jones Twp,15  ,25  ,75  ,77,0,In Progress
Columbia,Montour Twp,9  ,27  ,109  ,77,0,In Progress
Bucks,Riegelsville Boro,1  ,16  ,145  ,77,0,In Progress
Schuylkill,Ryan Twp,9  ,29  ,124  ,76,3,In Progress
Butler,Worth Twp,16  ,21  ,8  ,76,2,In Progress
Erie,Albion,16  ,49  ,6  ,76,2,In Progress
York,Wrightsville Boro,11  ,28  ,47  ,76,1,In Progress
Beaver,Darlington Twp,17  ,47  ,14  ,76,1,In Progress
Crawford,Wayne Twp,16  ,50  ,6  ,76,1,In Progress
Butler,Concord Twp,16  ,21  ,17  ,76,0,In Progress
Columbia,Fishingcreek Twp,9  ,27  ,109  ,76,0,In Progress
Washington,Township Of Independence,14  ,46  ,15  ,76,0,In Progress
Tioga,Jackson Twp,15  ,23  ,68  ,75,4,In Progress
Delaware,Colwyn Boro,5  ,8  ,185  ,75,1,In Progress
Columbia,Main Twp,9  ,27  ,109  ,75,0,In Progress
Bucks,Langhorne Manor Boro,1  ,6  ,142  ,75,0,In Progress
Butler,Donegal Twp,16  ,21  ,11  ,74,7,In Progress
Susquehanna,Dimock Twp,9  ,20  ,111  ,74,6,In Progress
Snyder,Washington Twp,15  ,27  ,85  ,74,0,In Progress
Lancaster,Drumore Twp,11  ,13  ,100  ,74,0,In Progress
Schuylkill,Tremont Boro,9  ,29  ,107  ,73,2,In Progress
Clearfield,Brady Twp,15  ,35  ,75  ,73,1,In Progress
Bradford,Smithfield Twp,9  ,23  ,68  ,73,1,In Progress
Wyoming,Northmoreland Twp,9  ,20  ,110  ,73,0,In Progress
Wyoming,Lemon Twp,9  ,20  ,110  ,73,0,In Progress
Susquehanna,Great Bend Twp,9  ,20  ,111  ,72,4,In Progress
Susquehanna,Harford Twp,9  ,20  ,111  ,72,3,In Progress
Adams,New Oxford,13  ,33  ,193  ,72,1,In Progress
Clarion,Washington Twp.,15  ,21  ,63  ,72,1,In Progress
Lebanon,Jonestown Boro,9  ,48  ,102  ,72,0,In Progress
Berks,Perry Twp,4  ,48  ,5  ,71,0,In Progress
Crawford,Oil Creek Twp,16  ,50  ,64  ,71,0,In Progress
Columbia,Locust Twp,9  ,27  ,109  ,70,2,In Progress
Beaver,West Mayfield Boro,17  ,47  ,14  ,70,1,In Progress
Columbia,South Centre,9  ,27  ,109  ,70,1,In Progress
Carbon,Packer Twp,7  ,29  ,122  ,70,1,In Progress
Berks,District Twp,4  ,24  ,130  ,70,0,In Progress
Lackawanna,Elmhurst,8  ,40  ,113  ,70,0,In Progress
Chester,Highland Twp,6  ,19  ,13  ,70,0,In Progress
Crawford,Richmond Twp,16  ,50  ,65  ,70,0,In Progress
Allegheny,Neville,17  ,42  ,45  ,69,3,In Progress
Northampton,West Easton,7  ,18  ,136  ,69,1,In Progress
Wyoming,Nicholson Twp,9  ,20  ,110  ,69,1,In Progress
Bedford,Everett Boro,13  ,32  ,78  ,69,1,In Progress
Wyoming,Monroe Twp,9  ,20  ,110  ,69,0,In Progress
Crawford,Vernon Twp 1,16  ,50  ,6  ,69,0,In Progress
Centre,State College Boro.,15  ,25  ,82  ,68,1056,
Allegheny,Heidelberg,17  ,37  ,27  ,68,3,In Progress
Susquehanna,Susquehanna Boro,9  ,20  ,111  ,68,1,In Progress
Delaware,Eddystone Boro,5  ,9  ,159  ,68,1,In Progress
Snyder,Jackson Twp,15  ,27  ,85  ,68,0,In Progress
Butler,Connoquenessing Boro,16  ,21  ,8  ,68,0,In Progress
Beaver,Freedom Boro,17  ,47  ,16  ,68,0,In Progress
Columbia,Benton Twp,9  ,27  ,109  ,67,2,In Progress
Allegheny,Sewickley Hl,17  ,37  ,44  ,67,1,In Progress
Cumberland,North Newton Twp,10  ,34  ,199  ,67,0,In Progress
Clarion,Beaver Twp.,15  ,21  ,63  ,67,0,In Progress
Northumberland,Turbot Twp,9  ,27  ,108  ,66,2,In Progress
Washington,Township Of Hopewell,14  ,46  ,15  ,66,1,In Progress
Bradford,South Waverly Boro,9  ,23  ,110  ,66,1,In Progress
Erie,Amity Twp,16  ,49  ,4  ,66,1,In Progress
Indiana,Clymer,14  ,41  ,62  ,66,0,In Progress
Allegheny,Whitaker,12  ,45  ,35  ,66,0,In Progress
Bedford,Londonderry Twp,13  ,32  ,78  ,66,0,In Progress
Crawford,Cambridge Springs Boro,16  ,50  ,65  ,66,0,In Progress
Snyder,Center Twp,15  ,27  ,85  ,66,0,In Progress
Delaware,Rutledge Boro,5  ,26  ,162  ,66,0,In Progress
Clinton,Mill Hall Boro,15  ,25  ,76  ,66,0,In Progress
Allegheny,Leetsdale,17  ,37  ,44  ,65,4,In Progress
Washington,Twp. Of West Bethlehem,14  ,46  ,50  ,65,2,In Progress
Clinton,Flemington Boro,15  ,25  ,76  ,65,1,In Progress
Clarion,Knox Twp.,15  ,21  ,63  ,65,0,In Progress
Crawford,Greenwood Twp,16  ,50  ,6  ,65,0,In Progress
Allegheny,Chalfant,12  ,43  ,34  ,65,0,In Progress
Berks,Leesport Boro,4  ,48  ,5  ,65,0,In Progress
Dauphin,Wayne Twp,10  ,34  ,125  ,64,6,In Progress
Susquehanna,Gibson Twp,9  ,20  ,111  ,64,6,In Progress
York,North York Boro,10  ,28  ,95  ,64,5,In Progress
Susquehanna,Jackson Twp,9  ,20  ,111  ,64,2,In Progress
Erie,Concord Twp,16  ,21  ,4  ,64,2,In Progress
Washington,Boro Of Houston,14  ,46  ,46  ,64,1,In Progress
Erie,Waterford Boro,16  ,49  ,4  ,64,0,In Progress
Lycoming,Lycoming Twp,15  ,23  ,84  ,64,0,In Progress
Clinton,Porter Twp,15  ,25  ,76  ,63,2,In Progress
Crawford,Union Twp,16  ,50  ,6  ,63,1,In Progress
Tioga,Elkland Boro,15  ,23  ,68  ,63,0,In Progress
Adams,East Berlin,13  ,33  ,193  ,63,0,In Progress
Pike,Porter Twp,8  ,20  ,189  ,63,0,In Progress
Crawford,Cochranton Boro,16  ,50  ,6  ,63,0,In Progress
Elk,Horton Twp,15  ,25  ,75  ,62,2,In Progress
Bradford,Towanda Twp,9  ,23  ,68  ,62,1,In Progress
Schuylkill,North Union Twp,9  ,29  ,116  ,62,1,In Progress
Bradford,Asylum Twp,9  ,23  ,110  ,62,1,In Progress
Bradford,Wells Twp,9  ,23  ,68  ,62,0,In Progress
Adams,Bonneauville,13  ,33  ,91  ,62,0,In Progress
Allegheny,Lincoln,12  ,45  ,35  ,61,2,In Progress
Bradford,Sheshequin Twp,9  ,23  ,110  ,61,2,In Progress
Clearfield,Penn Twp,15  ,35  ,75  ,61,1,In Progress
Bucks,Ivyland Boro,1  ,6  ,144  ,61,0,In Progress
Lackawanna,Carbondale Twp,8  ,40  ,112  ,61,0,In Progress
Franklin,Lurgan Twp,13  ,33  ,81  ,60,7,In Progress
Schuylkill,Kline Twp,9  ,29  ,116  ,60,2,In Progress
Westmoreland,St Clair Twp,14  ,41  ,59  ,60,2,In Progress
Tioga,Sullivan Twp,15  ,23  ,68  ,60,1,In Progress
Butler,Brady Twp,16  ,21  ,8  ,60,1,In Progress
Washington,Township Of Cross Creek,14  ,46  ,15  ,60,0,In Progress
Cumberland,North Newton Twp,13  ,34  ,199  ,60,0,In Progress
Clinton,Dunnstable Twp,15  ,25  ,76  ,60,0,In Progress
Lancaster,Eden Twp,11  ,13  ,100  ,60,0,In Progress
Wayne,Lebanon Twp.,8  ,20  ,111  ,60,0,In Progress
Lackawanna,Thornhurst,8  ,40  ,113  ,60,0,In Progress
Union,Limestone Twsp,15  ,23  ,76  ,59,2,In Progress
Lycoming,Porter Twp,15  ,23  ,84  ,59,2,In Progress
Bradford,Albany Twp,9  ,23  ,110  ,59,2,In Progress
Union,Hartley Twsp,15  ,23  ,76  ,59,2,In Progress
Butler,Marion Twp,16  ,21  ,17  ,59,1,In Progress
Cumberland,Newville Boro,10  ,34  ,199  ,59,1,In Progress
Adams,Freedom Twp,13  ,33  ,91  ,59,1,In Progress
Wayne,Canaan Twp.,8  ,40  ,111  ,59,0,In Progress
Butler,Prospect Boro,16  ,21  ,8  ,59,0,In Progress
Snyder,Franklin Twp,15  ,27  ,85  ,58,4,In Progress
Clearfield,Gulich Twp,15  ,35  ,73  ,58,1,In Progress
Schuylkill,Mahanoy Twp,9  ,29  ,116  ,58,1,In Progress
Indiana,Young,14  ,41  ,62  ,58,0,In Progress
Columbia,Catawissa Boro,9  ,27  ,109  ,58,0,In Progress
Snyder,Perry Twp,15  ,27  ,85  ,58,0,In Progress
Clinton,Castanea Twp,15  ,25  ,76  ,58,0,In Progress
Franklin,West-End Shippensburg,13  ,33  ,81  ,57,7,In Progress
Washington,Boro Of Burgettstown,14  ,46  ,15  ,57,4,In Progress
Delaware,Trainer Boro,5  ,9  ,159  ,57,2,In Progress
York,Loganville Boro,11  ,28  ,93  ,57,2,In Progress
Adams,Biglerville,13  ,33  ,193  ,57,1,In Progress
Westmoreland,Avonmore,14  ,41  ,55  ,57,1,In Progress
Northumberland,Lower Mahanoy Twp,9  ,27  ,107  ,57,1,In Progress
Allegheny,Elizabeth Br,12  ,45  ,39  ,57,1,In Progress
Columbia,Catawissa Twp,9  ,27  ,109  ,57,0,In Progress
Bradford,Wyalusing Twp,9  ,23  ,110  ,57,0,In Progress
Indiana,North Mahoning,15  ,41  ,66  ,57,0,In Progress
Bedford,East Providence Twp,13  ,32  ,78  ,57,0,In Progress
Northumberland,Zerbe Twp,9  ,27  ,107  ,57,0,In Progress
Indiana,South Mahoning,14  ,41  ,66  ,57,0,In Progress
Bucks,Silverdale Boro,1  ,16  ,143  ,57,0,In Progress
Schuylkill,Cressona Boro,9  ,29  ,123  ,56,1,In Progress
Northampton,Stockertown Boro,7  ,18  ,138  ,56,1,In Progress
Bradford,Wilmot Twp,9  ,23  ,110  ,56,1,In Progress
Bedford,Woodbury Twp South,13  ,32  ,78  ,56,1,In Progress
Columbia,Cleveland Twp,9  ,27  ,109  ,56,0,In Progress
Crawford,East Fallowfield Twp,16  ,50  ,6  ,56,0,In Progress
York,Mt. Wolf Boro,10  ,31  ,47  ,55,3,In Progress
Lancaster,Salisbury Twp,11  ,13  ,99  ,55,2,In Progress
Berks,Perry Twp,9  ,48  ,5  ,55,1,In Progress
Tioga,Lawrence Twp,15  ,23  ,68  ,55,0,In Progress
Wayne,Manchester Twp.,8  ,20  ,111  ,55,0,In Progress
Clarion,Madison Twp.,15  ,21  ,63  ,55,0,In Progress
Bradford,Monroe Twp,9  ,23  ,68  ,55,0,In Progress
Washington,Township Of Jefferson,14  ,46  ,15  ,55,0,In Progress
Clearfield,Bigler Twp,15  ,35  ,73  ,54,4,In Progress
Allegheny,Glen Osborne,17  ,37  ,44  ,54,4,In Progress
Lancaster,Fulton Twp,11  ,13  ,100  ,54,4,In Progress
Snyder,Union Twp,15  ,27  ,85  ,54,1,In Progress
Allegheny,Pennsbury Vlg,17  ,37  ,45  ,54,1,In Progress
Bradford,Tuscarora Twp,9  ,23  ,110  ,54,1,In Progress
Cumberland,South Newton Twp,10  ,34  ,193  ,54,0,In Progress
Indiana,Buffington,14  ,41  ,62  ,54,0,In Progress
Washington,Boro Of North Charleroi,14  ,46  ,50  ,53,2,In Progress
Schuylkill,Union Twp,9  ,29  ,116  ,53,2,In Progress
Crawford,East Mead Twp,16  ,50  ,6  ,53,1,In Progress
Butler,Cherry Twp,16  ,21  ,17  ,53,1,In Progress
Northampton,East Bangor,7  ,18  ,138  ,53,1,In Progress
Crawford,Venango Twp,16  ,50  ,65  ,53,0,In Progress
Lebanon,West Lebanon Twp,9  ,48  ,101  ,53,0,In Progress
Clearfield,Huston Twp,15  ,35  ,75  ,52,2,In Progress
Delaware,Marcus Hook Boro,5  ,9  ,159  ,52,1,In Progress
Tioga,Middlebury Twp,15  ,23  ,68  ,52,1,In Progress
Clearfield,Union Twp,15  ,35  ,75  ,52,0,In Progress
Bucks,Hulmeville Boro,1  ,6  ,18  ,52,0,In Progress
Sullivan,Laporte Twp,9  ,23  ,84  ,52,0,In Progress
Bradford,Canton Boro,9  ,23  ,68  ,52,0,In Progress
Susquehanna,Franklin Twp,9  ,20  ,111  ,52,0,In Progress
Franklin,Mercersburg Boro,13  ,33  ,90  ,51,5,In Progress
Jefferson,Eldred Twp,15  ,25  ,66  ,51,1,In Progress
Schuylkill,New Philadelphia Boro,9  ,29  ,123  ,51,1,In Progress
Bradford,Rome Twp,9  ,23  ,110  ,51,0,In Progress
Wayne,Oregon Twp.,8  ,20  ,111  ,51,0,In Progress
Lackawanna,North Abington,8  ,22  ,114  ,51,0,In Progress
Bucks,Richlandtown Boro,1  ,16  ,145  ,51,0,In Progress
Franklin,Mont Alto Boro,13  ,33  ,90  ,50,8,In Progress
Columbia,Pine Twp,9  ,27  ,109  ,50,2,In Progress
Crawford,Randolph Twp,16  ,50  ,6  ,50,2,In Progress
Montour,Anthony Twp,9  ,27  ,108  ,50,1,In Progress
Crawford,Troy Twp,16  ,50  ,64  ,50,1,In Progress
Bedford,Harrison Twp,13  ,32  ,78  ,50,1,In Progress
Bradford,Springfield Twp,9  ,23  ,68  ,50,1,In Progress
Lycoming,Muncy Twp,9  ,23  ,84  ,50,1,In Progress
Cumberland,Upper Mifflin Twp,13  ,34  ,199  ,50,0,In Progress
Clearfield,Graham Twp,15  ,35  ,73  ,50,0,In Progress
Bradford,Troy Boro,9  ,23  ,68  ,50,0,In Progress
Butler,Washington Twp,16  ,21  ,17  ,49,1,In Progress
Clearfield,Burnside Twp,15  ,35  ,73  ,49,1,In Progress
Juniata,Delaware,13  ,30  ,86  ,49,0,In Progress
Schuylkill,Girardville Boro,9  ,29  ,123  ,49,0,In Progress
Lancaster,Bart Twp,11  ,13  ,100  ,49,0,In Progress
Clinton,Beech Creek Twp,15  ,25  ,76  ,49,0,In Progress
Bucks,Trumbauersville Boro,1  ,16  ,145  ,49,0,In Progress
Berks,Exeter Twp,4  ,11  ,128  ,49,0,In Progress
Indiana,Canoe,15  ,41  ,66  ,49,0,In Progress
Bedford,Colerain Twp,13  ,32  ,78  ,49,0,In Progress
Beaver,Marion Twp,17  ,47  ,14  ,48,3,In Progress
Wayne,Buckingham Twp.,8  ,20  ,111  ,48,2,In Progress
Westmoreland,Oklahoma,14  ,41  ,55  ,48,1,In Progress
Schuylkill,Walker Twp,9  ,29  ,124  ,48,1,In Progress
Lycoming,Washington Twp,15  ,23  ,83  ,48,1,In Progress
Bradford,South Creek Twp,9  ,23  ,68  ,48,0,In Progress
Clarion,Redbank Twp,15  ,21  ,63  ,48,0,In Progress
Columbia,Millville Boro,9  ,27  ,109  ,48,0,In Progress
Snyder,Middleburg Boro,15  ,27  ,85  ,48,0,In Progress
Lebanon,Richland Boro,9  ,48  ,102  ,48,0,In Progress
Indiana,East Mahoning,15  ,41  ,66  ,48,0,In Progress
Schuylkill,Blythe Twp,9  ,29  ,123  ,47,1,In Progress
Beaver,Potter Twp,17  ,47  ,15  ,47,1,In Progress
Schuylkill,Schuylkill Twp,9  ,29  ,124  ,47,1,In Progress
Clinton,Avis Boro,15  ,25  ,76  ,47,0,In Progress
Beaver,Patterson Heights,17  ,47  ,14  ,47,0,In Progress
Jefferson,Rose Twp,15  ,25  ,66  ,47,0,In Progress
Berks,Bally Boro,4  ,24  ,130  ,47,0,In Progress
Clarion,Porter Twp,15  ,21  ,63  ,47,0,In Progress
Allegheny,Rosslyn Farm,17  ,37  ,27  ,46,4,In Progress
Dauphin,Elizabethville Boro,10  ,34  ,125  ,46,2,In Progress
Butler,Mercer Twp,16  ,21  ,17  ,46,2,In Progress
Northumberland,Lewis Twp,9  ,27  ,108  ,46,2,In Progress
Northumberland,Watsontown Boro,9  ,27  ,108  ,46,2,In Progress
Westmoreland,Export,12  ,39  ,55  ,46,2,In Progress
Bradford,Orwell Twp,9  ,23  ,110  ,46,1,In Progress
Montour,Cooper Twp,9  ,27  ,108  ,46,1,In Progress
Tioga,Blossburg Boro,15  ,23  ,68  ,46,1,In Progress
Jefferson,Henderson Twp,15  ,41  ,66  ,46,1,In Progress
Bedford,Broad Top Twp,13  ,32  ,78  ,46,0,In Progress
Beaver,East Rochester Boro,17  ,47  ,16  ,46,0,In Progress
Susquehanna,Forest Lake Twp,9  ,20  ,111  ,45,3,In Progress
Bradford,Terry Twp,9  ,23  ,110  ,45,2,In Progress
Berks,Shoemakersville Boro,9  ,48  ,5  ,45,1,In Progress
Tioga,Liberty Twp,15  ,23  ,68  ,45,1,In Progress
Columbia,Conyngham Twp,9  ,27  ,109  ,45,1,In Progress
Bradford,Warren Twp,9  ,23  ,110  ,45,0,In Progress
Clinton,Greene Twp,15  ,25  ,76  ,45,0,In Progress
York,New Salem Boro,11  ,28  ,196  ,45,0,In Progress
Bradford,Litchfield Twp,9  ,23  ,110  ,45,0,In Progress
Lycoming,Cogan House Twp,15  ,23  ,84  ,45,0,In Progress
Susquehanna,Brooklyn Twp,9  ,20  ,111  ,44,3,In Progress
Susquehanna,Liberty Twp,9  ,20  ,111  ,44,3,In Progress
Juniata,Monroe,13  ,30  ,85  ,44,2,In Progress
Allegheny,Thornburg,17  ,37  ,27  ,44,0,In Progress
Snyder,Beavertown Boro,15  ,27  ,85  ,44,0,In Progress
Centre,Ferguson Twp.,15  ,35  ,77  ,43,1889,
Susquehanna,Hallstead Boro,9  ,20  ,111  ,43,4,In Progress
Dauphin,Dauphin Boro,10  ,15  ,125  ,43,4,In Progress
Dauphin,Williams Twp,10  ,34  ,125  ,43,2,In Progress
Bradford,Granville Twp,9  ,23  ,68  ,43,1,In Progress
Susquehanna,New Milford Boro,9  ,20  ,111  ,43,1,In Progress
Wayne,Bethany Boro.,8  ,20  ,111  ,43,0,In Progress
Chester,Atglen Boro,6  ,44  ,74  ,43,0,In Progress
Indiana,Saltsburg,14  ,41  ,62  ,43,0,In Progress
Franklin,Fannett Twp,13  ,33  ,81  ,42,6,In Progress
Northumberland,Rush Twp,9  ,27  ,108  ,42,3,In Progress
Dauphin,Williamstown,10  ,34  ,125  ,42,3,In Progress
Wyoming,Exeter Twp,9  ,20  ,110  ,42,1,In Progress
Washington,Boro Of Roscoe,14  ,46  ,50  ,42,0,In Progress
Clearfield,Houtzdale Boro,15  ,35  ,73  ,42,0,In Progress
Bedford,Juniata Twp,13  ,32  ,78  ,42,0,In Progress
Lawrence,New Castle,16  ,50  ,9  ,41,1014,
Susquehanna,Choconut Twp,9  ,20  ,111  ,41,6,In Progress
Clinton,Chapman Twp,15  ,25  ,76  ,41,3,In Progress
Clarion,Highland Twp.,15  ,21  ,63  ,41,2,In Progress
Bradford,Ulster Twp,9  ,23  ,110  ,41,1,In Progress
Jefferson,Pinecreek Twp,15  ,25  ,66  ,41,1,In Progress
Northumberland,Lower Augusta Twp,9  ,27  ,107  ,41,1,In Progress
Crawford,Conneaut Lake Boro,16  ,50  ,6  ,41,0,In Progress
Jefferson,Sykesville Boro,15  ,25  ,66  ,41,0,In Progress
Bradford,Columbia Twp,9  ,23  ,68  ,41,0,In Progress
Carbon,Banks Twp,7  ,29  ,122  ,41,0,In Progress
Susquehanna,Thompson Twp,9  ,20  ,111  ,40,2,In Progress
Crawford,Sparta Twp,16  ,50  ,65  ,40,1,In Progress
Washington,Boro Of West Brownsville,14  ,46  ,50  ,40,1,In Progress
Crawford,Saegertown Boro,16  ,50  ,65  ,40,0,In Progress
Lycoming,Gamble Twp,15  ,23  ,84  ,39,2,In Progress
Carbon,Bowmanstown Boro,7  ,29  ,122  ,39,0,In Progress
Crawford,East Fairfield Twp,16  ,50  ,6  ,39,0,In Progress
Snyder,Spring Twp,15  ,27  ,85  ,39,0,In Progress
Indiana,Grant,15  ,41  ,66  ,39,0,In Progress
Susquehanna,Rush Twp,9  ,20  ,111  ,38,2,In Progress
Clinton,Gallagher Twp,15  ,25  ,76  ,38,1,In Progress
Schuylkill,Deer Lake Boro,9  ,29  ,124  ,38,1,In Progress
Bradford,Windham Twp,9  ,23  ,110  ,38,0,In Progress
Wyoming,Washington Twp,9  ,20  ,110  ,38,0,In Progress
Columbia,Sugarloaf Twp,9  ,27  ,109  ,38,0,In Progress
Bedford,Monroe Twp,13  ,32  ,78  ,38,0,In Progress
Bradford,Burlington Twp,9  ,23  ,68  ,38,0,In Progress
Clarion,Rimersburg Boro,15  ,21  ,63  ,37,2,In Progress
Lycoming,Mifflin Twp,15  ,23  ,84  ,37,2,In Progress
Clarion,East Brady Boro,15  ,21  ,63  ,37,1,In Progress
Juniata,Turbett,13  ,30  ,86  ,37,0,In Progress
Bedford,Southampton Twp,13  ,32  ,78  ,37,0,In Progress
Columbia,Beaver Twp,9  ,27  ,109  ,37,0,In Progress
Clarion,Knox Boro,15  ,21  ,63  ,36,2,In Progress
Allegheny,Ben Avon Ht,17  ,37  ,30  ,36,2,In Progress
Schuylkill,Gilberton Boro,9  ,29  ,123  ,36,1,In Progress
Philadelphia,Mn01,2  ,5  ,202  ,36,1,In Progress
Clarion,Toby Twp,15  ,21  ,63  ,36,0,In Progress
Lycoming,Penn Twp,9  ,23  ,84  ,36,0,In Progress
Wyoming,Meshoppen Twp,9  ,20  ,110  ,36,0,In Progress
Adams,Arendtsville,13  ,33  ,193  ,35,0,In Progress
Adams,Abbottstown,13  ,33  ,193  ,35,0,In Progress
Lycoming,Piatt Twp,15  ,23  ,84  ,35,0,In Progress
Lycoming,Anthony Twp,15  ,23  ,84  ,35,0,In Progress
Lycoming,Jordan Twp,9  ,23  ,84  ,35,0,In Progress
Bedford,Saxton Boro,13  ,32  ,78  ,35,0,In Progress
Chester,W Marlborough Twnshp,6  ,19  ,158  ,35,0,In Progress
Lehigh,Lower Macungie,7  ,16  ,187  ,34,4166,
Centre,Patton Twp.,15  ,35  ,77  ,34,1643,
Franklin,Metal Twp,13  ,33  ,81  ,34,9,In Progress
Butler,Harrisville Boro,16  ,21  ,17  ,34,4,In Progress
Tioga,Union Twp,15  ,23  ,68  ,34,2,In Progress
Clinton,Renovo Boro,15  ,25  ,76  ,34,1,In Progress
Bradford,Standing Stone Twp,9  ,23  ,110  ,34,1,In Progress
Snyder,West Perry Twp,15  ,27  ,85  ,34,0,In Progress
Lycoming,Moreland Twp,9  ,23  ,84  ,34,0,In Progress
Juniata,Susquehanna,13  ,30  ,86  ,34,0,In Progress
Bedford,Bloomfield Twp,13  ,32  ,78  ,34,0,In Progress
Centre,State College Boro.,15  ,25  ,77  ,33,511,
Westmoreland,North Irwin,12  ,39  ,56  ,33,2,In Progress
Crawford,Linesville Boro,16  ,50  ,6  ,33,2,In Progress
Westmoreland,Sutersville,12  ,39  ,58  ,33,1,In Progress
Schuylkill,Barry Twp,9  ,29  ,107  ,33,1,In Progress
Union,Lewis Twsp,15  ,23  ,76  ,33,1,In Progress
Snyder,Mcclure Boro,15  ,27  ,85  ,33,0,In Progress
Lancaster,Christiana Boro,11  ,13  ,100  ,33,0,In Progress
Wyoming,Nicholson Boro,9  ,20  ,110  ,33,0,In Progress
Schuylkill,Ringtown Boro,9  ,29  ,116  ,33,0,In Progress
Dauphin,Wiconisco Twp,10  ,34  ,125  ,32,4,In Progress
Schuylkill,Gordon Boro,9  ,29  ,123  ,32,4,In Progress
Susquehanna,Jessup Twp,9  ,20  ,111  ,32,2,In Progress
Allegheny,Wall,12  ,45  ,25  ,32,0,In Progress
Bradford,"Burlington Twp, West",9  ,23  ,68  ,32,0,In Progress
Westmoreland,East Vandergrift,14  ,41  ,60  ,32,0,In Progress
Schuylkill,Tower City Boro,9  ,29  ,107  ,32,0,In Progress
Lycoming,Watson Twp,15  ,23  ,84  ,32,0,In Progress
Schuylkill,Palo Alto Boro,9  ,29  ,123  ,32,0,In Progress
Washington,Boro Of Deemston,14  ,46  ,50  ,31,1,In Progress
Monroe,Delaware Water Gap Boro,8  ,40  ,189  ,31,0,In Progress
Northampton,Glendon,7  ,18  ,136  ,31,0,In Progress
Bradford,Monroe Boro,9  ,23  ,68  ,31,0,In Progress
Tioga,Covington Twp,15  ,23  ,68  ,31,0,In Progress
Tioga,Tioga Twp,15  ,23  ,68  ,31,0,In Progress
Columbia,Roaringcreek Twp,9  ,27  ,109  ,31,0,In Progress
Allegheny,Pittsburgh,17  ,43  ,34  ,30,4,In Progress
Lycoming,Montgomery Boro,9  ,23  ,83  ,30,1,In Progress
Schuylkill,Eldred Twp,9  ,29  ,107  ,30,1,In Progress
Lycoming,Duboistown Boro,15  ,23  ,83  ,30,1,In Progress
Crawford,Steuben Twp,16  ,50  ,64  ,30,0,In Progress
Clarion,Ashland Twp.,15  ,21  ,63  ,30,0,In Progress
Lycoming,Franklin Twp,9  ,23  ,84  ,30,0,In Progress
Jefferson,Falls Creek Boro,15  ,25  ,66  ,30,0,In Progress
Wyoming,Factoryville Boro,9  ,20  ,110  ,30,0,In Progress
Wyoming,Mehoopany Twp,9  ,20  ,110  ,30,0,In Progress
Washington,Township Of Morris,14  ,46  ,48  ,30,0,In Progress
Lackawanna,Vandling,8  ,40  ,112  ,30,0,In Progress
Lehigh,Allentown,7  ,14  ,132  ,29,1760,
Dauphin,Lykens Twp,10  ,34  ,125  ,29,4,In Progress
Jefferson,Perry Twp,15  ,41  ,66  ,29,3,In Progress
Tioga,Westfield Boro,15  ,23  ,68  ,29,2,In Progress
Westmoreland,New Alexandria,14  ,41  ,55  ,29,2,In Progress
Juniata,Spruce Hill,13  ,30  ,86  ,29,1,In Progress
Washington,Boro Of Ellsworth,14  ,46  ,50  ,29,1,In Progress
Bradford,Leroy Twp,9  ,23  ,68  ,29,1,In Progress
Crawford,Fairfield Twp,16  ,50  ,6  ,29,1,In Progress
Lebanon,Mt Gretna Boro,9  ,48  ,98  ,29,0,In Progress
Tioga,Gaines Twp,15  ,23  ,68  ,29,0,In Progress
Tioga,Morris Twp,15  ,23  ,68  ,29,0,In Progress
Columbia,Franklin Twp,9  ,27  ,109  ,29,0,In Progress
Juniata,Port Royal,13  ,30  ,86  ,29,0,In Progress
Susquehanna,Harmony Twp,9  ,20  ,111  ,29,0,In Progress
Clearfield,Osceola Mills Boro,15  ,35  ,73  ,29,0,In Progress
Washington,Boro Of Midway,14  ,46  ,15  ,29,0,In Progress
Elk,Highland Twp,15  ,25  ,75  ,29,0,In Progress
Lycoming,Armstrong Twp,15  ,23  ,83  ,29,0,In Progress
Columbia,Jackson Twp,9  ,27  ,109  ,29,0,In Progress
Lycoming,Lewis Twp,15  ,23  ,84  ,29,0,In Progress
Bedford,King Twp,13  ,32  ,78  ,29,0,In Progress
Dauphin,Royalton Boro,10  ,15  ,106   ,28,4,In Progress
York,Goldsboro Boro,10  ,31  ,92  ,28,3,In Progress
Susquehanna,Oakland Twp,9  ,20  ,111  ,28,1,In Progress
Crawford,Rome Twp,16  ,50  ,64  ,28,1,In Progress
York,Windsor Boro,11  ,28  ,94  ,28,1,In Progress
Clearfield,Covington Twp,15  ,35  ,73  ,28,1,In Progress
Washington,Township Of West Finley,14  ,46  ,48  ,28,1,In Progress
Jefferson,Warsaw Twp,15  ,25  ,66  ,28,0,In Progress
Sullivan,Shrewsbury Twp,9  ,23  ,84  ,28,0,In Progress
Berks,Bechtelsville Boro,4  ,24  ,130  ,28,0,In Progress
Jefferson,Oliver Twp,15  ,41  ,66  ,28,0,In Progress
Clarion,Perry Twp.,15  ,21  ,63  ,28,0,In Progress
Philadelphia,Mn01,2  ,3  ,195  ,28,0,In Progress
Lancaster,Terre Hill Boro,11  ,13  ,99  ,28,0,In Progress
Jefferson,Knox Twp,15  ,25  ,66  ,28,0,In Progress
Crawford,Pine Twp,16  ,50  ,6  ,28,0,In Progress
Wayne,Scott Twp.,8  ,20  ,111  ,28,0,In Progress
Clinton,Beech Creek Boro,15  ,25  ,76  ,28,0,In Progress
Adams,Fairfield,13  ,33  ,91  ,28,0,In Progress
Juniata,Tuscarora/Tuscarora,13  ,30  ,86  ,28,0,In Progress
Clearfield,Bell Twp,15  ,35  ,75  ,28,0,In Progress
Union,New Berlin,15  ,23  ,76  ,27,3,In Progress
Clearfield,Chester Hill Boro,15  ,35  ,73  ,27,1,In Progress
Schuylkill,Hubley Twp,9  ,29  ,107  ,27,1,In Progress
Dauphin,Jefferson Twp,10  ,34  ,125  ,27,0,In Progress
Wyoming,Noxen Twp,9  ,20  ,110  ,27,0,In Progress
York,Yoe Boro,11  ,28  ,93  ,27,0,In Progress
Tioga,Chatham Twp,15  ,23  ,68  ,27,0,In Progress
Lycoming,Mill Creek Twp,9  ,23  ,84  ,27,0,In Progress
Berks,Bernville Boro,9  ,48  ,5  ,26,1,In Progress
Carbon,Lausanne Twp,7  ,29  ,122  ,26,1,In Progress
Lycoming,Plunketts Creek Twp,9  ,23  ,84  ,26,0,In Progress
Bradford,Herrick Twp,9  ,23  ,110  ,26,0,In Progress
Lycoming,Susquehanna Twp,15  ,23  ,83  ,26,0,In Progress
Dauphin,Gratz Boro,10  ,34  ,125  ,26,0,In Progress
Clarion,Shippenville Boro,15  ,21  ,63  ,26,0,In Progress
Montour,Derry Twp,9  ,27  ,108  ,26,0,In Progress
Bedford,Woodbury Twp,13  ,32  ,78  ,26,0,In Progress
Susquehanna,Ararat Twp,9  ,20  ,111  ,25,2,In Progress
Susquehanna,Lathrop Twp,9  ,20  ,111  ,25,2,In Progress
Susquehanna,Apolacon Twp,9  ,20  ,111  ,25,2,In Progress
Jefferson,Mccalmont Twp,15  ,41  ,66  ,25,1,In Progress
Washington,Township Of East Finley,14  ,46  ,48  ,25,1,In Progress
Susquehanna,Oakland Boro,9  ,20  ,111  ,25,0,In Progress
Butler,Callery Boro,16  ,47  ,12  ,25,0,In Progress
Clearfield,Chest Twp,15  ,35  ,73  ,25,0,In Progress
Sullivan,Dushore Boro,9  ,23  ,84  ,25,0,In Progress
Tioga,Deerfield Twp,15  ,23  ,68  ,25,0,In Progress
Tioga,Rutland Twp,15  ,23  ,68  ,25,0,In Progress
Bradford,Pike Twp,9  ,23  ,110  ,25,0,In Progress
Clearfield,Knox Twp,15  ,35  ,73  ,25,0,In Progress
Montour,West Hemlock Twp,9  ,27  ,108  ,25,0,In Progress
Washington,Boro Of Cokeburg,14  ,46  ,50  ,24,1,In Progress
Snyder,Chapman Twp,15  ,27  ,85  ,24,1,In Progress
Snyder,Adams Twp,15  ,27  ,85  ,24,0,In Progress
Westmoreland,Hyde Park,14  ,41  ,60  ,24,0,In Progress
Clarion,Salem Twp.,15  ,21  ,63  ,24,0,In Progress
Clarion,New Bethlehem Boro,15  ,21  ,63  ,24,0,In Progress
Clinton,Logan Twp,15  ,25  ,76  ,24,0,In Progress
Juniata,Thompsontown,13  ,30  ,86  ,24,0,In Progress
Tioga,Westfield Twp,15  ,23  ,68  ,24,0,In Progress
Schuylkill,Upper Mahantongo Twp,9  ,29  ,107  ,24,0,In Progress
Crawford,West Shenango Twp,16  ,50  ,6  ,24,0,In Progress
Beaver,Koppel Boro,17  ,47  ,14  ,24,0,In Progress
Jefferson,Union Twp,15  ,25  ,66  ,24,0,In Progress
Centre,College Twp.,15  ,25  ,82  ,23,1437,
York,Jefferson Boro,11  ,28  ,169  ,23,2,In Progress
Crawford,Conneautville Boro,16  ,50  ,6  ,23,1,In Progress
Cameron,Lumber Twp,15  ,25  ,67  ,23,0,In Progress
Washington,Boro Of Long Branch,14  ,46  ,50  ,23,0,In Progress
Butler,Venango Twp,16  ,21  ,17  ,23,0,In Progress
Snyder,Freeburg Boro,15  ,27  ,85  ,23,0,In Progress
Snyder,West Beaver Twp,15  ,27  ,85  ,23,0,In Progress
Lackawanna,Laplume,8  ,22  ,118  ,23,0,In Progress
Schuylkill,Delano Twp,9  ,29  ,124  ,23,0,In Progress
Indiana,Banks,15  ,41  ,66  ,23,0,In Progress
Montour,Limestone Twp,9  ,27  ,108  ,23,0,In Progress
Sullivan,Davidson Twp,9  ,23  ,84  ,23,0,In Progress
Tioga,Shippen Twp,15  ,23  ,68  ,23,0,In Progress
Clinton,Crawford Twp,15  ,25  ,76  ,23,0,In Progress
Lawrence,Neshannock Twp,16  ,50  ,9  ,22,958,
Susquehanna,Great Bend Boro,9  ,20  ,111  ,22,2,In Progress
Union,Gregg Twsp,15  ,23  ,83  ,22,1,In Progress
Carbon,Lehigh Twp,7  ,29  ,122  ,22,0,In Progress
Sullivan,Laporte Boro,9  ,23  ,84  ,22,0,In Progress
Carbon,East Side Boro,7  ,29  ,122  ,22,0,In Progress
Northumberland,East Cameron Twp,9  ,27  ,107  ,22,0,In Progress
Clinton,Noyes Twp,15  ,25  ,76  ,22,0,In Progress
Erie,Platea Boro,16  ,49  ,4  ,22,0,In Progress
Beaver,South Heights Boro,17  ,47  ,16  ,22,0,In Progress
Schuylkill,Mechanicsville Boro,9  ,29  ,123  ,22,0,In Progress
Mifflin,Bratton Twp,13  ,30  ,171  ,22,0,In Progress
Bradford,Franklin Twp,9  ,23  ,68  ,22,0,In Progress
Lycoming,Cascade Twp,15  ,23  ,84  ,22,0,In Progress
Erie,Mckean Boro,16  ,49  ,4  ,22,0,In Progress
Butler,Chicora Boro,16  ,21  ,11  ,22,0,In Progress
Clearfield,Coalport Boro,15  ,35  ,73  ,21,2,In Progress
Schuylkill,Auburn Boro,9  ,29  ,124  ,21,1,In Progress
Montgomery,Green Lane Boro,4  ,24  ,131  ,21,1,In Progress
Westmoreland,South Huntingdon Twp,12  ,39  ,58  ,21,0,In Progress
Washington,Boro Of Claysville,14  ,46  ,15  ,21,0,In Progress
Columbia,Briar Creek Boro,9  ,27  ,109  ,21,0,In Progress
Bradford,Stevens Twp,9  ,23  ,110  ,21,0,In Progress
Tioga,Tioga Boro,15  ,23  ,68  ,21,0,In Progress
Carbon,Beaver Meadows Boro,7  ,29  ,122  ,21,0,In Progress
Clinton,Loganton Boro,15  ,25  ,76  ,21,0,In Progress
Dauphin,Mifflin Twp,10  ,34  ,125  ,20,2,In Progress
Jefferson,Gaskill Twp,15  ,41  ,66  ,20,1,In Progress
Sullivan,Elkland Twp,9  ,23  ,84  ,20,1,In Progress
Juniata,Mifflintown,13  ,30  ,86  ,20,0,In Progress
Chester,Avondale Boro,6  ,9  ,158  ,20,0,In Progress
Crawford,Beaver Twp,16  ,50  ,6  ,20,0,In Progress
Clarion,Sligo Boro,15  ,21  ,63  ,20,0,In Progress
Lycoming,Jackson Twp,15  ,23  ,84  ,20,0,In Progress
Tioga,Hamilton Twp,15  ,23  ,68  ,20,0,In Progress
Columbia,Benton Boro,9  ,27  ,109  ,19,0,In Progress
Sullivan,Forks Twp,9  ,23  ,84  ,19,0,In Progress
Northumberland,Jackson Twp,9  ,27  ,107  ,19,0,In Progress
Dauphin,Halifax Boro,10  ,34  ,125  ,19,0,In Progress
Bedford,Mann Twp,13  ,32  ,78  ,19,0,In Progress
Washington,Township Of Blaine,14  ,46  ,15  ,18,2,In Progress
Sullivan,Eagles Mere Boro,9  ,23  ,84  ,18,2,In Progress
Schuylkill,Middleport Boro,9  ,29  ,123  ,18,1,In Progress
York,East Prospect Boro,11  ,28  ,94  ,18,1,In Progress
Westmoreland,Seward,14  ,41  ,59  ,18,0,In Progress
Northumberland,Jordan Twp,9  ,27  ,107  ,18,0,In Progress
Washington,Boro Of Allenport,14  ,46  ,50  ,18,0,In Progress
Crawford,West Fallowfield Twp,16  ,50  ,6  ,18,0,In Progress
Westmoreland,New Florence,14  ,41  ,59  ,18,0,In Progress
Northampton,Portland Boro,7  ,18  ,138  ,18,0,In Progress
Clarion,Foxburg Boro,15  ,21  ,63  ,18,0,In Progress
Jefferson,Big Run Boro,15  ,41  ,66  ,18,0,In Progress
Mifflin,Juniata Terrace Boro,13  ,30  ,171  ,18,0,In Progress
Crawford,Hydetown Boro,16  ,50  ,64  ,18,0,In Progress
York,Winterstown Boro,11  ,28  ,93  ,18,0,In Progress
Tioga,Clymer Twp,15  ,23  ,68  ,18,0,In Progress
Crawford,Athens Twp,16  ,50  ,65  ,18,0,In Progress
Clarion,Millcreek Twp.,15  ,21  ,63  ,18,0,In Progress
Lehigh,Upper Saucon,7  ,16  ,131  ,17,2402,
Lehigh,South Whitehall,7  ,16  ,132  ,17,1402,
Tioga,Farmington Twp,15  ,23  ,68  ,17,2,In Progress
Westmoreland,Bolivar,14  ,41  ,59  ,17,1,In Progress
York,Franklintown Boro,10  ,31  ,92  ,17,1,In Progress
Carbon,Parryville Boro,7  ,29  ,122  ,17,1,In Progress
Juniata,Greenwood,13  ,30  ,86  ,17,0,In Progress
Bedford,Schellsburg Boro,13  ,32  ,78  ,17,0,In Progress
Westmoreland,Madison,12  ,39  ,58  ,17,0,In Progress
Bradford,Wyalusing Boro,9  ,23  ,110  ,17,0,In Progress
Juniata,Lack,13  ,30  ,86  ,17,0,In Progress
Wyoming,Windham,9  ,20  ,110  ,17,0,In Progress
Indiana,Marion Center,15  ,41  ,66  ,17,0,In Progress
Allegheny,S Versailles,12  ,45  ,35  ,17,0,In Progress
Clearfield,Goshen Twp,15  ,35  ,73  ,16,2,In Progress
Franklin,Warren Twp,13  ,33  ,90  ,16,1,In Progress
Jefferson,Summerville Boro,15  ,25  ,66  ,16,1,In Progress
Schuylkill,Reilly Twp,9  ,29  ,107  ,16,1,In Progress
Jefferson,Polk Twp,15  ,25  ,66  ,16,0,In Progress
Delaware,Millbourne Boro,5  ,26  ,164  ,16,0,In Progress
Sullivan,Fox Twp,9  ,23  ,84  ,16,0,In Progress
Clearfield,Girard Twp,15  ,35  ,73  ,16,0,In Progress
Bedford,Lincoln Twp,13  ,32  ,78  ,16,0,In Progress
Wayne,Prompton Boro.,8  ,40  ,111  ,16,0,In Progress
Jefferson,Ringgold Twp,15  ,41  ,66  ,16,0,In Progress
Sullivan,Colley Twp,9  ,23  ,84  ,16,0,In Progress
Centre,Harris Twp.,15  ,25  ,82  ,15,1029,
Susquehanna,Middletown Twp,9  ,20  ,111  ,15,2,In Progress
Tioga,Lawrenceville Boro,15  ,23  ,68  ,15,1,In Progress
Wyoming,Windham Independent,9  ,20  ,110  ,15,0,In Progress
Clearfield,Karthaus Twp,15  ,35  ,73  ,15,0,In Progress
Butler,Allegheny Twp,16  ,21  ,17  ,15,0,In Progress
Northumberland,Turbotville Boro,9  ,27  ,108  ,15,0,In Progress
Lycoming,Shrewsbury Twp,9  ,23  ,84  ,15,0,In Progress
Clearfield,Bloom Twp,15  ,35  ,75  ,15,0,In Progress
Snyder,Beaver Twp,15  ,27  ,85  ,15,0,In Progress
Lackawanna,West Abington,8  ,22  ,118  ,15,0,In Progress
Lycoming,Bastress Twp,15  ,23  ,84  ,15,0,In Progress
Clearfield,Irvona Boro,15  ,35  ,73  ,15,0,In Progress
Lycoming,Cummings Twp,15  ,23  ,84  ,15,0,In Progress
Clearfield,Greenwood Twp,15  ,35  ,75  ,15,0,In Progress
Lycoming,Pine Twp,15  ,23  ,84  ,15,0,In Progress
Northumberland,Upper Mahanoy Twp,9  ,27  ,107  ,15,0,In Progress
Schuylkill,New Castle Twp,9  ,29  ,123  ,14,1,In Progress
York,York Haven Boro,10  ,31  ,92  ,14,1,In Progress
Westmoreland,Hunker,14  ,39  ,58  ,14,1,In Progress
Juniata,Beale,13  ,30  ,86  ,14,1,In Progress
Tioga,Putnam Twp,15  ,23  ,68  ,14,1,In Progress
Susquehanna,Union Dale Boro,9  ,20  ,111  ,14,1,In Progress
Butler,East Butler Boro,16  ,21  ,11  ,14,1,In Progress
Clearfield,Wallaceton Boro,15  ,35  ,73  ,14,0,In Progress
Beaver,Fallston,17  ,47  ,14  ,14,0,In Progress
Butler,Portersville Boro,16  ,21  ,8  ,14,0,In Progress
Jefferson,Heath Twp,15  ,25  ,66  ,14,0,In Progress
Tioga,Knoxville Boro,15  ,23  ,68  ,14,0,In Progress
Mifflin,Menno Twp,13  ,30  ,171  ,14,0,In Progress
Clearfield,Jordan Twp,15  ,35  ,73  ,14,0,In Progress
Wyoming,North Branch Twp,9  ,20  ,110  ,14,0,In Progress
Juniata,Mifflin,13  ,30  ,86  ,14,0,In Progress
Tioga,Brookfield Twp,15  ,23  ,68  ,14,0,In Progress
Jefferson,Clover Twp,15  ,25  ,66  ,14,0,In Progress
Lehigh,Upper Macungie,7  ,16  ,132  ,13,2250,
York,Yorkana Boro,11  ,28  ,94  ,13,1,In Progress
Dauphin,Reed Twp,10  ,34  ,125  ,13,1,In Progress
Washington,Boro Of Stockdale,14  ,46  ,50  ,13,0,In Progress
Allegheny,Pittsburgh,17  ,42  ,42  ,13,0,In Progress
Northumberland,Washington Twp,9  ,27  ,107  ,13,0,In Progress
Tioga,Nelson Twp,15  ,23  ,68  ,13,0,In Progress
Wyoming,Laceyville Boro,9  ,20  ,110  ,13,0,In Progress
York,Crossroads Boro,11  ,28  ,93  ,13,0,In Progress
Erie,Elgin Boro,16  ,21  ,4  ,13,0,In Progress
Elk,Spring Creek Twp,15  ,25  ,75  ,13,0,In Progress
Clearfield,Ramey Boro,15  ,35  ,73  ,13,0,In Progress
Westmoreland,Smithton,14  ,39  ,58  ,13,0,In Progress
Allegheny,Mcdonald,17  ,37  ,46  ,12,2,In Progress
Butler,Parker Twp,16  ,21  ,17  ,12,2,In Progress
Northumberland,East Chillisquaque Twp,9  ,27  ,108  ,12,1,In Progress
Butler,West Liberty Boro,16  ,21  ,8  ,12,1,In Progress
Northumberland,Little Mahanoy Twp,9  ,27  ,107  ,12,1,In Progress
Erie,Cranesville,16  ,49  ,6  ,12,1,In Progress
Cumberland,Newburg Boro,13  ,34  ,199  ,12,0,In Progress
Bedford,Hyndman Boro,13  ,32  ,78  ,12,0,In Progress
York,Fawn Grove Boro,11  ,28  ,93  ,12,0,In Progress
Clearfield,Ferguson Twp,15  ,35  ,75  ,12,0,In Progress
Susquehanna,Thompson Boro,9  ,20  ,111  ,12,0,In Progress
Elk,Benezette Twp,15  ,25  ,75  ,12,0,In Progress
Allegheny,Pittsburgh,17  ,38  ,33  ,12,0,In Progress
Clinton,Colebrook Twp,15  ,25  ,76  ,12,0,In Progress
Clarion,Licking Twp.,15  ,21  ,63  ,12,0,In Progress
York,Felton Boro,11  ,28  ,94  ,12,0,In Progress
Bedford,Manns Choice Boro,13  ,32  ,78  ,12,0,In Progress
Clinton,South Renovo Boro,15  ,25  ,76  ,12,0,In Progress
Erie,Mill Village Boro,16  ,49  ,4  ,12,0,In Progress
Indiana,West Mahoning,15  ,41  ,66  ,12,0,In Progress
Berks,Lyons Boro,4  ,11  ,130  ,12,0,In Progress
Schuylkill,Foster Twp,9  ,29  ,107  ,12,0,In Progress
Northumberland,Marion Heights Boro,9  ,27  ,107  ,12,0,In Progress
Mercer,Hermitage,16  ,50  ,7  ,11,1468,
Luzerne,Kingston Boro,8  ,20  ,120  ,11,1161,
Somerset,Somerset Boro,14  ,32  ,69  ,11,345,
Clearfield,Grampian Boro,15  ,35  ,75  ,11,1,In Progress
Allegheny,Glenfield,17  ,37  ,44  ,11,1,In Progress
Tioga,Duncan Twp,15  ,23  ,68  ,11,1,In Progress
Crawford,Centerville Boro,16  ,50  ,65  ,11,1,In Progress
Adams,Bendersville,13  ,33  ,193  ,11,1,In Progress
Tioga,Ward Twp,15  ,23  ,68  ,11,0,In Progress
Allegheny,W Elizabeth,12  ,45  ,39  ,11,0,In Progress
Tioga,Bloss Twp,15  ,23  ,68  ,11,0,In Progress
Dauphin,Rush Twp,10  ,34  ,125  ,11,0,In Progress
Indiana,Ernest,14  ,41  ,66  ,11,0,In Progress
Northampton,Chapman,7  ,14  ,138  ,11,0,In Progress
Northumberland,Snydertown Boro,9  ,27  ,108  ,11,0,In Progress
Jefferson,Barnett Twp,15  ,25  ,66  ,11,0,In Progress
Butler,West Sunbury Boro,16  ,21  ,8  ,11,0,In Progress
Westmoreland,Laurel Mountain,14  ,41  ,59  ,11,0,In Progress
Westmoreland,Arona,12  ,39  ,57  ,11,0,In Progress
Jefferson,Corsica Boro,15  ,25  ,66  ,11,0,In Progress
Berks,Centerport Boro,9  ,48  ,5  ,11,0,In Progress
Cumberland,Cooke Twp,10  ,34  ,193  ,11,0,In Progress
Lehigh,South Whitehall,7  ,14  ,132  ,10,1427,
Allegheny,Pittsburgh,17  ,42  ,27  ,10,3,In Progress
Susquehanna,Lanesboro Boro,9  ,20  ,111  ,10,2,In Progress
Jefferson,Porter Twp,15  ,41  ,66  ,10,1,In Progress
Schuylkill,Frailey Twp,9  ,29  ,107  ,10,1,In Progress
Lycoming,Nippenose Twp,15  ,23  ,84  ,10,1,In Progress
Erie,Mn01,16  ,49  ,3  ,10,1,In Progress
Elk,Millstone Twp,15  ,25  ,75  ,10,0,In Progress
Clearfield,Troutville Boro,15  ,35  ,75  ,10,0,In Progress
Beaver,New Galilee Boro,17  ,47  ,14  ,10,0,In Progress
Wyoming,Braintrim Twp,9  ,20  ,110  ,10,0,In Progress
Columbia,Stillwater Boro,9  ,27  ,109  ,10,0,In Progress
Crawford,Venango Boro,16  ,50  ,65  ,10,0,In Progress
Cameron,Gibson Twp,15  ,25  ,67  ,10,0,In Progress
Clarion,Richland Twp.,15  ,21  ,63  ,10,0,In Progress
Clinton,Leidy Twp,15  ,25  ,76  ,10,0,In Progress
Crawford,Blooming Valley Boro,16  ,50  ,65  ,10,0,In Progress
Lycoming,Mcintyre Twp,15  ,23  ,84  ,10,0,In Progress
York,Seven Valleys Boro,11  ,28  ,196  ,10,0,In Progress
Clearfield,Glen Hope Boro,15  ,35  ,73  ,10,0,In Progress
Northumberland,West Cameron Twp,9  ,27  ,107  ,10,0,In Progress
Tioga,Liberty Boro,15  ,23  ,68  ,10,0,In Progress
Erie,Millcreek Twp,16  ,49  ,1  ,10,0,In Progress
Luzerne,Dallas Twp,8  ,20  ,120  ,9,1065,
Allegheny,Pittsburgh,17  ,37  ,44  ,9,2,In Progress
Washington,Boro Of Marianna,14  ,46  ,50  ,9,2,In Progress
Dauphin,Pillow Boro,10  ,34  ,125  ,9,1,In Progress
Allegheny,Pittsburgh,17  ,43  ,32  ,9,1,In Progress
Clarion,Strattanville Boro,15  ,21  ,63  ,9,0,In Progress
Clinton,Grugan Twp,15  ,25  ,76  ,9,0,In Progress
Clarion,Piney Twp.,15  ,21  ,63  ,9,0,In Progress
York,Delta Boro,11  ,28  ,94  ,9,0,In Progress
Indiana,Glen Campbell,15  ,41  ,66  ,9,0,In Progress
Wyoming,Forkston Twp,9  ,20  ,110  ,9,0,In Progress
Clearfield,Mahaffey Boro,15  ,35  ,75  ,9,0,In Progress
Allegheny,Pittsburgh,17  ,42  ,45  ,9,0,In Progress
Lycoming,Picture Rocks Boro,9  ,23  ,84  ,9,0,In Progress
Sullivan,Forksville Boro,9  ,23  ,84  ,9,0,In Progress
Carbon,Weissport Boro,7  ,29  ,122  ,9,0,In Progress
Lycoming,Mcnett Twp,15  ,23  ,84  ,9,0,In Progress
Lehigh,Allentown,7  ,14  ,134  ,8,1808,
Luzerne,Kingston Twp,8  ,20  ,120  ,8,955,
Mercer,Sharon,16  ,50  ,7  ,8,555,
Lawrence,Shenango Twp,16  ,50  ,9  ,8,516,
Somerset,Somerset Twp,14  ,32  ,69  ,8,407,
Washington,Boro Of Finlyville,14  ,46  ,39  ,8,2,In Progress
Allegheny,Pittsburgh,17  ,38  ,20  ,8,1,In Progress
Washington,Boro Of Elco,14  ,46  ,50  ,8,1,In Progress
Susquehanna,Little Meadows Boro,9  ,20  ,111  ,8,0,In Progress
Columbia,Orangeville Boro,9  ,27  ,109  ,8,0,In Progress
Montour,Mayberry Twp,9  ,27  ,108  ,8,0,In Progress
Northumberland,Herndon Boro,9  ,27  ,107  ,8,0,In Progress
York,Lewisberry Boro,10  ,31  ,92  ,8,0,In Progress
Washington,Boro Of Twilight,14  ,46  ,50  ,8,0,In Progress
Lycoming,Brady Twp,15  ,23  ,83  ,8,0,In Progress
Washington,Boro Of Dunlevy,14  ,46  ,50  ,8,0,In Progress
Clearfield,Pine Twp,15  ,35  ,73  ,8,0,In Progress
Schuylkill,Port Clinton Boro,9  ,29  ,124  ,8,0,In Progress
Tioga,Osceola Twp,15  ,23  ,68  ,8,0,In Progress
Allegheny,Haysville,17  ,37  ,44  ,8,0,In Progress
Bradford,Overton Twp,9  ,23  ,68  ,8,0,In Progress
Sullivan,Hillsgrove Twp,9  ,23  ,84  ,8,0,In Progress
Mifflin,Kistler Boro,13  ,30  ,171  ,8,0,In Progress
Lackawanna,Scranton,8  ,22  ,118  ,8,0,In Progress
Butler,Eau Claire Boro,16  ,21  ,17  ,8,0,In Progress
Cameron,Grove Twp,15  ,25  ,67  ,8,0,In Progress
Montgomery,Abington Twp,4  ,12  ,152  ,8,0,In Progress
Lycoming,City Of Williamsport,15  ,23  ,83  ,8,0,In Progress
Lehigh,North Whitehall,7  ,16  ,183  ,7,1600,
Lehigh,Upper Milford,7  ,16  ,131  ,7,1291,
Lawrence,Union Twp,16  ,50  ,9  ,7,342,
Allegheny,Pittsburgh,12  ,45  ,38  ,7,1,In Progress
Allegheny,Pittsburgh,12  ,45  ,35  ,7,1,In Progress
Butler,Butler Twp,16  ,21  ,8  ,7,1,In Progress
Lycoming,Mchenry Twp,15  ,23  ,84  ,7,1,In Progress
Schuylkill,Tremont Twp,9  ,29  ,107  ,7,1,In Progress
Allegheny,Pittsburgh,12  ,37  ,40  ,7,1,In Progress
Bedford,Pavia Twp,13  ,32  ,78  ,7,1,In Progress
Adams,York Springs,13  ,33  ,193  ,7,0,In Progress
Cameron,Driftwood Boro,15  ,25  ,67  ,7,0,In Progress
Schuylkill,Landingville Boro,9  ,29  ,124  ,7,0,In Progress
Bucks,Middletown Twp,1  ,10  ,31  ,7,0,In Progress
Wayne,Starrucca Boro.,8  ,20  ,111  ,7,0,In Progress
Cumberland,Hampden Twp,10  ,31  ,88  ,7,0,In Progress
Allegheny,Ross,17  ,38  ,30  ,7,0,In Progress
Westmoreland,Youngstown,14  ,39  ,59  ,7,0,In Progress
Washington,Boro Of Beallsville,14  ,46  ,50  ,7,0,In Progress
Bedford,New Paris Boro,13  ,32  ,78  ,7,0,In Progress
Lancaster,Lancaster City,11  ,36  ,96  ,7,0,In Progress
Butler,Bruin Boro,16  ,21  ,17  ,7,0,In Progress
Clearfield,Westover Boro,15  ,35  ,73  ,7,0,In Progress
Beaver,Darlington Boro,17  ,47  ,14  ,7,0,In Progress
Luzerne,Wilkes-Barre City,8  ,22  ,121  ,6,2466,
Lehigh,Whitehall,7  ,14  ,133  ,6,2303,
Lehigh,Bethlehem,7  ,18  ,133  ,6,1733,
Centre,Spring Twp.,15  ,25  ,171  ,6,729,
Centre,Potter Twp.,15  ,25  ,171  ,6,339,
Mercer,Greenville,16  ,50  ,7  ,6,193,
Lawrence,New Wilmington Boro,16  ,50  ,9  ,6,115,
Allegheny,Shaler,17  ,38  ,28  ,6,3,In Progress
Schuylkill,New Ringgold Boro,9  ,29  ,124  ,6,2,In Progress
Bradford,Leraysville Boro,9  ,23  ,110  ,6,1,In Progress
Allegheny,Pittsburgh,12  ,45  ,25  ,6,1,In Progress
York,Railroad Boro,11  ,28  ,169  ,6,1,In Progress
Indiana,Creekside,14  ,41  ,62  ,6,0,In Progress
Westmoreland,Adamsburg,12  ,39  ,57  ,6,0,In Progress
Allegheny,Pittsburgh,17  ,38  ,21  ,6,0,In Progress
Bucks,Bensalem Twp,1  ,6  ,142  ,6,0,In Progress
Cumberland,Upper Allen Twp,10  ,31  ,88  ,6,0,In Progress
Berks,Lenhartsville Boro,4  ,48  ,124  ,6,0,In Progress
Bucks,Falls Twp,1  ,10  ,141  ,6,0,In Progress
Union,Hartleton Boro,15  ,23  ,76  ,6,0,In Progress
Beaver,Glasgow Boro,17  ,47  ,15  ,6,0,In Progress
Lancaster,Hempfield East Twp,11  ,13  ,49  ,6,0,In Progress
Washington,Boro Of Coal Center,14  ,46  ,50  ,6,0,In Progress
Clinton,Allison Twp,15  ,25  ,76  ,6,0,In Progress
Bradford,Armenia Twp,9  ,23  ,68  ,6,0,In Progress
Allegheny,Penn Hills,12  ,45  ,25  ,6,0,In Progress
Indiana,Cherry Tree,14  ,41  ,66  ,6,0,In Progress
Westmoreland,Penn,12  ,39  ,56  ,6,0,In Progress
Allegheny,Pittsburgh,17  ,42  ,20  ,6,0,In Progress
Bradford,Sylvania Boro,9  ,23  ,68  ,6,0,In Progress
Clarion,Hawthorn Boro,15  ,21  ,63  ,6,0,In Progress
Lehigh,Emmaus,7  ,14  ,134  ,5,1139,
Luzerne,Hazleton City,8  ,29  ,116  ,5,858,
Lehigh,Weisenberg,7  ,16  ,187  ,5,537,
Lehigh,Allentown,7  ,16  ,132  ,5,347,
Cambria,Lower Yoder Twp,13  ,35  ,72  ,5,246,
Montgomery,Upper Merion Twp,4  ,44  ,150  ,5,2,In Progress
Allegheny,Pittsburgh,17  ,37  ,45  ,5,2,In Progress
Crawford,Spartansburg Boro,16  ,50  ,65  ,5,1,In Progress
Clarion,St. Petersburg Boro,15  ,21  ,63  ,5,1,In Progress
Allegheny,Monroeville,17  ,43  ,32  ,5,1,In Progress
Allegheny,Trafford,12  ,45  ,25  ,5,1,In Progress
Montgomery,Upper Dublin Twp,1  ,12  ,151  ,5,1,In Progress
Bucks,Middletown Twp,1  ,6  ,178  ,5,0,In Progress
Dauphin,Harrisburg,10  ,15  ,105   ,5,0,In Progress
Allegheny,Scott,17  ,42  ,42  ,5,0,In Progress
Butler,Fairview Boro,16  ,21  ,17  ,5,0,In Progress
Crawford,Springboro Boro,16  ,50  ,6  ,5,0,In Progress
Crawford,Townville Boro,16  ,50  ,64  ,5,0,In Progress
Crawford,Woodcock Boro,16  ,50  ,65  ,5,0,In Progress
Mifflin,Newton Hamilton Boro,13  ,30  ,171  ,5,0,In Progress
Jefferson,Beaver Twp,15  ,25  ,66  ,5,0,In Progress
Bucks,Northampton Twp,1  ,6  ,144  ,5,0,In Progress
Susquehanna,Friendsville Boro,9  ,20  ,111  ,5,0,In Progress
Bradford,Burlington Boro,9  ,23  ,68  ,5,0,In Progress
Lancaster,Manheim Twp,11  ,13  ,97  ,5,0,In Progress
Allegheny,Swissvale,12  ,43  ,23  ,5,0,In Progress
Allegheny,Mt Lebanon,17  ,42  ,27  ,5,0,In Progress
Berks,Exeter Twp,6  ,11  ,127  ,5,0,In Progress
Westmoreland,Donegal,14  ,39  ,59  ,5,0,In Progress
Montgomery,Lower Gwynedd Twp,4  ,12  ,151  ,5,0,In Progress
Bucks,Northampton Twp,1  ,10  ,29  ,5,0,In Progress
Washington,Boro Of West Middletown,14  ,46  ,15  ,5,0,In Progress
Westmoreland,Penn Twp,12  ,39  ,55  ,5,0,In Progress
Montgomery,West Norriton Twp,5  ,17  ,149  ,5,0,In Progress
Bucks,Bensalem Twp,1  ,6  ,144  ,5,0,In Progress
Dauphin,Berrysburg Boro,10  ,34  ,125  ,5,0,In Progress
Bucks,New Britain Twp,1  ,10  ,29  ,5,0,In Progress
Bedford,Woodbury Boro,13  ,32  ,78  ,5,0,In Progress
Erie,Mn01,16  ,49  ,4  ,5,0,In Progress
York,West Manchester Twp,10  ,31  ,47  ,5,0,In Progress
Bedford,St. Clairsville Boro,13  ,32  ,78  ,5,0,In Progress
Westmoreland,Greensburg,14  ,39  ,59  ,5,0,In Progress
Chester,W Bradford Twp,6  ,44  ,155  ,5,0,In Progress
Bradford,Rome Boro,9  ,23  ,110  ,5,0,In Progress
Bucks,Newtown Twp,1  ,6  ,142  ,5,0,In Progress
Lycoming,Salladasburg Boro,15  ,23  ,84  ,5,0,In Progress
Blair,Altoona,13  ,30  ,79  ,4,2202,
Luzerne,Butler Twp,8  ,27  ,117  ,4,887,
Lehigh,Upper Macungie,7  ,16  ,187  ,4,825,
Luzerne,Fairview Twp,8  ,27  ,119  ,4,549,
Lehigh,Washington,7  ,16  ,187  ,4,529,
Warren,Mn2800,15  ,21  ,65  ,4,497,
Mercer,Grove City,16  ,50  ,17  ,4,273,
Luzerne,Salem Twp,9  ,27  ,117  ,4,245,
Lehigh,Slatington,7  ,16  ,183  ,4,206,
Lawrence,Pulaski Twp,16  ,50  ,9  ,4,195,
Mercer,Hempfield,16  ,50  ,7  ,4,186,
Luzerne,Conyngham Boro,9  ,27  ,117  ,4,168,
Blair,Freedom Twp,13  ,30  ,80  ,4,148,
Lawrence,Washington Twp,16  ,50  ,8  ,4,32,In Progress
Lehigh,North Whitehall,7  ,14  ,133  ,4,4,In Progress
Cumberland,Hampden Twp,10  ,34  ,103  ,4,2,In Progress
Dauphin,Susquehanna Twp,10  ,15  ,125  ,4,1,In Progress
Lebanon,Palmyra Boro,9  ,48  ,98  ,4,1,In Progress
York,Springettsbury Twp,11  ,28  ,93  ,4,1,In Progress
Bucks,Middletown Twp,1  ,10  ,141  ,4,0,In Progress
Butler,Harmony Boro,16  ,21  ,11  ,4,0,In Progress
Juniata,Tuscarora/East Waterford,13  ,30  ,86  ,4,0,In Progress
Mifflin,Mcveytown Boro,13  ,30  ,171  ,4,0,In Progress
Butler,Middlesex Twp,16  ,21  ,8  ,4,0,In Progress
Butler,Middlesex Twp,16  ,47  ,12  ,4,0,In Progress
Bradford,Alba Boro,9  ,23  ,68  ,4,0,In Progress
Bucks,Middletown Twp,1  ,10  ,140  ,4,0,In Progress
Columbia,Centralia Boro,9  ,27  ,109  ,4,0,In Progress
Allegheny,Mccandless,17  ,38  ,20  ,4,0,In Progress
Lancaster,Manheim Twp,11  ,13  ,49  ,4,0,In Progress
Beaver,New Sewickley Twp,17  ,47  ,16  ,4,0,In Progress
Delaware,Haverford Twp,5  ,26  ,165  ,4,0,In Progress
Lancaster,Lancaster Twp,11  ,36  ,96  ,4,0,In Progress
Allegheny,Casl Shannon,12  ,37  ,39  ,4,0,In Progress
Lancaster,Lancaster Twp,11  ,13  ,97  ,4,0,In Progress
Bucks,Buckingham Twp,1  ,16  ,143  ,4,0,In Progress
Allegheny,Ross,17  ,38  ,28  ,4,0,In Progress
Westmoreland,Unity Twp,14  ,39  ,57  ,4,0,In Progress
Susquehanna,Hop Bottom Boro,9  ,20  ,111  ,4,0,In Progress
Bucks,Northampton Twp,1  ,10  ,31  ,4,0,In Progress
Tioga,Roseville Boro,15  ,23  ,68  ,4,0,In Progress
Montgomery,Norristown Boro,4  ,17  ,70  ,4,0,In Progress
Dauphin,Swatara Twp,10  ,15  ,105   ,4,0,In Progress
Lancaster,Lancaster City,11  ,36  ,41  ,4,0,In Progress
Lebanon,Lebanon City,9  ,48  ,102  ,4,0,In Progress
Berks,Spring Twp,9  ,48  ,5  ,4,0,In Progress
Lancaster,Lampeter East Twp,11  ,36  ,96  ,4,0,In Progress
Montgomery,Abington Twp,1  ,12  ,151  ,4,0,In Progress
Delaware,Newtown Twp,5  ,17  ,166  ,4,0,In Progress
Montgomery,Abington Twp,4  ,4  ,154  ,4,0,In Progress
Lancaster,Hempfield East Twp,11  ,36  ,37  ,4,0,In Progress
Butler,Slippery Rock Twp,16  ,21  ,11  ,4,0,In Progress
York,Wellsville Boro,10  ,31  ,92  ,4,0,In Progress
Lancaster,Hempfield East Twp,11  ,13  ,97  ,4,0,In Progress
Allegheny,Bethel Park,12  ,37  ,39  ,4,0,In Progress
Delaware,Upper Darby Twp,5  ,26  ,162  ,4,0,In Progress
Cumberland,East Pennsboro Twp,10  ,34  ,88  ,4,0,In Progress
Montgomery,Lower Merion Twp,4  ,44  ,150  ,4,0,In Progress
Lycoming,Old Lycoming Twp,9  ,23  ,83  ,4,0,In Progress
Washington,Township Of Peters,14  ,46  ,46  ,4,0,In Progress
Clearfield,Burnside Boro,15  ,35  ,73  ,4,0,In Progress
Berks,Muhlenberg Twp,6  ,11  ,129  ,4,0,In Progress
Delaware,Ridley Twp,5  ,26  ,163  ,4,0,In Progress
Beaver,Eastvale Boro,17  ,47  ,14  ,4,0,In Progress
Clearfield,Brisbin Boro,15  ,35  ,73  ,4,0,In Progress
Montour,Washingtonville Boro,9  ,27  ,108  ,4,0,In Progress
Jefferson,Timblin Boro,15  ,41  ,66  ,4,0,In Progress
Montgomery,Horsham Twp,4  ,24  ,61  ,4,0,In Progress
York,York City,10  ,31  ,196  ,4,0,In Progress
Butler,Butler City,16  ,21  ,8  ,4,0,In Progress
Bucks,Bristol Twp,1  ,10  ,140  ,4,0,In Progress
Beaver,Homewood Boro,17  ,47  ,14  ,4,0,In Progress
Lackawanna,Scranton,8  ,40  ,112  ,4,0,In Progress
Chester,Westtown Twp,6  ,9  ,158  ,4,0,In Progress
Montgomery,Lansdale Boro,4  ,12  ,151  ,4,0,In Progress
Lehigh,Allentown,7  ,14  ,22  ,3,1481,
Fayette,North Union Twp,14  ,32  ,51  ,3,906,
Cambria,Johnstown City,13  ,35  ,72  ,3,841,
Cambria,Richland Twp,13  ,35  ,71  ,3,840,
Blair,Frankstown Twp,13  ,30  ,80  ,3,791,
Centre,Benner Twp.,15  ,25  ,82  ,3,624,
Centre,Bellefonte Boro.,15  ,25  ,171  ,3,498,
Centre,Walker Twp.,15  ,25  ,171  ,3,434,
Venango,Cranberry Twp,15  ,21  ,64  ,3,375,
Lawrence,Ellwood City,16  ,47  ,8  ,3,356,
Luzerne,Wyoming Boro,8  ,22  ,120  ,3,356,
Lehigh,Fountain Hill,7  ,14  ,133  ,3,346,
Somerset,Conemaugh Twp,14  ,32  ,69  ,3,303,
Lehigh,Lynn,7  ,16  ,187  ,3,282,
Luzerne,Dallas Boro,9  ,20  ,117  ,3,273,
Lehigh,Heidelberg,7  ,16  ,187  ,3,255,
Blair,North Woodbury,13  ,30  ,80  ,3,250,
Lehigh,Lowhill,7  ,16  ,183  ,3,218,
Centre,Gregg Twp.,15  ,25  ,171  ,3,206,
Armstrong,Manor Twp,15  ,41  ,60  ,3,204,
Perry,Wheatfield Twp,13  ,34  ,86  ,3,203,
Luzerne,Franklin Twp,8  ,20  ,120  ,3,148,
Lawrence,Wilmington Twp,16  ,50  ,9  ,3,136,
Venango,Plum Twp,15  ,21  ,64  ,3,55,
Armstrong,Bethel Twp,15  ,41  ,60  ,3,55,
Centre,Patton Twp.,15  ,25  ,77  ,3,2,In Progress
Montgomery,Upper Gwynedd Twp,4  ,44  ,150  ,3,2,In Progress
Allegheny,Wilkinsburg,12  ,43  ,34  ,3,2,In Progress
Montgomery,Plymouth Twp,5  ,17  ,54  ,3,1,In Progress
Dauphin,Lower Paxton Twp,10  ,15  ,106   ,3,1,In Progress
Montgomery,Hatboro Boro,1  ,12  ,151  ,3,1,In Progress
Dauphin,Swatara Twp,10  ,15  ,125  ,3,1,In Progress
Allegheny,Mccandless,17  ,37  ,30  ,3,1,In Progress
Montgomery,Conshohocken Boro,5  ,17  ,149  ,3,1,In Progress
York,York City,10  ,31  ,47  ,3,1,In Progress
Allegheny,Mckeesport,17  ,43  ,34  ,3,0,In Progress
Butler,Karns City Boro,16  ,21  ,17  ,3,0,In Progress
Beaver,Georgetown Boro,17  ,47  ,15  ,3,0,In Progress
Allegheny,Avalon,17  ,42  ,30  ,3,0,In Progress
Erie,Franklin Twp,16  ,49  ,2  ,3,0,In Progress
Jefferson,Worthville Boro,15  ,41  ,66  ,3,0,In Progress
Allegheny,Mccandless,17  ,37  ,28  ,3,0,In Progress
Erie,Harborcreek Twp.,16  ,49  ,3  ,3,0,In Progress
Beaver,Frankfort Springs,17  ,46  ,15  ,3,0,In Progress
Allegheny,Scott,12  ,37  ,42  ,3,0,In Progress
Allegheny,Scott,12  ,37  ,40  ,3,0,In Progress
Bucks,Morrisville Boro,1  ,10  ,31  ,3,0,In Progress
Allegheny,Ross,17  ,43  ,32  ,3,0,In Progress
Allegheny,Scott,17  ,37  ,45  ,3,0,In Progress
Butler,Penn Twp,16  ,21  ,11  ,3,0,In Progress
Bucks,Northampton Twp,1  ,16  ,143  ,3,0,In Progress
Allegheny,S Fayette,17  ,42  ,42  ,3,0,In Progress
Erie,Millcreek Twp,16  ,49  ,2  ,3,0,In Progress
Bucks,Lower Makefield Twp,1  ,10  ,29  ,3,0,In Progress
Wyoming,Meshoppen Boro,9  ,20  ,110  ,3,0,In Progress
Montgomery,Plymouth Twp,5  ,17  ,149  ,3,0,In Progress
York,York Twp,11  ,28  ,94  ,3,0,In Progress
Cumberland,East Pennsboro Twp,10  ,34  ,87  ,3,0,In Progress
Cumberland,Lower Allen Twp,10  ,34  ,199  ,3,0,In Progress
Allegheny,Jefferson Hl,12  ,45  ,38  ,3,0,In Progress
Lycoming,Brown Twp,15  ,23  ,84  ,3,0,In Progress
Allegheny,Whitehall,17  ,42  ,42  ,3,0,In Progress
Cumberland,Silver Spring Twp,10  ,31  ,88  ,3,0,In Progress
Northampton,Bethlehem Twsp,7  ,18  ,138  ,3,0,In Progress
Allegheny,Whitehall,17  ,38  ,28  ,3,0,In Progress
Erie,North East Boro,16  ,49  ,3  ,3,0,In Progress
Lackawanna,Dunmore,8  ,22  ,113  ,3,0,In Progress
Cumberland,Upper Allen Twp,10  ,31  ,103  ,3,0,In Progress
Montgomery,Plymouth Twp,4  ,12  ,70  ,3,0,In Progress
Dauphin,Derry Twp,10  ,15  ,104  ,3,0,In Progress
Lackawanna,Jessup,8  ,22  ,114  ,3,0,In Progress
Montgomery,Springfield Twp,4  ,4  ,153  ,3,0,In Progress
Allegheny,S Fayette,12  ,37  ,40  ,3,0,In Progress
Delaware,Upper Chichester Twp,5  ,9  ,161  ,3,0,In Progress
Berks,Muhlenberg Twp,6  ,11  ,127  ,3,0,In Progress
York,West Manchester Twp,11  ,28  ,93  ,3,0,In Progress
Montgomery,Montgomery Twp,4  ,12  ,61  ,3,0,In Progress
York,West Manchester Twp,10  ,31  ,95  ,3,0,In Progress
Montgomery,Montgomery Twp,4  ,12  ,53  ,3,0,In Progress
Bucks,Doylestown Twp,1  ,6  ,144  ,3,0,In Progress
Allegheny,Robinson,17  ,42  ,45  ,3,0,In Progress
Westmoreland,Munic Of Murrysville,12  ,39  ,56  ,3,0,In Progress
Chester,W Whiteland Twp,6  ,19  ,156  ,3,0,In Progress
Indiana,Rayne,14  ,41  ,62  ,3,0,In Progress
Berks,Reading,4  ,11  ,126  ,3,0,In Progress
Indiana,Plumville,14  ,41  ,66  ,3,0,In Progress
Bucks,Warminster Twp,1  ,10  ,143  ,3,0,In Progress
Montgomery,Whitpain Twp,4  ,44  ,150  ,3,0,In Progress
Allegheny,Pine,17  ,37  ,28  ,3,0,In Progress
Bedford,Rainsburg Boro,13  ,32  ,78  ,3,0,In Progress
Montgomery,Lower Salford Twp,4  ,24  ,70  ,3,0,In Progress
Montgomery,Whitpain Twp,4  ,24  ,146  ,3,0,In Progress
Dauphin,Susquehanna Twp,10  ,15  ,104  ,3,0,In Progress
Chester,Uwchlan Twp,6  ,19  ,156  ,3,0,In Progress
Chester,Tredyffrin Twp,6  ,9  ,158  ,3,0,In Progress
Delaware,Aston Twp,5  ,26  ,165  ,3,0,In Progress
Allegheny,Up St Clair,17  ,42  ,42  ,3,0,In Progress
Allegheny,Casl Shannon,17  ,42  ,42  ,3,0,In Progress
Allegheny,Mt Lebanon,17  ,37  ,45  ,3,0,In Progress
Chester,Phoenixville Boro,6  ,44  ,157  ,3,0,In Progress
Erie,Wattsburg Boro,16  ,49  ,4  ,3,0,In Progress
Montgomery,Lower Merion Twp,4  ,4  ,153  ,3,0,In Progress
Bucks,Buckingham Twp,1  ,10  ,31  ,3,0,In Progress
Montgomery,Lansdale Boro,1  ,12  ,53  ,3,0,In Progress
Beaver,Hookstown Boro,17  ,47  ,15  ,3,0,In Progress
Bedford,Hopewell Boro,13  ,32  ,78  ,3,0,In Progress
Westmoreland,E Huntingdon Twp,14  ,39  ,57  ,3,0,In Progress
Bucks,Bristol Twp,1  ,6  ,18  ,3,0,In Progress
Bucks,Warrington Twp,1  ,16  ,143  ,3,0,In Progress
Montgomery,Jenkintown Boro,4  ,4  ,153  ,3,0,In Progress
Westmoreland,Greensburg,12  ,39  ,56  ,3,0,In Progress
Chester,Modena Boro,6  ,19  ,74  ,3,0,In Progress
Allegheny,Pittsburgh,12  ,45  ,36  ,3,0,In Progress
Lancaster,Penn Twp,11  ,36  ,97  ,3,0,In Progress
Montgomery,Hatfield Twp,4  ,24  ,61  ,3,0,In Progress
Bucks,Warwick Twp,1  ,6  ,144  ,3,0,In Progress
Delaware,Ridley Twp,5  ,9  ,159  ,3,0,In Progress
Chester,Downingtown Boro,6  ,44  ,155  ,3,0,In Progress
Lancaster,Earl West Twp,11  ,36  ,37  ,3,0,In Progress
Allegheny,Franklin Pk,17  ,38  ,28  ,3,0,In Progress
Allegheny,N Fayette,17  ,37  ,45  ,3,0,In Progress
Montgomery,Upper Gwynedd Twp,4  ,12  ,70  ,3,0,In Progress
Bucks,West Rockhill Twp,1  ,6  ,144  ,3,0,In Progress
Allegheny,South Park,12  ,37  ,40  ,3,0,In Progress
Allegheny,Pittsburgh,17  ,38  ,28  ,3,0,In Progress
Montgomery,East Norriton Twp,4  ,12  ,61  ,3,0,In Progress
Lancaster,Manheim Twp,11  ,36  ,37  ,3,0,In Progress
Delaware,Haverford Twp,5  ,9  ,160  ,3,0,In Progress
Bradford,New Albany Boro,9  ,23  ,110  ,3,0,In Progress
Montgomery,Upper Dublin Twp,4  ,24  ,61  ,3,0,In Progress
Delaware,Marple Twp,5  ,9  ,168  ,3,0,In Progress
Lancaster,Lancaster City,11  ,13  ,97  ,3,0,In Progress
Chester,E Marlborough Twnshp,6  ,44  ,74  ,3,0,In Progress
Montgomery,Upper Dublin Twp,1  ,12  ,53  ,3,0,In Progress
Lancaster,Ephrata Twp,11  ,36  ,37  ,3,0,In Progress
Lancaster,Hempfield East Twp,11  ,36  ,96  ,3,0,In Progress
Lancaster,Lampeter West Twp,11  ,36  ,97  ,3,0,In Progress
Lancaster,Lampeter West Twp,11  ,13  ,49  ,3,0,In Progress
Chester,E Goshen Twp,6  ,44  ,155  ,3,0,In Progress
Montgomery,Towamencin Twp,4  ,24  ,146  ,3,0,In Progress
Lancaster,Lampeter East Twp,11  ,36  ,37  ,3,0,In Progress
Delaware,Newtown Twp,5  ,9  ,168  ,3,0,In Progress
Chester,E Fallowfield Twnshp,6  ,44  ,155  ,3,0,In Progress
Montgomery,Cheltenham Twp,4  ,12  ,152  ,3,0,In Progress
Luzerne,Hanover Twp,8  ,20  ,119  ,2,893,
Lehigh,Salisbury,7  ,14  ,134  ,2,658,
Luzerne,Pittston City,8  ,22  ,118  ,2,644,
Fayette,Uniontown City,14  ,32  ,51  ,2,606,
Lehigh,Salisbury,7  ,14  ,22  ,2,585,
Luzerne,Exeter Boro,8  ,20  ,120  ,2,577,
Venango,Oil City,15  ,21  ,64  ,2,469,
Luzerne,Rice Twp,8  ,27  ,119  ,2,453,
Luzerne,Forty Fort Boro,8  ,20  ,120  ,2,435,
Fayette,Bullskin Twp,14  ,32  ,52  ,2,427,
Venango,Franklin,16  ,21  ,64  ,2,410,
Blair,Blair Twp,13  ,30  ,80  ,2,385,
Cambria,Cambria Twp,13  ,35  ,72  ,2,384,
Cambria,Upper Yoder Twp,13  ,35  ,72  ,2,360,
Luzerne,Larksville Boro,8  ,20  ,119  ,2,354,
Greene,Cumberland Twp,14  ,46  ,50  ,2,342,
Mercer,Pine Twp,16  ,50  ,17  ,2,305,
Luzerne,West Wyoming Boro,8  ,20  ,120  ,2,287,
Mercer,Sharpsville,16  ,50  ,7  ,2,281,
Luzerne,Wilkes-Barre Twp,8  ,22  ,121  ,2,276,
Luzerne,Plymouth Boro,8  ,20  ,119  ,2,275,
Luzerne,Bear Creek Twp,8  ,29  ,121  ,2,267,
Cambria,Adams Twnshp,13  ,35  ,71  ,2,258,
Warren,Conewango Twp,15  ,21  ,65  ,2,233,
Lehigh,Coplay,7  ,14  ,133  ,2,211,
Fayette,Masontown Boro,14  ,32  ,51  ,2,198,
Warren,Pleasant Twp,15  ,21  ,65  ,2,194,
Somerset,Jenner Twp,14  ,32  ,69  ,2,191,
Blair,Tyrone Boro,13  ,30  ,80  ,2,186,
Perry,Marysville Boro,13  ,34  ,86  ,2,146,
Lawrence,Perry Twp,16  ,47  ,8  ,2,137,
Potter,Coudersport,15  ,25  ,67  ,2,130,
Greene,Waynesburg Boro,14  ,46  ,50  ,2,130,
Somerset,Shade Twp,14  ,32  ,69  ,2,128,
Lawrence,Scott Twp,16  ,50  ,8  ,2,122,
Fayette,Jefferson Twp,14  ,32  ,52  ,2,104,
Centre,Haines Twp.,15  ,25  ,171  ,2,92,
Somerset,Quemahoning Twp,14  ,32  ,69  ,2,86,
Huntingdon,Cromwell Twp,13  ,30  ,81  ,2,56,
Venango,President Twp,15  ,21  ,64  ,2,49,
Perry,Sandy Hill Dist,13  ,34  ,86  ,2,40,
Venango,Scrubgrass Twp,15  ,21  ,64  ,2,39,
Centre,Millheim Boro.,15  ,25  ,171  ,2,38,
Lawrence,Little Beaver Twp,16  ,47  ,8  ,2,36,
Cambria,Dean Twp,13  ,35  ,71  ,2,29,
Perry,Miller Twp,13  ,34  ,86  ,2,28,
Somerset,Lower Turkeyfoot Twp,14  ,32  ,69  ,2,23,
Lawrence,Plain Grove Twp,16  ,50  ,8  ,2,19,
Warren,Tidioute Boro,15  ,21  ,65  ,2,18,In Progress
Montgomery,Upper Moreland Twp,1  ,12  ,151  ,2,2,In Progress
Dauphin,Lower Paxton Twp,10  ,15  ,103  ,2,2,In Progress
Allegheny,Mt Lebanon,17  ,37  ,46  ,2,2,In Progress
Butler,Center Twp,16  ,21  ,11  ,2,1,In Progress
Montgomery,West Norriton Twp,4  ,24  ,147  ,2,1,In Progress
York,Manchester Twp,10  ,31  ,95  ,2,1,In Progress
Butler,Petrolia Boro,16  ,21  ,17  ,2,1,In Progress
Dauphin,Lower Paxton Twp,10  ,15  ,104  ,2,1,In Progress
Allegheny,Up St Clair,17  ,42  ,27  ,2,1,In Progress
Erie,Greenfield Twp,16  ,49  ,3  ,2,0,In Progress
Allegheny,Fox Chapel,12  ,43  ,23  ,2,0,In Progress
Bucks,Newtown Twp,1  ,16  ,143  ,2,0,In Progress
Bucks,Newtown Twp,1  ,10  ,29  ,2,0,In Progress
Cameron,Portage Twp,15  ,25  ,67  ,2,0,In Progress
Bucks,New Hope Boro,1  ,6  ,142  ,2,0,In Progress
Bucks,Newtown Twp,1  ,6  ,144  ,2,0,In Progress
Allegheny,Bethel Park,17  ,42  ,42  ,2,0,In Progress
Montgomery,Souderton Boro,4  ,24  ,147  ,2,0,In Progress
Allegheny,Forest Hills,12  ,45  ,25  ,2,0,In Progress
Erie,Fairview Twp,16  ,49  ,1  ,2,0,In Progress
Beaver,Shippingport Boro,17  ,47  ,15  ,2,0,In Progress
Allegheny,Forest Hills,12  ,43  ,34  ,2,0,In Progress
Erie,Edinboro,16  ,49  ,1  ,2,0,In Progress
Allegheny,Greentree,17  ,42  ,42  ,2,0,In Progress
Allegheny,Avalon,17  ,38  ,30  ,2,0,In Progress
Beaver,Chippewa Twp,17  ,47  ,15  ,2,0,In Progress
Montgomery,Trappe Boro Boro,4  ,44  ,150  ,2,0,In Progress
Allegheny,Bethel Park,17  ,42  ,27  ,2,0,In Progress
Washington,Twp. Of North Strabane,14  ,46  ,40  ,2,0,In Progress
Wayne,Palmyra Twp.,8  ,20  ,111  ,2,0,In Progress
Butler,Mars Boro,16  ,47  ,8  ,2,0,In Progress
Allegheny,Shaler,17  ,37  ,46  ,2,0,In Progress
Allegheny,Shaler,17  ,38  ,20  ,2,0,In Progress
Allegheny,Wilkinsburg,17  ,42  ,42  ,2,0,In Progress
Bucks,Middletown Twp,1  ,6  ,18  ,2,0,In Progress
Allegheny,Mccandless,12  ,43  ,24  ,2,0,In Progress
Delaware,Upper Providence Twp,5  ,9  ,160  ,2,0,In Progress
Bucks,Middletown Twp,1  ,10  ,29  ,2,0,In Progress
Allegheny,Edgewood,12  ,43  ,34  ,2,0,In Progress
Delaware,Upper Providence Twp,5  ,26  ,163  ,2,0,In Progress
Allegheny,Wilkinsburg,17  ,42  ,21  ,2,0,In Progress
Delaware,Upper Darby Twp,5  ,9  ,160  ,2,0,In Progress
Montgomery,Skippack Twp,4  ,24  ,146  ,2,0,In Progress
Montgomery,Skippack Twp,1  ,12  ,147  ,2,0,In Progress
Bucks,Lower Southampton Twp,1  ,6  ,18  ,2,0,In Progress
Montgomery,Springfield Twp,4  ,12  ,153  ,2,0,In Progress
Bucks,Lower Southampton Twp,1  ,6  ,144  ,2,0,In Progress
Montgomery,Salford Twp,4  ,24  ,147  ,2,0,In Progress
Montgomery,Royersford Boro,4  ,24  ,146  ,2,0,In Progress
Allegheny,Wilkinsburg,17  ,43  ,32  ,2,0,In Progress
York,Dover Twp,10  ,31  ,47  ,2,0,In Progress
York,Dover Twp,10  ,31  ,95  ,2,0,In Progress
Bucks,Lower Makefield Twp,1  ,6  ,142  ,2,0,In Progress
Montgomery,Pottstown Boro,5  ,17  ,54  ,2,0,In Progress
Erie,Millcreek Twp,16  ,49  ,4  ,2,0,In Progress
Allegheny,Moon,17  ,37  ,45  ,2,0,In Progress
Bucks,Lower Makefield Twp,1  ,6  ,140  ,2,0,In Progress
Clearfield,New Washington Boro,15  ,35  ,75  ,2,0,In Progress
Wayne,Texas Twp.,8  ,20  ,111  ,2,0,In Progress
Delaware,Upper Darby Twp,5  ,26  ,165  ,2,0,In Progress
Philadelphia,(Empty),3  ,7  ,10  ,2,0,In Progress
Allegheny,Ross,17  ,38  ,21  ,2,0,In Progress
Montgomery,Plymouth Twp,4  ,4  ,154  ,2,0,In Progress
Montgomery,Plymouth Twp,4  ,17  ,70  ,2,0,In Progress
Philadelphia,(Empty),2  ,2  ,180  ,2,0,In Progress
Lackawanna,Dunmore,8  ,22  ,114  ,2,0,In Progress
Lackawanna,Dunmore,8  ,22  ,118  ,2,0,In Progress
Lackawanna,Dunmore,8  ,40  ,112  ,2,0,In Progress
Erie,Summit Twp,16  ,49  ,1  ,2,0,In Progress
Bucks,Lower Makefield Twp,1  ,10  ,140  ,2,0,In Progress
York,Fairview Twp,10  ,31  ,95  ,2,0,In Progress
Montgomery,Plymouth Twp,4  ,12  ,151  ,2,0,In Progress
Allegheny,Wilkinsburg,12  ,45  ,25  ,2,0,In Progress
Allegheny,Marshall,12  ,37  ,40  ,2,0,In Progress
Montgomery,Perkiomen Twp,4  ,24  ,150  ,2,0,In Progress
Allegheny,Mt Lebanon,12  ,37  ,42  ,2,0,In Progress
Bucks,Falls Twp,1  ,6  ,178  ,2,0,In Progress
Cumberland,Camp Hill Boro,10  ,31  ,87  ,2,0,In Progress
Northampton,Hanover,7  ,18  ,135  ,2,0,In Progress
Allegheny,Shaler,17  ,38  ,33  ,2,0,In Progress
Cumberland,Camp Hill Boro,10  ,34  ,87  ,2,0,In Progress
Montgomery,Norristown Boro,4  ,12  ,54  ,2,0,In Progress
Franklin,Chambersburg Boro,13  ,33  ,90  ,2,0,In Progress
Bucks,Falls Twp,1  ,6  ,140  ,2,0,In Progress
Montgomery,New Hanover Twp,4  ,44  ,150  ,2,0,In Progress
Montgomery,Narberth Boro,4  ,7  ,54  ,2,0,In Progress
Bucks,Falls Twp,1  ,10  ,31  ,2,0,In Progress
Montgomery,Montgomery Twp,5  ,17  ,149  ,2,0,In Progress
Northampton,Palmer,7  ,18  ,138  ,2,0,In Progress
Lackawanna,Old Forge,8  ,22  ,113  ,2,0,In Progress
Butler,Connoquenessing Twp,16  ,21  ,11  ,2,0,In Progress
Bucks,Upper Makefield Twp,1  ,10  ,29  ,2,0,In Progress
Montgomery,Montgomery Twp,4  ,12  ,153  ,2,0,In Progress
Northampton,Freemansburg,7  ,18  ,137  ,2,0,In Progress
Bucks,Upper Makefield Twp,1  ,6  ,144  ,2,0,In Progress
Allegheny,Baldwin Br,12  ,37  ,40  ,2,0,In Progress
Lackawanna,Scott Twp,8  ,40  ,112  ,2,0,In Progress
Lackawanna,Scranton,8  ,22  ,112  ,2,0,In Progress
Allegheny,Robinson,17  ,42  ,42  ,2,0,In Progress
Allegheny,Robinson,17  ,37  ,44  ,2,0,In Progress
Allegheny,Shaler,17  ,42  ,42  ,2,0,In Progress
Bucks,Upper Southampton Twp,1  ,6  ,144  ,2,0,In Progress
Allegheny,Mt Lebanon,12  ,43  ,23  ,2,0,In Progress
Allegheny,Bethel Park,17  ,37  ,45  ,2,0,In Progress
Montgomery,Lower Salford Twp,4  ,24  ,61  ,2,0,In Progress
Montgomery,Lower Salford Twp,1  ,12  ,147  ,2,0,In Progress
Lackawanna,Taylor,8  ,22  ,113  ,2,0,In Progress
Montgomery,Lower Providence Twp,4  ,7  ,148  ,2,0,In Progress
Cumberland,East Pennsboro Twp,10  ,31  ,88  ,2,0,In Progress
Bucks,Doylestown Twp,1  ,6  ,142  ,2,0,In Progress
Montgomery,Lower Pottsgrove Twp,4  ,17  ,70  ,2,0,In Progress
Montgomery,Towamencin Twp,1  ,12  ,151  ,2,0,In Progress
Chester,Birmingham Twp,6  ,19  ,167  ,2,0,In Progress
York,Hallam Boro,10  ,31  ,95  ,2,0,In Progress
Delaware,Springfield Twp,5  ,9  ,168  ,2,0,In Progress
Delaware,Springfield Twp,5  ,9  ,161  ,2,0,In Progress
Montgomery,Lower Merion Twp,4  ,7  ,148  ,2,0,In Progress
Bucks,Chalfont Boro,1  ,6  ,144  ,2,0,In Progress
Bucks,Chalfont Boro,1  ,10  ,31  ,2,0,In Progress
Bucks,Buckingham Twp,1  ,6  ,142  ,2,0,In Progress
Delaware,Springfield Twp,5  ,8  ,163  ,2,0,In Progress
Beaver,Economy Boro,17  ,47  ,16  ,2,0,In Progress
York,Jackson Twp,10  ,31  ,196  ,2,0,In Progress
Allegheny,Wilkinsburg,12  ,38  ,24  ,2,0,In Progress
Bucks,Warminster Twp,1  ,6  ,178  ,2,0,In Progress
Montgomery,Lower Merion Twp,4  ,17  ,70  ,2,0,In Progress
Bucks,Warminster Twp,1  ,6  ,18  ,2,0,In Progress
Chester,Caln Twp,6  ,19  ,74  ,2,0,In Progress
Allegheny,Richland,12  ,38  ,21  ,2,0,In Progress
Montgomery,Limerick Twp,4  ,44  ,150  ,2,0,In Progress
Montgomery,Lansdale Boro,4  ,12  ,153  ,2,0,In Progress
Beaver,Brighton Twp,17  ,47  ,14  ,2,0,In Progress
Bucks,Warrington Twp,1  ,10  ,143  ,2,0,In Progress
Northampton,Easton,7  ,18  ,137  ,2,0,In Progress
Allegheny,Reserve,17  ,43  ,34  ,2,0,In Progress
Bucks,Warrington Twp,1  ,10  ,29  ,2,0,In Progress
Montgomery,Lansdale Boro,1  ,12  ,147  ,2,0,In Progress
Bucks,Bristol Twp,1  ,10  ,31  ,2,0,In Progress
Lancaster,Denver Boro,11  ,13  ,49  ,2,0,In Progress
Cumberland,Hampden Twp,10  ,31  ,103  ,2,0,In Progress
Chester,Charlestown Twp,6  ,44  ,26  ,2,0,In Progress
Montgomery,Jenkintown Boro,4  ,12  ,152  ,2,0,In Progress
Delaware,Ridley Twp,5  ,9  ,161  ,2,0,In Progress
Montgomery,Horsham Twp,4  ,24  ,147  ,2,0,In Progress
Allegheny,Reserve,17  ,38  ,21  ,2,0,In Progress
Westmoreland,Greensburg,14  ,39  ,55  ,2,0,In Progress
Northampton,Easton,7  ,18  ,135  ,2,0,In Progress
Montgomery,Hatfield Twp,1  ,24  ,131  ,2,0,In Progress
Bucks,Bristol Boro,1  ,6  ,18  ,2,0,In Progress
Allegheny,Bethel Park,12  ,45  ,35  ,2,0,In Progress
Cumberland,Mechanicsburg Boro,10  ,31  ,87  ,2,0,In Progress
Indiana,Center,15  ,41  ,66  ,2,0,In Progress
Allegheny,S Fayette,17  ,37  ,44  ,2,0,In Progress
York,Lower Chanceford Twp,10  ,28  ,95  ,2,0,In Progress
Delaware,Ridley Twp,5  ,26  ,165  ,2,0,In Progress
Montgomery,Towamencin Twp,1  ,12  ,53  ,2,0,In Progress
Montgomery,Hatboro Boro,1  ,12  ,53  ,2,0,In Progress
Delaware,Ridley Twp,5  ,26  ,164  ,2,0,In Progress
Bucks,Bensalem Twp,1  ,10  ,141  ,2,0,In Progress
Westmoreland,Hempfield Twp,12  ,39  ,56  ,2,0,In Progress
Delaware,Ridley Twp,5  ,17  ,166  ,2,0,In Progress
Allegheny,Mccandless,17  ,42  ,27  ,2,0,In Progress
Cumberland,New Cumberland Boro,10  ,34  ,88  ,2,0,In Progress
Westmoreland,Penn Twp,14  ,39  ,57  ,2,0,In Progress
Montgomery,East Norriton Twp,4  ,12  ,53  ,2,0,In Progress
Beaver,Baden Boro,17  ,47  ,14  ,2,0,In Progress
Allegheny,Baldwin Br,17  ,38  ,20  ,2,0,In Progress
Delaware,Radnor Twp,5  ,26  ,168  ,2,0,In Progress
Clarion,Callensburg Boro,15  ,21  ,63  ,2,0,In Progress
Allegheny,N Versailles,12  ,45  ,35  ,2,0,In Progress
Montgomery,Conshohocken Boro,4  ,12  ,151  ,2,0,In Progress
Chester,E Bradford Twp,6  ,19  ,158  ,2,0,In Progress
Allegheny,South Park,17  ,38  ,30  ,2,0,In Progress
Chester,E Bradford Twp,6  ,44  ,155  ,2,0,In Progress
Montgomery,Collegeville Boro,4  ,12  ,70  ,2,0,In Progress
Butler,Adams Twp,16  ,47  ,8  ,2,0,In Progress
Berks,Cumru Twp,6  ,11  ,129  ,2,0,In Progress
Montgomery,Cheltenham Twp,4  ,12  ,151  ,2,0,In Progress
Lancaster,Hempfield West Twp,11  ,13  ,96  ,2,0,In Progress
Beaver,Baden Boro,17  ,46  ,15  ,2,0,In Progress
Chester,E Fallowfield Twnshp,6  ,19  ,13  ,2,0,In Progress
Montgomery,Ambler Boro,1  ,12  ,151  ,2,0,In Progress
Cumberland,Newville Boro,10  ,34  ,88  ,2,0,In Progress
Chester,E Goshen Twp,6  ,19  ,155  ,2,0,In Progress
Westmoreland,Hempfield Twp,14  ,39  ,58  ,2,0,In Progress
Montgomery,Abington Twp,4  ,12  ,151  ,2,0,In Progress
Indiana,Armagh,14  ,41  ,62  ,2,0,In Progress
York,York Twp,10  ,31  ,47  ,2,0,In Progress
Monroe,Tunkhannock,8  ,40  ,115  ,2,0,In Progress
Delaware,Nether Providence Twp,5  ,9  ,159  ,2,0,In Progress
Lancaster,Lampeter East Twp,11  ,36  ,97  ,2,0,In Progress
Montgomery,Towamencin Twp,5  ,17  ,149  ,2,0,In Progress
Washington,Boro Of Green Hills,14  ,46  ,48  ,2,0,In Progress
Cumberland,North Middleton Twp,10  ,31  ,88  ,2,0,In Progress
Montgomery,Trappe Boro Boro,1  ,24  ,131  ,2,0,In Progress
Allegheny,Ohio,17  ,37  ,44  ,2,0,In Progress
Allegheny,Ohio,17  ,38  ,28  ,2,0,In Progress
Westmoreland,Jeannette,14  ,39  ,57  ,2,0,In Progress
Delaware,Middletown Twp,5  ,9  ,160  ,2,0,In Progress
Montgomery,Upper Dublin Twp,4  ,12  ,70  ,2,0,In Progress
Lancaster,Lancaster City,11  ,36  ,37  ,2,0,In Progress
Delaware,Middletown Twp,5  ,17  ,168  ,2,0,In Progress
Delaware,Media Boro,5  ,9  ,168  ,2,0,In Progress
Clarion,Brady Twp.,15  ,21  ,63  ,2,0,In Progress
Lancaster,Lancaster Twp,11  ,13  ,96  ,2,0,In Progress
Montgomery,Upper Dublin Twp,4  ,17  ,70  ,2,0,In Progress
Monroe,Pocono,8  ,40  ,189  ,2,0,In Progress
Lancaster,Lancaster Twp,11  ,36  ,43  ,2,0,In Progress
Chester,Willistown Twp,6  ,19  ,167  ,2,0,In Progress
Lancaster,Lancaster Twp,11  ,36  ,97  ,2,0,In Progress
York,York City,11  ,28  ,169  ,2,0,In Progress
Schuylkill,Mount Carbon Boro,9  ,29  ,123  ,2,0,In Progress
Delaware,Marple Twp,5  ,17  ,166  ,2,0,In Progress
Lancaster,Leacock Upper Twp,11  ,36  ,43  ,2,0,In Progress
Monroe,Middle Smithfield,8  ,40  ,176  ,2,0,In Progress
Allegheny,Pittsburgh,17  ,42  ,21  ,2,0,In Progress
Chester,Westtown Twp,6  ,19  ,156  ,2,0,In Progress
Lancaster,Lititz Boro,11  ,36  ,96  ,2,0,In Progress
Montgomery,Upper Dublin Twp,4  ,24  ,70  ,2,0,In Progress
Allegheny,Carnegie,17  ,37  ,44  ,2,0,In Progress
Lancaster,Manheim Twp,11  ,13  ,100  ,2,0,In Progress
Montgomery,Upper Dublin Twp,4  ,4  ,154  ,2,0,In Progress
Delaware,Haverford Twp,5  ,17  ,168  ,2,0,In Progress
Allegheny,Swissvale,12  ,45  ,25  ,2,0,In Progress
Montgomery,Upper Dublin Twp,4  ,44  ,150  ,2,0,In Progress
Lancaster,Manheim Twp,11  ,36  ,41  ,2,0,In Progress
Monroe,Hamilton,8  ,40  ,189  ,2,0,In Progress
Delaware,Glenolden Boro,5  ,26  ,165  ,2,0,In Progress
Montgomery,Upper Dublin Twp,4  ,7  ,148  ,2,0,In Progress
Allegheny,Penn Hills,12  ,45  ,32  ,2,0,In Progress
Lancaster,Manor Twp,11  ,13  ,100  ,2,0,In Progress
Allegheny,Pittsburgh,17  ,38  ,30  ,2,0,In Progress
Monroe,Hamilton,8  ,40  ,115  ,2,0,In Progress
Montgomery,Upper Gwynedd Twp,4  ,12  ,153  ,2,0,In Progress
Cumberland,Silver Spring Twp,10  ,31  ,87  ,2,0,In Progress
Berks,Exeter Twp,6  ,11  ,129  ,2,0,In Progress
Cumberland,Silver Spring Twp,10  ,34  ,103  ,2,0,In Progress
Cumberland,Silver Spring Twp,10  ,34  ,199  ,2,0,In Progress
Delaware,Edgmont Twp,5  ,9  ,160  ,2,0,In Progress
Berks,Greenwich Twp,4  ,48  ,130  ,2,0,In Progress
Northumberland,(Empty),9  ,27  ,107  ,2,0,In Progress
Northampton,Bethlehem Twsp,7  ,18  ,136  ,2,0,In Progress
Lancaster,Millersville Boro,11  ,13  ,97  ,2,0,In Progress
Lancaster,Mount Joy Boro,11  ,36  ,37  ,2,0,In Progress
Allegheny,Monroeville,17  ,38  ,28  ,2,0,In Progress
Allegheny,Pittsburgh,17  ,37  ,46  ,2,0,In Progress
Cumberland,Silver Spring Twp,10  ,34  ,88  ,2,0,In Progress
Chester,London Britain Tnshp,6  ,9  ,158  ,2,0,In Progress
Cumberland,South Middleton Twp,10  ,31  ,87  ,2,0,In Progress
York,York City,10  ,28  ,94  ,2,0,In Progress
Montgomery,Upper Merion Twp,4  ,12  ,53  ,2,0,In Progress
Delaware,Concord Twp,5  ,9  ,168  ,2,0,In Progress
Chester,Westtown Twp,6  ,19  ,13  ,2,0,In Progress
Northampton,Bethlehem,7  ,18  ,137  ,2,0,In Progress
Chester,West Chester Boro,6  ,9  ,160  ,2,0,In Progress
Allegheny,Penn Hills,17  ,38  ,30  ,2,0,In Progress
Allegheny,Pittsburgh,17  ,37  ,30  ,2,0,In Progress
Lancaster,Penn Twp,11  ,36  ,41  ,2,0,In Progress
Mifflin,Derry Twp,13  ,30  ,171  ,2,0,In Progress
Montgomery,Upper Moreland Twp,1  ,12  ,53  ,2,0,In Progress
Montgomery,Upper Moreland Twp,4  ,24  ,61  ,2,0,In Progress
York,New Freedom Boro,11  ,28  ,93  ,2,0,In Progress
Lancaster,Pequea Twp,11  ,13  ,49  ,2,0,In Progress
Chester,Malvern Boro,6  ,44  ,167  ,2,0,In Progress
Delaware,Collingdale Boro,5  ,9  ,159  ,2,0,In Progress
Chester,West Chester Boro,6  ,19  ,74  ,2,0,In Progress
Northampton,Bethlehem,7  ,14  ,183  ,2,0,In Progress
Montgomery,Upper Providence Twp,1  ,24  ,131  ,2,0,In Progress
Lancaster,Rapho Twp,11  ,36  ,98  ,2,0,In Progress
York,North Codorus Twp,11  ,28  ,169  ,2,0,In Progress
Chester,Wallace Twp,6  ,44  ,74  ,2,0,In Progress
York,Windsor Twp,10  ,31  ,92  ,2,0,In Progress
York,North York Boro,10  ,31  ,95  ,2,0,In Progress
Northampton,Bethlehem,7  ,14  ,137  ,2,0,In Progress
Montgomery,Upper Providence Twp,4  ,24  ,150  ,2,0,In Progress
Northampton,Bethlehem,7  ,14  ,135  ,2,0,In Progress
Allegheny,Whitehall,12  ,37  ,40  ,2,0,In Progress
Allegheny,Churchill,12  ,38  ,24  ,2,0,In Progress
Allegheny,Monroeville,12  ,42  ,27  ,2,0,In Progress
Dauphin,East Hanover Twp,10  ,15  ,105   ,2,0,In Progress
Allegheny,Whitehall,12  ,37  ,39  ,2,0,In Progress
Chester,New Garden Twp,6  ,19  ,13  ,2,0,In Progress
Berks,Muhlenberg Twp,4  ,48  ,5  ,2,0,In Progress
York,West York Boro,11  ,28  ,94  ,2,0,In Progress
Chester,W Whiteland Twp,6  ,44  ,157  ,2,0,In Progress
Montgomery,Upper Salford Twp,1  ,12  ,147  ,2,0,In Progress
Allegheny,Baldwin Tp,12  ,37  ,40  ,2,0,In Progress
Allegheny,Up St Clair,12  ,43  ,23  ,2,0,In Progress
Berks,Ontelaunee Twp,4  ,11  ,130  ,2,0,In Progress
Allegheny,Mckeesport,12  ,42  ,19  ,2,0,In Progress
Allegheny,Baldwin Tp,17  ,38  ,21  ,2,0,In Progress
Beaver,Hopewell Twp,17  ,47  ,15  ,2,0,In Progress
Dauphin,Harrisburg,10  ,15  ,106   ,2,0,In Progress
Montgomery,West Norriton Twp,4  ,12  ,70  ,2,0,In Progress
Montgomery,West Norriton Twp,4  ,24  ,61  ,2,0,In Progress
Chester,Penn Twp,6  ,9  ,13  ,2,0,In Progress
Montgomery,West Norriton Twp,4  ,44  ,150  ,2,0,In Progress
Chester,W Whiteland Twp,6  ,44  ,155  ,2,0,In Progress
Berks,Reading,4  ,24  ,130  ,2,0,In Progress
Allegheny,Bellevue,17  ,37  ,30  ,2,0,In Progress
Berks,Reading,6  ,11  ,128  ,2,0,In Progress
Schuylkill,West Penn Twp,9  ,29  ,123  ,2,0,In Progress
Montgomery,West Norriton Twp,5  ,17  ,54  ,2,0,In Progress
Butler,Butler City,16  ,21  ,17  ,2,0,In Progress
Montgomery,Whitemarsh Twp,4  ,12  ,61  ,2,0,In Progress
Chester,W Vincent Twp,6  ,44  ,74  ,2,0,In Progress
Delaware,Aston Twp,5  ,9  ,160  ,2,0,In Progress
Montgomery,Whitpain Twp,4  ,4  ,154  ,2,0,In Progress
Allegheny,Pine,17  ,37  ,30  ,2,0,In Progress
Montgomery,Whitemarsh Twp,5  ,17  ,54  ,2,0,In Progress
Allegheny,West Mifflin,12  ,43  ,23  ,2,0,In Progress
Lebanon,Bethel Twp,9  ,48  ,101  ,2,0,In Progress
Union,East Buffalo,15  ,23  ,76  ,2,0,In Progress
Chester,Schuylkill Twp,6  ,44  ,155  ,2,0,In Progress
Lebanon,Cold Spring Twp,9  ,48  ,102  ,2,0,In Progress
Berks,Ruscombmanor Twp,4  ,48  ,5  ,2,0,In Progress
Berks,Wyomissing Boro,6  ,11  ,127  ,2,0,In Progress
Montgomery,Whitpain Twp,1  ,12  ,147  ,2,0,In Progress
Lycoming,Wolf Twp,9  ,23  ,83  ,2,0,In Progress
Dauphin,Swatara Twp,10  ,15  ,106   ,2,0,In Progress
York,Red Lion Boro,10  ,28  ,94  ,2,0,In Progress
Westmoreland,North Huntingdon Twp,14  ,39  ,57  ,2,0,In Progress
Chester,W Vincent Twp,6  ,19  ,167  ,2,0,In Progress
Adams,Germany Twp,13  ,33  ,193  ,2,0,In Progress
Montgomery,Whitpain Twp,4  ,17  ,70  ,2,0,In Progress
Chester,Uwchlan Twp,6  ,44  ,74  ,2,0,In Progress
Dauphin,South Hanover Twp,10  ,15  ,105   ,2,0,In Progress
Allegheny,Casl Shannon,12  ,42  ,36  ,2,0,In Progress
Berks,Spring Twp,4  ,48  ,5  ,2,0,In Progress
Chester,W Bradford Twp,6  ,19  ,155  ,2,0,In Progress
Adams,Cumberland Twp,13  ,33  ,193  ,2,0,In Progress
Allegheny,Pittsburgh,12  ,37  ,39  ,2,0,In Progress
Chester,W Sadsbury Twp,6  ,19  ,13  ,2,0,In Progress
Montgomery,Whitpain Twp,4  ,24  ,61  ,2,0,In Progress
Chester,W Goshen Twp,6  ,44  ,74  ,2,0,In Progress
Fayette,South Union Twp,14  ,32  ,51  ,1,1083,
Luzerne,Plains Twp,8  ,22  ,121  ,1,1034,
Luzerne,Nanticoke City,8  ,20  ,119  ,1,827,
Luzerne,Hazle Twp,8  ,29  ,116  ,1,655,
Luzerne,Jenkins Twp,8  ,22  ,118  ,1,564,
Lehigh,Lower Milford,7  ,16  ,131  ,1,520,
Luzerne,Duryea Boro,8  ,22  ,118  ,1,499,
Luzerne,Pittston Twp,8  ,22  ,118  ,1,490,
Blair,Antis Twp,13  ,30  ,80  ,1,439,
Blair,Hollidaysburg Boro,13  ,30  ,80  ,1,436,
Greene,Franklin Twp,14  ,46  ,50  ,1,386,
Luzerne,Edwardsville Boro,8  ,20  ,119  ,1,380,
Centre,Halfmoon Twp.,15  ,35  ,77  ,1,308,
Lehigh,Macungie,7  ,16  ,187  ,1,301,
Luzerne,Jackson Twp,8  ,20  ,120  ,1,295,
Fayette,Menallen Twp,14  ,32  ,51  ,1,279,
Luzerne,Dupont Boro,8  ,22  ,118  ,1,277,
Luzerne,Avoca Boro,8  ,22  ,118  ,1,276,
Luzerne,Harveys Lake Boro,8  ,20  ,117  ,1,271,
Mckean,Bradford Twp,15  ,25  ,67  ,1,244,
Lawrence,North Beaver Twp,16  ,50  ,9  ,1,242,
Fayette,Wharton Twp,14  ,32  ,51  ,1,227,
Mercer,Shenango,16  ,50  ,7  ,1,224,
Mercer,Farrell,16  ,50  ,7  ,1,222,
Warren,Pine Grove Twp,15  ,21  ,65  ,1,209,
Lehigh,Allentown,7  ,16  ,134  ,1,201,
Fayette,German Twp,14  ,32  ,51  ,1,200,
Luzerne,Laflin Boro,8  ,22  ,118  ,1,192,
Perry,Carroll Twp,13  ,34  ,86  ,1,190,
Armstrong,East Franklin Twp,15  ,41  ,60  ,1,188,
Fayette,Perry Twp,14  ,32  ,52  ,1,187,
Somerset,Windber Boro,14  ,32  ,71  ,1,181,
Blair,Taylor Twp,13  ,30  ,80  ,1,179,
Luzerne,Ashley Boro,8  ,20  ,119  ,1,175,
Lehigh,Alburtis,7  ,16  ,187  ,1,168,
Lawrence,Slippery Rock Twp,16  ,50  ,8  ,1,166,
Luzerne,West Hazleton Boro,8  ,29  ,116  ,1,160,
Perry,Rye Twp,13  ,34  ,86  ,1,158,
Blair,Snyder Twp,13  ,30  ,80  ,1,151,
Centre,Boggs Twp.,15  ,25  ,82  ,1,149,
Perry,Spring Twp,13  ,34  ,86  ,1,145,
Lawrence,Mahoning Twp,16  ,50  ,9  ,1,122,
Greene,Morgan Twp,14  ,46  ,50  ,1,118,
Lawrence,Hickory Twp,16  ,50  ,9  ,1,116,
Armstrong,Parks Twp,15  ,41  ,60  ,1,114,
Luzerne,Newport Twp,9  ,20  ,119  ,1,110,
Huntingdon,Porter Twp,13  ,30  ,81  ,1,106,
Fayette,Nicholson Twp,14  ,32  ,51  ,1,102,
Mercer,Mn023,16  ,50  ,17  ,1,100,
Mercer,Jefferson,16  ,50  ,17  ,1,97,
Centre,Union Twp.,15  ,25  ,82  ,1,96,
Somerset,Brothersvalley Twp,14  ,32  ,69  ,1,93,
Venango,Frenchcreek Twp,16  ,21  ,64  ,1,92,
Centre,Huston Twp.,15  ,35  ,77  ,1,89,
Venango,Oakland Twp,15  ,21  ,64  ,1,74,
Perry,Juniata Twp,13  ,34  ,86  ,1,73,
Mercer,Findley,16  ,50  ,17  ,1,67,
Warren,Sugar Grove Twp,15  ,21  ,65  ,1,67,
Lawrence,Ellport Boro,16  ,47  ,8  ,1,62,
Mercer,Wilmington,16  ,50  ,17  ,1,62,
Blair,Bellwood Boro,13  ,30  ,80  ,1,59,
Somerset,Middlecreek Twp,14  ,32  ,69  ,1,58,
Warren,Mead Twp,15  ,21  ,65  ,1,57,
Centre,Howard Twp.,15  ,25  ,82  ,1,51,
Lawrence,Bessemer Boro,16  ,50  ,9  ,1,51,
Warren,Pittsfield Twp,15  ,21  ,65  ,1,50,
Luzerne,Hollenback Twp,9  ,27  ,117  ,1,49,
Centre,Marion Twp.,15  ,25  ,82  ,1,44,
Blair,Juniata Twp,13  ,30  ,80  ,1,44,
Warren,Farmington Twp,15  ,21  ,65  ,1,44,
Armstrong,Mahoning Twp,15  ,41  ,63  ,1,43,
Mercer,Clark Boro,16  ,50  ,7  ,1,42,
Centre,Penn Twp.,15  ,25  ,171  ,1,41,
Luzerne,Laurel Run Boro,8  ,22  ,121  ,1,38,
Centre,Worth Twp.,15  ,35  ,77  ,1,38,
Perry,Millerstown Boro,13  ,34  ,86  ,1,32,
Fulton,Thompson Twp,13  ,30  ,78  ,1,32,
Mercer,Salem Twp,16  ,50  ,17  ,1,31,
Somerset,Salisbury Boro,14  ,32  ,69  ,1,23,
Fayette,Fayette City Boro,14  ,32  ,52  ,1,19,
Centre,Port Matilda Boro.,15  ,35  ,77  ,1,18,
Somerset,Hooversville Boro,14  ,32  ,69  ,1,16,
Armstrong,Applewold Boro,15  ,41  ,60  ,1,9,In Progress
Allegheny,Penn Hills,12  ,45  ,35  ,1,4,In Progress
Centre,Patton Twp.,15  ,25  ,82  ,1,3,In Progress
Montgomery,Upper Providence Twp,4  ,17  ,70  ,1,2,In Progress
Allegheny,Pittsburgh,12  ,45  ,34  ,1,2,In Progress
Chester,Uwchlan Twp,6  ,44  ,26  ,1,2,In Progress
Montgomery,Hatfield Twp,4  ,12  ,70  ,1,2,In Progress
Allegheny,Mccandless,17  ,38  ,28  ,1,1,In Progress
Montgomery,Upper Salford Twp,4  ,24  ,70  ,1,1,In Progress
Allegheny,Penn Hills,17  ,43  ,34  ,1,1,In Progress
Cumberland,Dickinson Twp,10  ,34  ,87  ,1,1,In Progress
Allegheny,S Fayette,12  ,38  ,21  ,1,1,In Progress
Allegheny,Richland,12  ,45  ,38  ,1,1,In Progress
Allegheny,Mt Lebanon,12  ,42  ,21  ,1,1,In Progress
Washington,Township Of Chartiers,14  ,46  ,48  ,1,1,In Progress
Cumberland,Lower Allen Twp,10  ,34  ,103  ,1,1,In Progress
Chester,Downingtown Boro,6  ,19  ,156  ,1,1,In Progress
Montgomery,East Norriton Twp,5  ,17  ,54  ,1,1,In Progress
Bucks,Hilltown Twp,1  ,16  ,145  ,1,1,In Progress
Montgomery,East Norriton Twp,4  ,44  ,146  ,1,1,In Progress
York,Manchester Twp,10  ,31  ,92  ,1,1,In Progress
Montgomery,Towamencin Twp,4  ,12  ,70  ,1,1,In Progress
Chester,W Whiteland Twp,6  ,44  ,167  ,1,1,In Progress
Monroe,Smithfield,8  ,40  ,115  ,1,1,In Progress
Montgomery,Whitpain Twp,4  ,7  ,148  ,1,1,In Progress
Washington,Boro Of Donora,14  ,46  ,50  ,1,1,In Progress
York,York Twp,10  ,28  ,94  ,1,1,In Progress
Delaware,Marple Twp,5  ,26  ,168  ,1,1,In Progress
Cumberland,Penn Twp,10  ,34  ,199  ,1,1,In Progress
Delaware,Upper Darby Twp,5  ,9  ,161  ,1,1,In Progress
Franklin,Orrstown Boro,13  ,33  ,81  ,1,1,In Progress
Allegheny,Penn Hills,12  ,42  ,19  ,1,1,In Progress
Chester,Tredyffrin Twp,6  ,44  ,26  ,1,1,In Progress
Montgomery,Upper Gwynedd Twp,4  ,12  ,53  ,1,1,In Progress
Northampton,Bethlehem Twsp,7  ,18  ,135  ,1,1,In Progress
Allegheny,Monroeville,17  ,38  ,20  ,1,1,In Progress
Allegheny,Penn Hills,12  ,43  ,34  ,1,1,In Progress
Berks,Cumru Twp,4  ,24  ,128  ,1,0,In Progress
Montgomery,Montgomery Twp,4  ,24  ,147  ,1,0,In Progress
Berks,Cumru Twp,4  ,48  ,5  ,1,0,In Progress
Berks,Caernarvon Twp,4  ,48  ,5  ,1,0,In Progress
York,York Twp,11  ,28  ,169  ,1,0,In Progress
York,York Twp,10  ,31  ,95  ,1,0,In Progress
Berks,Brecknock Twp,6  ,11  ,129  ,1,0,In Progress
York,York Twp,10  ,28  ,95  ,1,0,In Progress
Berks,Earl Twp,6  ,11  ,128  ,1,0,In Progress
York,York Twp,10  ,28  ,47  ,1,0,In Progress
Berks,Exeter Twp,4  ,11  ,130  ,1,0,In Progress
York,York City,11  ,28  ,94  ,1,0,In Progress
York,York City,11  ,28  ,93  ,1,0,In Progress
Berks,Exeter Twp,4  ,24  ,128  ,1,0,In Progress
Berks,Exeter Twp,6  ,44  ,128  ,1,0,In Progress
Berks,Greenwich Twp,9  ,48  ,124  ,1,0,In Progress
Berks,Bern Twp,6  ,11  ,5  ,1,0,In Progress
Berks,Kutztown Boro,9  ,48  ,5  ,1,0,In Progress
Berks,Leesport Boro,9  ,48  ,5  ,1,0,In Progress
York,Wrightsville Boro,11  ,28  ,94  ,1,0,In Progress
Berks,Lower Alsace Twp,6  ,11  ,129  ,1,0,In Progress
Berks,Lower Heidelberg Twp,6  ,11  ,129  ,1,0,In Progress
York,Winterstown Boro,10  ,31  ,92  ,1,0,In Progress
Berks,Maidencreek Twp,6  ,11  ,128  ,1,0,In Progress
York,Windsor Twp,11  ,28  ,93  ,1,0,In Progress
Berks,Maidencreek Twp,9  ,48  ,124  ,1,0,In Progress
York,Windsor Twp,10  ,31  ,196  ,1,0,In Progress
York,Windsor Twp,10  ,28  ,95  ,1,0,In Progress
York,Windsor Twp,10  ,28  ,47  ,1,0,In Progress
Berks,Muhlenberg Twp,6  ,11  ,126  ,1,0,In Progress
Berks,Muhlenberg Twp,6  ,11  ,128  ,1,0,In Progress
Berks,Muhlenberg Twp,6  ,11  ,5  ,1,0,In Progress
Adams,Berwick Twp,13  ,33  ,91  ,1,0,In Progress
York,West Manchester Twp,11  ,28  ,94  ,1,0,In Progress
Berks,Muhlenberg Twp,9  ,48  ,5  ,1,0,In Progress
Berks,Oley Twp,4  ,48  ,5  ,1,0,In Progress
Berks,Penn Twp,6  ,11  ,127  ,1,0,In Progress
Berks,Reading,4  ,48  ,5  ,1,0,In Progress
York,West Manchester Twp,10  ,28  ,95  ,1,0,In Progress
Berks,Reading,6  ,11  ,99  ,1,0,In Progress
Berks,Robeson Twp,6  ,11  ,128  ,1,0,In Progress
Berks,Shillington Boro,6  ,13  ,128  ,1,0,In Progress
Berks,Sinking Spring Boro,4  ,48  ,5  ,1,0,In Progress
Adams,Carroll Valley,13  ,33  ,193  ,1,0,In Progress
York,Springettsbury Twp,11  ,28  ,94  ,1,0,In Progress
Berks,Sinking Spring Boro,6  ,11  ,127  ,1,0,In Progress
York,Springettsbury Twp,10  ,31  ,95  ,1,0,In Progress
York,Springettsbury Twp,10  ,31  ,47  ,1,0,In Progress
York,Springettsbury Twp,10  ,31  ,196  ,1,0,In Progress
York,Springettsbury Twp,10  ,28  ,95  ,1,0,In Progress
Berks,Sinking Spring Boro,6  ,13  ,128  ,1,0,In Progress
Bedford,Pleasantville Boro,13  ,32  ,78  ,1,0,In Progress
Berks,Spring Twp,4  ,48  ,130  ,1,0,In Progress
York,Spring Grove Boro,10  ,28  ,196  ,1,0,In Progress
Berks,Spring Twp,6  ,11  ,126  ,1,0,In Progress
Berks,Spring Twp,6  ,11  ,127  ,1,0,In Progress
Berks,Tulpehocken Twp,4  ,48  ,5  ,1,0,In Progress
York,Shrewsbury Boro,11  ,28  ,169  ,1,0,In Progress
Berks,Upper Bern Twp,4  ,48  ,5  ,1,0,In Progress
Berks,Upper Tulpehocken Twp,9  ,48  ,5  ,1,0,In Progress
York,Red Lion Boro,10  ,31  ,47  ,1,0,In Progress
Berks,Wernersville Boro,4  ,11  ,126  ,1,0,In Progress
Berks,West Reading Boro,4  ,48  ,5  ,1,0,In Progress
Berks,West Reading Boro,6  ,11  ,126  ,1,0,In Progress
York,Penn Twp,10  ,31  ,95  ,1,0,In Progress
York,North York Boro,10  ,31  ,47  ,1,0,In Progress
York,New Freedom Boro,11  ,28  ,196  ,1,0,In Progress
Bradford,"Towanda Twp, North",9  ,23  ,110  ,1,0,In Progress
Bucks,Bedminster Twp,1  ,6  ,178  ,1,0,In Progress
York,Manchester Boro,10  ,31  ,92  ,1,0,In Progress
Bucks,Bensalem Twp,1  ,10  ,29  ,1,0,In Progress
Bucks,Bensalem Twp,1  ,10  ,31  ,1,0,In Progress
Bucks,Bensalem Twp,1  ,6  ,140  ,1,0,In Progress
Bucks,Bensalem Twp,1  ,6  ,178  ,1,0,In Progress
Bucks,Bristol Boro,1  ,10  ,31  ,1,0,In Progress
Bucks,Bristol Boro,1  ,6  ,140  ,1,0,In Progress
Bucks,Bristol Boro,1  ,6  ,142  ,1,0,In Progress
Bucks,Bristol Twp,1  ,6  ,142  ,1,0,In Progress
Bucks,Buckingham Twp,1  ,10  ,143  ,1,0,In Progress
Bucks,Buckingham Twp,1  ,16  ,145  ,1,0,In Progress
Bucks,Buckingham Twp,1  ,6  ,178  ,1,0,In Progress
Adams,Oxford Twp,13  ,33  ,91  ,1,0,In Progress
Bucks,Chalfont Boro,1  ,10  ,143  ,1,0,In Progress
York,Hellam Twp,10  ,31  ,47  ,1,0,In Progress
York,Hanover Boro,11  ,28  ,94  ,1,0,In Progress
Bucks,Doylestown Boro,1  ,10  ,144  ,1,0,In Progress
York,Hanover Boro,10  ,31  ,92  ,1,0,In Progress
Bucks,Doylestown Twp,1  ,10  ,140  ,1,0,In Progress
Bucks,Doylestown Twp,1  ,10  ,143  ,1,0,In Progress
Bucks,Doylestown Twp,1  ,16  ,145  ,1,0,In Progress
Bucks,Doylestown Twp,1  ,6  ,178  ,1,0,In Progress
Bucks,East Rockhill Twp,1  ,6  ,178  ,1,0,In Progress
Bucks,Falls Twp,1  ,6  ,142  ,1,0,In Progress
Bedford,Coaldale Boro,13  ,32  ,78  ,1,0,In Progress
Bucks,Hulmeville Boro,1  ,6  ,142  ,1,0,In Progress
Bucks,Langhorne Manor Boro,1  ,10  ,141  ,1,0,In Progress
Allegheny,(Empty),12  ,45  ,35  ,1,0,In Progress
Bucks,Lower Makefield Twp,1  ,10  ,141  ,1,0,In Progress
York,East Manchester Twp,11  ,28  ,93  ,1,0,In Progress
York,East Manchester Twp,10  ,31  ,92  ,1,0,In Progress
Allegheny,Aspinwall,17  ,42  ,42  ,1,0,In Progress
Bucks,Lower Makefield Twp,1  ,6  ,178  ,1,0,In Progress
Bucks,Lower Southampton Twp,1  ,10  ,141  ,1,0,In Progress
Lycoming,Cogan House Twp,9  ,23  ,84  ,1,0,In Progress
Allegheny,Avalon,12  ,38  ,24  ,1,0,In Progress
Bucks,Lower Southampton Twp,1  ,10  ,29  ,1,0,In Progress
Lycoming,Duboistown Boro,9  ,23  ,83  ,1,0,In Progress
Allegheny,Avalon,12  ,43  ,24  ,1,0,In Progress
Bucks,Lower Southampton Twp,1  ,10  ,31  ,1,0,In Progress
Bucks,Lower Southampton Twp,1  ,6  ,178  ,1,0,In Progress
Beaver,South Heights Boro,17  ,47  ,15  ,1,0,In Progress
Bucks,Morrisville Boro,1  ,10  ,141  ,1,0,In Progress
Bucks,Morrisville Boro,1  ,16  ,145  ,1,0,In Progress
Allegheny,Avalon,12  ,45  ,25  ,1,0,In Progress
York,Codorus Twp,11  ,28  ,93  ,1,0,In Progress
Lehigh,North Whitehall,7  ,16  ,187  ,1,0,In Progress
Bucks,Morrisville Boro,1  ,6  ,18  ,1,0,In Progress
Allegheny,Avalon,17  ,37  ,45  ,1,0,In Progress
Lycoming,Loyalsock Twp,15  ,23  ,84  ,1,0,In Progress
Allegheny,Pennsbury Vlg,17  ,37  ,44  ,1,0,In Progress
Bucks,New Britain Boro,1  ,10  ,144  ,1,0,In Progress
York,Carroll Twp,10  ,31  ,47  ,1,0,In Progress
Bucks,New Britain Boro,1  ,16  ,143  ,1,0,In Progress
Beaver,South Beaver Twp,17  ,47  ,14  ,1,0,In Progress
Bucks,New Britain Twp,1  ,6  ,178  ,1,0,In Progress
Bucks,New Hope Boro,1  ,16  ,143  ,1,0,In Progress
Lycoming,Montoursville Boro,9  ,23  ,83  ,1,0,In Progress
Bucks,Newtown Boro,1  ,6  ,142  ,1,0,In Progress
Beaver,Rochester Boro,17  ,47  ,14  ,1,0,In Progress
Bucks,Newtown Twp,1  ,6  ,178  ,1,0,In Progress
Beaver,Pulaski Twp,17  ,47  ,15  ,1,0,In Progress
Bucks,Northampton Twp,1  ,6  ,18  ,1,0,In Progress
Bucks,Penndel Boro,1  ,10  ,31  ,1,0,In Progress
Bucks,Perkasie Boro,1  ,10  ,29  ,1,0,In Progress
Bucks,Perkasie Boro,1  ,16  ,145  ,1,0,In Progress
Bucks,Plumstead Twp,1  ,10  ,29  ,1,0,In Progress
Bucks,Plumstead Twp,1  ,16  ,143  ,1,0,In Progress
Allegheny,Pine,12  ,42  ,27  ,1,0,In Progress
Allegheny,Pine,12  ,45  ,25  ,1,0,In Progress
Lebanon,South Annville Twp,9  ,48  ,102  ,1,0,In Progress
Allegheny,Pine,17  ,42  ,45  ,1,0,In Progress
Lebanon,Palmyra Boro,9  ,48  ,101  ,1,0,In Progress
Lebanon,North Lebanon Twp,9  ,48  ,102  ,1,0,In Progress
Allegheny,Penn Hills,17  ,42  ,20  ,1,0,In Progress
Lycoming,South Williamsport,15  ,23  ,84  ,1,0,In Progress
Bucks,Plumstead Twp,1  ,6  ,144  ,1,0,In Progress
Lebanon,North Cornwall Twp,9  ,48  ,102  ,1,0,In Progress
Allegheny,Pittsburgh,12  ,37  ,42  ,1,0,In Progress
Bucks,Quakertown Boro,1  ,10  ,141  ,1,0,In Progress
Lebanon,Jackson Twp,9  ,48  ,101  ,1,0,In Progress
Lebanon,Heidelberg Twp,9  ,48  ,101  ,1,0,In Progress
Lebanon,Cornwall Boro,9  ,48  ,102  ,1,0,In Progress
Beaver,North Sewickley Twp,17  ,47  ,16  ,1,0,In Progress
Bucks,Solebury Twp,1  ,6  ,178  ,1,0,In Progress
Beaver,New Sewickley Twp,17  ,47  ,15  ,1,0,In Progress
Bucks,Telford Boro,1  ,6  ,18  ,1,0,In Progress
Bucks,Tinicum Twp,1  ,16  ,145  ,1,0,In Progress
Beaver,Monaca Boro,17  ,47  ,15  ,1,0,In Progress
Bucks,Tullytown Boro,1  ,10  ,141  ,1,0,In Progress
Bucks,Upper Makefield Twp,1  ,10  ,140  ,1,0,In Progress
Beaver,Mn04,17  ,47  ,16  ,1,0,In Progress
Bucks,Upper Makefield Twp,1  ,6  ,142  ,1,0,In Progress
Bucks,Upper Southampton Twp,1  ,10  ,29  ,1,0,In Progress
Beaver,Mn04,17  ,47  ,14  ,1,0,In Progress
Bucks,Warminster Twp,1  ,16  ,145  ,1,0,In Progress
Allegheny,Baldwin Br,12  ,38  ,24  ,1,0,In Progress
Beaver,Midland Boro,17  ,47  ,16  ,1,0,In Progress
Westmoreland,Unity Twp,12  ,39  ,56  ,1,0,In Progress
Bucks,Warrington Twp,1  ,10  ,141  ,1,0,In Progress
Bucks,Warrington Twp,1  ,6  ,178  ,1,0,In Progress
Bucks,Warwick Twp,1  ,10  ,143  ,1,0,In Progress
Bucks,Warwick Twp,1  ,10  ,29  ,1,0,In Progress
Bucks,Warwick Twp,1  ,10  ,31  ,1,0,In Progress
Bucks,Warwick Twp,1  ,16  ,143  ,1,0,In Progress
Westmoreland,Sewickley Twp,14  ,39  ,58  ,1,0,In Progress
Allegheny,Baldwin Br,12  ,43  ,36  ,1,0,In Progress
Beaver,Midland Boro,17  ,47  ,14  ,1,0,In Progress
Westmoreland,Scottdale,14  ,39  ,57  ,1,0,In Progress
Allegheny,Baldwin Br,12  ,45  ,36  ,1,0,In Progress
Allegheny,Baldwin Br,12  ,45  ,39  ,1,0,In Progress
Bucks,West Rockhill Twp,1  ,10  ,29  ,1,0,In Progress
Bucks,Yardley Boro,1  ,6  ,144  ,1,0,In Progress
Allegheny,Baldwin Br,17  ,37  ,45  ,1,0,In Progress
Butler,Adams Twp,16  ,21  ,11  ,1,0,In Progress
Butler,Butler City,16  ,47  ,8  ,1,0,In Progress
Beaver,Harmony Twp,17  ,47  ,14  ,1,0,In Progress
Butler,Cherry Valley Boro,16  ,21  ,17  ,1,0,In Progress
Butler,Cranberry Twp,16  ,47  ,8  ,1,0,In Progress
Westmoreland,North Huntingdon Twp,14  ,41  ,59  ,1,0,In Progress
Beaver,Freedom Boro,17  ,47  ,15  ,1,0,In Progress
Allegheny,Baldwin Br,17  ,38  ,21  ,1,0,In Progress
Lancaster,Warwick Twp,11  ,36  ,41  ,1,0,In Progress
Beaver,Economy Boro,17  ,47  ,15  ,1,0,In Progress
Lancaster,Warwick Twp,11  ,13  ,49  ,1,0,In Progress
Westmoreland,New Kensington,14  ,41  ,60  ,1,0,In Progress
Westmoreland,New Alexandria,14  ,39  ,57  ,1,0,In Progress
Westmoreland,Munic Of Murrysville,14  ,41  ,59  ,1,0,In Progress
Westmoreland,Munic Of Murrysville,14  ,39  ,55  ,1,0,In Progress
Allegheny,Bellevue,12  ,38  ,21  ,1,0,In Progress
Allegheny,Bellevue,12  ,43  ,36  ,1,0,In Progress
Lancaster,Strasburg Boro,11  ,36  ,96  ,1,0,In Progress
Allegheny,Bellevue,12  ,45  ,36  ,1,0,In Progress
Allegheny,Bellevue,17  ,38  ,20  ,1,0,In Progress
Lancaster,Providence Twp,11  ,36  ,41  ,1,0,In Progress
Allegheny,Pittsburgh,17  ,37  ,28  ,1,0,In Progress
Allegheny,Penn Hills,17  ,38  ,33  ,1,0,In Progress
Lancaster,Penn Twp,11  ,36  ,98  ,1,0,In Progress
Lancaster,Penn Twp,11  ,36  ,96  ,1,0,In Progress
Lancaster,Penn Twp,11  ,36  ,43  ,1,0,In Progress
Lancaster,Penn Twp,11  ,13  ,41  ,1,0,In Progress
Allegheny,Penn Hills,17  ,38  ,21  ,1,0,In Progress
Lancaster,Paradise Twp,11  ,36  ,41  ,1,0,In Progress
Lancaster,New Holland Boro,11  ,36  ,41  ,1,0,In Progress
Westmoreland,Lower Burrell,14  ,39  ,57  ,1,0,In Progress
Lancaster,New Holland Boro,11  ,36  ,37  ,1,0,In Progress
Lancaster,Mount Joy Twp,11  ,36  ,37  ,1,0,In Progress
Lancaster,Mount Joy Twp,11  ,13  ,97  ,1,0,In Progress
Lancaster,Mount Joy Boro,11  ,36  ,41  ,1,0,In Progress
Lancaster,Marietta Boro,11  ,36  ,41  ,1,0,In Progress
Lancaster,Manor Twp,11  ,36  ,98  ,1,0,In Progress
Allegheny,Penn Hills,17  ,37  ,45  ,1,0,In Progress
Allegheny,Penn Hills,17  ,37  ,44  ,1,0,In Progress
Allegheny,Bellevue,17  ,42  ,30  ,1,0,In Progress
Monroe,Coolbaugh,8  ,40  ,176  ,1,0,In Progress
Lancaster,Manor Twp,11  ,36  ,96  ,1,0,In Progress
Monroe,East Stroudsburg,8  ,40  ,115  ,1,0,In Progress
Monroe,East Stroudsburg,8  ,40  ,176  ,1,0,In Progress
Lancaster,Manor Twp,11  ,36  ,43  ,1,0,In Progress
Lancaster,Manor Twp,11  ,36  ,41  ,1,0,In Progress
Lancaster,Manor Twp,11  ,13  ,49  ,1,0,In Progress
Lancaster,Manheim Twp,11  ,36  ,98  ,1,0,In Progress
Lancaster,Manheim Twp,11  ,36  ,43  ,1,0,In Progress
Lancaster,Manheim Twp,11  ,13  ,41  ,1,0,In Progress
Monroe,Jackson,8  ,40  ,189  ,1,0,In Progress
Lancaster,Lititz Boro,11  ,36  ,43  ,1,0,In Progress
Lancaster,Lititz Boro,11  ,13  ,97  ,1,0,In Progress
Allegheny,Penn Hills,12  ,43  ,24  ,1,0,In Progress
Allegheny,Penn Hills,12  ,43  ,23  ,1,0,In Progress
Monroe,Mount Pocono Boro,8  ,40  ,176  ,1,0,In Progress
Lancaster,Lancaster Twp,11  ,36  ,98  ,1,0,In Progress
Allegheny,Ohio,17  ,38  ,30  ,1,0,In Progress
Allegheny,Ben Avon,12  ,42  ,21  ,1,0,In Progress
Lancaster,Lancaster City,11  ,13  ,43  ,1,0,In Progress
Monroe,Polk,8  ,40  ,176  ,1,0,In Progress
Lancaster,Lancaster City,11  ,13  ,41  ,1,0,In Progress
Westmoreland,Jeannette,12  ,39  ,58  ,1,0,In Progress
Allegheny,Ohara,17  ,43  ,32  ,1,0,In Progress
Lancaster,Lampeter West Twp,11  ,36  ,37  ,1,0,In Progress
Westmoreland,Hempfield Twp,14  ,41  ,55  ,1,0,In Progress
Allegheny,Ohara,12  ,45  ,25  ,1,0,In Progress
Allegheny,Ohara,12  ,42  ,21  ,1,0,In Progress
Monroe,Stroudsburg,8  ,40  ,115  ,1,0,In Progress
Allegheny,Bethel Park,12  ,43  ,23  ,1,0,In Progress
Allegheny,Oakmont,17  ,38  ,28  ,1,0,In Progress
Lancaster,Lampeter East Twp,11  ,36  ,43  ,1,0,In Progress
Allegheny,Oakmont,12  ,38  ,24  ,1,0,In Progress
Montgomery,Abington Twp,1  ,12  ,147  ,1,0,In Progress
Lancaster,Lampeter East Twp,11  ,36  ,41  ,1,0,In Progress
Allegheny,Bethel Park,12  ,45  ,36  ,1,0,In Progress
Lancaster,Lampeter East Twp,11  ,13  ,49  ,1,0,In Progress
Montgomery,Abington Twp,4  ,12  ,153  ,1,0,In Progress
Montgomery,Abington Twp,4  ,12  ,61  ,1,0,In Progress
Lancaster,Lampeter East Twp,11  ,13  ,43  ,1,0,In Progress
Allegheny,Oakdale,17  ,37  ,45  ,1,0,In Progress
Lancaster,Hempfield West Twp,11  ,36  ,98  ,1,0,In Progress
Lancaster,Hempfield West Twp,11  ,36  ,96  ,1,0,In Progress
Montgomery,Ambler Boro,1  ,12  ,53  ,1,0,In Progress
Westmoreland,Derry Twp,14  ,39  ,58  ,1,0,In Progress
Montgomery,Ambler Boro,4  ,12  ,61  ,1,0,In Progress
Montgomery,Ambler Boro,4  ,4  ,154  ,1,0,In Progress
Montgomery,Bridgeport Boro,4  ,12  ,70  ,1,0,In Progress
Montgomery,Bridgeport Boro,4  ,24  ,61  ,1,0,In Progress
Montgomery,Bridgeport Boro,4  ,24  ,70  ,1,0,In Progress
Allegheny,Neville,12  ,38  ,24  ,1,0,In Progress
Montgomery,Bridgeport Boro,5  ,17  ,54  ,1,0,In Progress
Lancaster,Hempfield West Twp,11  ,36  ,37  ,1,0,In Progress
Lancaster,Hempfield East Twp,11  ,36  ,98  ,1,0,In Progress
Montgomery,Cheltenham Twp,4  ,24  ,61  ,1,0,In Progress
Montgomery,Cheltenham Twp,4  ,4  ,153  ,1,0,In Progress
Allegheny,N Versailles,17  ,42  ,27  ,1,0,In Progress
Montgomery,Cheltenham Twp,5  ,17  ,149  ,1,0,In Progress
Allegheny,Pleasant Hl,12  ,45  ,38  ,1,0,In Progress
Montgomery,Collegeville Boro,4  ,24  ,146  ,1,0,In Progress
Allegheny,N Versailles,17  ,42  ,20  ,1,0,In Progress
Lancaster,Hempfield East Twp,11  ,13  ,41  ,1,0,In Progress
Montgomery,Conshohocken Boro,4  ,12  ,54  ,1,0,In Progress
Montgomery,Conshohocken Boro,4  ,24  ,61  ,1,0,In Progress
Montgomery,Conshohocken Boro,4  ,4  ,153  ,1,0,In Progress
Lancaster,Fulton Twp,11  ,36  ,41  ,1,0,In Progress
Allegheny,Plum,17  ,38  ,21  ,1,0,In Progress
Westmoreland,Delmont,14  ,39  ,57  ,1,0,In Progress
Allegheny,N Versailles,12  ,43  ,34  ,1,0,In Progress
Lancaster,Ephrata Twp,11  ,13  ,97  ,1,0,In Progress
Lancaster,Ephrata Twp,11  ,13  ,96  ,1,0,In Progress
Lancaster,Ephrata Boro,11  ,36  ,96  ,1,0,In Progress
Allegheny,N Fayette,17  ,45  ,42  ,1,0,In Progress
Montgomery,East Norriton Twp,4  ,4  ,154  ,1,0,In Progress
Allegheny,Plum,17  ,38  ,28  ,1,0,In Progress
Lancaster,Ephrata Boro,11  ,36  ,37  ,1,0,In Progress
Montgomery,Franconia Twp,1  ,12  ,131  ,1,0,In Progress
Allegheny,N Fayette,17  ,42  ,42  ,1,0,In Progress
Allegheny,N Fayette,17  ,37  ,46  ,1,0,In Progress
Montgomery,Franconia Twp,4  ,12  ,70  ,1,0,In Progress
Montgomery,Franconia Twp,4  ,24  ,61  ,1,0,In Progress
Montgomery,Franconia Twp,4  ,24  ,70  ,1,0,In Progress
Montgomery,Franconia Twp,5  ,17  ,149  ,1,0,In Progress
Allegheny,Bethel Park,17  ,37  ,46  ,1,0,In Progress
Lancaster,Elizabethtown Boro,11  ,36  ,97  ,1,0,In Progress
Allegheny,Plum,17  ,43  ,34  ,1,0,In Progress
Lancaster,East Petersburg Boro,11  ,13  ,97  ,1,0,In Progress
Lancaster,East Petersburg Boro,11  ,13  ,96  ,1,0,In Progress
Allegheny,N Fayette,12  ,38  ,24  ,1,0,In Progress
Allegheny,Rankin,12  ,45  ,25  ,1,0,In Progress
Lancaster,Donegal West Twp,11  ,36  ,41  ,1,0,In Progress
Lancaster,Donegal West Twp,11  ,13  ,41  ,1,0,In Progress
Allegheny,N Braddock,12  ,45  ,25  ,1,0,In Progress
Allegheny,N Braddock,12  ,43  ,34  ,1,0,In Progress
Montgomery,Horsham Twp,4  ,12  ,54  ,1,0,In Progress
Montgomery,Horsham Twp,4  ,17  ,70  ,1,0,In Progress
Lancaster,Donegal East Twp,11  ,36  ,43  ,1,0,In Progress
Lancaster,Donegal East Twp,11  ,36  ,37  ,1,0,In Progress
Montgomery,Horsham Twp,4  ,4  ,153  ,1,0,In Progress
Lancaster,Donegal East Twp,11  ,13  ,49  ,1,0,In Progress
Montgomery,Jenkintown Boro,4  ,12  ,153  ,1,0,In Progress
Lancaster,Denver Boro,11  ,36  ,96  ,1,0,In Progress
Allegheny,Munhall,17  ,43  ,34  ,1,0,In Progress
Montgomery,Jenkintown Boro,4  ,7  ,148  ,1,0,In Progress
Lancaster,Conoy Twp,11  ,13  ,49  ,1,0,In Progress
Allegheny,Richland,12  ,37  ,40  ,1,0,In Progress
Lancaster,Cocalico West Twp,11  ,36  ,96  ,1,0,In Progress
Lancaster,Cocalico West Twp,11  ,36  ,41  ,1,0,In Progress
Westmoreland,Delmont,12  ,39  ,56  ,1,0,In Progress
Montgomery,Lansdale Boro,4  ,12  ,61  ,1,0,In Progress
Montgomery,Lansdale Boro,4  ,24  ,61  ,1,0,In Progress
Montgomery,Lansdale Boro,4  ,7  ,54  ,1,0,In Progress
Montgomery,Lansdale Boro,5  ,17  ,149  ,1,0,In Progress
Montgomery,Lansdale Boro,5  ,17  ,54  ,1,0,In Progress
Allegheny,Munhall,12  ,43  ,38  ,1,0,In Progress
Montgomery,Limerick Twp,4  ,24  ,147  ,1,0,In Progress
Montgomery,Limerick Twp,4  ,24  ,150  ,1,0,In Progress
Lancaster,Cocalico West Twp,11  ,36  ,37  ,1,0,In Progress
Allegheny,Munhall,12  ,42  ,19  ,1,0,In Progress
Montgomery,Lower Gwynedd Twp,1  ,12  ,53  ,1,0,In Progress
Montgomery,Lower Gwynedd Twp,1  ,24  ,131  ,1,0,In Progress
Lancaster,Cocalico East Twp,11  ,36  ,37  ,1,0,In Progress
Montgomery,Lower Gwynedd Twp,4  ,12  ,152  ,1,0,In Progress
Allegheny,Munhall,12  ,38  ,24  ,1,0,In Progress
Montgomery,Lower Merion Twp,4  ,12  ,61  ,1,0,In Progress
Allegheny,Mt Oliver,17  ,38  ,20  ,1,0,In Progress
Allegheny,Richland,12  ,43  ,36  ,1,0,In Progress
Lancaster,Clay Twp,11  ,36  ,96  ,1,0,In Progress
Montgomery,Lower Merion Twp,4  ,24  ,61  ,1,0,In Progress
Lancaster,Clay Twp,11  ,36  ,41  ,1,0,In Progress
Montgomery,Lower Merion Twp,4  ,4  ,154  ,1,0,In Progress
Lancaster,Brecknock Twp,11  ,36  ,98  ,1,0,In Progress
Lancaster,Adamstown Boro,11  ,13  ,97  ,1,0,In Progress
Lackawanna,Throop,8  ,40  ,112  ,1,0,In Progress
Allegheny,Mt Lebanon,17  ,38  ,33  ,1,0,In Progress
Montgomery,Lower Moreland Twp,1  ,12  ,151  ,1,0,In Progress
Lackawanna,Throop,8  ,22  ,113  ,1,0,In Progress
Montgomery,Lower Moreland Twp,4  ,24  ,70  ,1,0,In Progress
Westmoreland,Delmont,12  ,39  ,55  ,1,0,In Progress
Lackawanna,Taylor,8  ,40  ,113  ,1,0,In Progress
Montgomery,Lower Pottsgrove Twp,4  ,24  ,147  ,1,0,In Progress
Montgomery,Lower Pottsgrove Twp,4  ,24  ,70  ,1,0,In Progress
Montgomery,Lower Pottsgrove Twp,4  ,7  ,54  ,1,0,In Progress
Montgomery,Lower Providence Twp,1  ,12  ,53  ,1,0,In Progress
Montgomery,Lower Providence Twp,4  ,12  ,61  ,1,0,In Progress
Montgomery,Lower Providence Twp,4  ,17  ,70  ,1,0,In Progress
Montgomery,Lower Providence Twp,4  ,24  ,150  ,1,0,In Progress
Allegheny,Mt Lebanon,17  ,37  ,28  ,1,0,In Progress
Allegheny,Richland,17  ,38  ,20  ,1,0,In Progress
Allegheny,Bethel Park,17  ,38  ,21  ,1,0,In Progress
Montgomery,Lower Salford Twp,1  ,12  ,53  ,1,0,In Progress
Montgomery,Lower Salford Twp,4  ,24  ,146  ,1,0,In Progress
Allegheny,Mt Lebanon,12  ,45  ,38  ,1,0,In Progress
Lackawanna,South Abington,8  ,22  ,118  ,1,0,In Progress
Allegheny,Robinson,12  ,43  ,36  ,1,0,In Progress
Allegheny,Mt Lebanon,12  ,43  ,36  ,1,0,In Progress
Montgomery,Marlborough Twp,4  ,24  ,147  ,1,0,In Progress
Allegheny,Mt Lebanon,12  ,43  ,24  ,1,0,In Progress
Lackawanna,Scranton,8  ,40  ,113  ,1,0,In Progress
Allegheny,Ross,12  ,37  ,39  ,1,0,In Progress
Lackawanna,Olyphant,8  ,22  ,114  ,1,0,In Progress
Montgomery,Montgomery Twp,4  ,12  ,54  ,1,0,In Progress
Allegheny,Ross,12  ,37  ,40  ,1,0,In Progress
Allegheny,Franklin Pk,12  ,42  ,19  ,1,0,In Progress
Montgomery,Montgomery Twp,4  ,24  ,61  ,1,0,In Progress
Montgomery,Montgomery Twp,4  ,4  ,154  ,1,0,In Progress
Allegheny,Ross,12  ,42  ,27  ,1,0,In Progress
Montgomery,Narberth Boro,4  ,12  ,152  ,1,0,In Progress
Montgomery,Narberth Boro,4  ,7  ,148  ,1,0,In Progress
Lackawanna,Moscow,8  ,22  ,112  ,1,0,In Progress
Westmoreland,Allegheny Twp,14  ,39  ,57  ,1,0,In Progress
Montgomery,New Hanover Twp,4  ,17  ,150  ,1,0,In Progress
Allegheny,Mt Lebanon,12  ,42  ,27  ,1,0,In Progress
Allegheny,Bethel Park,17  ,38  ,28  ,1,0,In Progress
Montgomery,Norristown Boro,1  ,24  ,131  ,1,0,In Progress
Lackawanna,Madison,8  ,22  ,113  ,1,0,In Progress
Lackawanna,Laplume,8  ,22  ,114  ,1,0,In Progress
Montgomery,Norristown Boro,4  ,24  ,147  ,1,0,In Progress
Montgomery,Norristown Boro,4  ,7  ,54  ,1,0,In Progress
Montgomery,Norristown Boro,5  ,17  ,149  ,1,0,In Progress
Allegheny,Ross,12  ,45  ,25  ,1,0,In Progress
Allegheny,Ross,17  ,37  ,30  ,1,0,In Progress
Allegheny,Mt Lebanon,12  ,37  ,40  ,1,0,In Progress
Allegheny,Bethel Park,17  ,38  ,33  ,1,0,In Progress
Lackawanna,Jefferson,8  ,22  ,118  ,1,0,In Progress
Allegheny,Mt Lebanon,12  ,37  ,39  ,1,0,In Progress
Montgomery,Perkiomen Twp,4  ,44  ,150  ,1,0,In Progress
Lackawanna,Glenburn,8  ,22  ,113  ,1,0,In Progress
Allegheny,Moon,17  ,38  ,20  ,1,0,In Progress
Lackawanna,Elmhurst,8  ,40  ,112  ,1,0,In Progress
Allegheny,Ross,17  ,37  ,44  ,1,0,In Progress
Montgomery,Plymouth Twp,4  ,24  ,61  ,1,0,In Progress
Lackawanna,Dickson City,8  ,40  ,112  ,1,0,In Progress
Montgomery,Plymouth Twp,4  ,7  ,148  ,1,0,In Progress
Lackawanna,Dickson City,8  ,22  ,112  ,1,0,In Progress
Lackawanna,Covington,8  ,22  ,112  ,1,0,In Progress
Montgomery,Pottstown Boro,4  ,17  ,150  ,1,0,In Progress
Montgomery,Pottstown Boro,4  ,17  ,70  ,1,0,In Progress
Lackawanna,Clarks Summit,8  ,22  ,118  ,1,0,In Progress
Montgomery,Pottstown Boro,4  ,24  ,147  ,1,0,In Progress
Montgomery,Pottstown Boro,4  ,24  ,70  ,1,0,In Progress
Montgomery,Pottstown Boro,5  ,17  ,149  ,1,0,In Progress
Lackawanna,Clarks Summit,8  ,22  ,112  ,1,0,In Progress
Allegheny,Moon,17  ,37  ,28  ,1,0,In Progress
Lackawanna,Carbondale Twp,8  ,22  ,114  ,1,0,In Progress
Lackawanna,Carbondale,8  ,22  ,113  ,1,0,In Progress
Montgomery,Royersford Boro,4  ,24  ,147  ,1,0,In Progress
Allegheny,Moon,12  ,45  ,39  ,1,0,In Progress
Allegheny,Moon,12  ,45  ,38  ,1,0,In Progress
Allegheny,Ross,17  ,42  ,20  ,1,0,In Progress
Montgomery,Schwenksville Boro,4  ,24  ,146  ,1,0,In Progress
Lackawanna,Archbald,8  ,22  ,113  ,1,0,In Progress
Lackawanna,Archbald,8  ,22  ,112  ,1,0,In Progress
Wayne,Mount Pleasant Twp.,8  ,40  ,139  ,1,0,In Progress
Montgomery,Skippack Twp,4  ,24  ,147  ,1,0,In Progress
Allegheny,Moon,12  ,43  ,23  ,1,0,In Progress
Montgomery,Skippack Twp,4  ,44  ,150  ,1,0,In Progress
Allegheny,Moon,12  ,42  ,20  ,1,0,In Progress
Jefferson,Sykesville Boro,15  ,41  ,66  ,1,0,In Progress
Montgomery,Souderton Boro,4  ,24  ,61  ,1,0,In Progress
Montgomery,Springfield Twp,1  ,12  ,53  ,1,0,In Progress
Montgomery,Springfield Twp,4  ,12  ,151  ,1,0,In Progress
Jefferson,Falls Creek Boro,15  ,35  ,75  ,1,0,In Progress
Montgomery,Springfield Twp,4  ,12  ,61  ,1,0,In Progress
Montgomery,Springfield Twp,4  ,17  ,149  ,1,0,In Progress
Indiana,White,14  ,41  ,66  ,1,0,In Progress
Allegheny,Moon,12  ,38  ,24  ,1,0,In Progress
Montgomery,Springfield Twp,4  ,7  ,148  ,1,0,In Progress
Indiana,Smicksburg,15  ,41  ,66  ,1,0,In Progress
Montgomery,Telford Boro,1  ,24  ,131  ,1,0,In Progress
Montgomery,Towamencin Twp,1  ,12  ,147  ,1,0,In Progress
Indiana,Marion Center,14  ,41  ,62  ,1,0,In Progress
Indiana,Canoe,14  ,41  ,62  ,1,0,In Progress
Montgomery,Towamencin Twp,4  ,12  ,151  ,1,0,In Progress
Montgomery,Towamencin Twp,4  ,12  ,53  ,1,0,In Progress
Indiana,Armstrong,14  ,41  ,66  ,1,0,In Progress
Wayne,Manchester Twp.,8  ,40  ,111  ,1,0,In Progress
Montgomery,Towamencin Twp,4  ,24  ,147  ,1,0,In Progress
Wayne,Lake Twp.,8  ,40  ,111  ,1,0,In Progress
Wayne,Damascus Twp.,8  ,40  ,139  ,1,0,In Progress
Allegheny,Bethel Park,17  ,45  ,42  ,1,0,In Progress
Montgomery,Trappe Boro Boro,4  ,17  ,149  ,1,0,In Progress
Allegheny,Monroeville,17  ,43  ,34  ,1,0,In Progress
Wayne,Bethany Boro.,8  ,40  ,139  ,1,0,In Progress
Washington,Twp. Of South Strabane,14  ,46  ,46  ,1,0,In Progress
Washington,Twp. Of South Strabane,14  ,46  ,15  ,1,0,In Progress
Allegheny,Braddock,12  ,43  ,34  ,1,0,In Progress
Allegheny,Monroeville,17  ,42  ,27  ,1,0,In Progress
Centre,Ferguson Twp.,15  ,25  ,77  ,1,0,In Progress
Washington,Township Of Somerset,14  ,46  ,15  ,1,0,In Progress
Montgomery,Upper Dublin Twp,4  ,24  ,150  ,1,0,In Progress
Allegheny,Brentwood,12  ,42  ,19  ,1,0,In Progress
Allegheny,Brentwood,12  ,45  ,35  ,1,0,In Progress
Montgomery,Upper Dublin Twp,4  ,4  ,152  ,1,0,In Progress
Montgomery,Upper Dublin Twp,4  ,4  ,153  ,1,0,In Progress
Washington,Township Of Donegal,14  ,46  ,48  ,1,0,In Progress
Beaver,Brighton Twp,17  ,47  ,16  ,1,0,In Progress
Allegheny,Brentwood,17  ,38  ,20  ,1,0,In Progress
Allegheny,Monroeville,17  ,38  ,30  ,1,0,In Progress
Montgomery,Upper Gwynedd Twp,1  ,12  ,147  ,1,0,In Progress
Washington,Township Of Cecil,14  ,46  ,48  ,1,0,In Progress
Allegheny,Brentwood,17  ,38  ,21  ,1,0,In Progress
Allegheny,Brentwood,17  ,42  ,27  ,1,0,In Progress
Montgomery,Upper Gwynedd Twp,4  ,24  ,146  ,1,0,In Progress
Chester,Caln Twp,6  ,19  ,155  ,1,0,In Progress
Washington,Township Of Canton,14  ,46  ,39  ,1,0,In Progress
Allegheny,Brentwood,17  ,42  ,42  ,1,0,In Progress
Montgomery,Upper Hanover Twp,4  ,44  ,150  ,1,0,In Progress
Montgomery,Upper Merion Twp,1  ,12  ,53  ,1,0,In Progress
Montgomery,Upper Merion Twp,1  ,24  ,131  ,1,0,In Progress
Chester,Caln Twp,6  ,19  ,167  ,1,0,In Progress
Beaver,Bridgewater,17  ,47  ,16  ,1,0,In Progress
Montgomery,Upper Merion Twp,4  ,24  ,146  ,1,0,In Progress
Montgomery,Upper Merion Twp,4  ,24  ,61  ,1,0,In Progress
Chester,Caln Twp,6  ,9  ,160  ,1,0,In Progress
Montgomery,Upper Merion Twp,4  ,7  ,148  ,1,0,In Progress
Allegheny,Monroeville,12  ,45  ,32  ,1,0,In Progress
Montgomery,Upper Merion Twp,5  ,17  ,54  ,1,0,In Progress
Allegheny,Brentwood,17  ,45  ,42  ,1,0,In Progress
Washington,City Of Washington,14  ,46  ,46  ,1,0,In Progress
Montgomery,Upper Moreland Twp,4  ,12  ,151  ,1,0,In Progress
Allegheny,Monroeville,12  ,43  ,34  ,1,0,In Progress
Montgomery,Upper Moreland Twp,4  ,12  ,153  ,1,0,In Progress
Montgomery,Upper Moreland Twp,4  ,12  ,70  ,1,0,In Progress
Washington,City Of Washington,14  ,46  ,15  ,1,0,In Progress
Montgomery,Upper Moreland Twp,4  ,4  ,152  ,1,0,In Progress
Montgomery,Upper Moreland Twp,4  ,4  ,153  ,1,0,In Progress
Montgomery,Upper Pottsgrove Twp,4  ,24  ,146  ,1,0,In Progress
Allegheny,Monroeville,12  ,43  ,23  ,1,0,In Progress
Montgomery,Upper Pottsgrove Twp,4  ,24  ,70  ,1,0,In Progress
Montgomery,Upper Providence Twp,1  ,12  ,151  ,1,0,In Progress
Montgomery,Upper Providence Twp,1  ,12  ,53  ,1,0,In Progress
Chester,Charlestown Twp,6  ,44  ,155  ,1,0,In Progress
Beaver,Beaver Falls,17  ,47  ,15  ,1,0,In Progress
Montgomery,Upper Providence Twp,4  ,24  ,147  ,1,0,In Progress
Chester,Downingtown Boro,6  ,19  ,167  ,1,0,In Progress
Montgomery,Upper Providence Twp,4  ,24  ,61  ,1,0,In Progress
Chester,Downingtown Boro,6  ,44  ,74  ,1,0,In Progress
Chester,E Bradford Twp,6  ,44  ,26  ,1,0,In Progress
Allegheny,Monroeville,12  ,38  ,24  ,1,0,In Progress
Beaver,Aliquippa,17  ,47  ,14  ,1,0,In Progress
Montgomery,West Conshohocken Boro,4  ,17  ,148  ,1,0,In Progress
Chester,E Coventry Twp,6  ,44  ,74  ,1,0,In Progress
Montgomery,West Conshohocken Boro,5  ,17  ,149  ,1,0,In Progress
Chester,E Fallowfield Twnshp,6  ,9  ,13  ,1,0,In Progress
Chester,E Goshen Twp,6  ,19  ,157  ,1,0,In Progress
Washington,Boro Of Houston,14  ,46  ,48  ,1,0,In Progress
Montgomery,West Norriton Twp,4  ,24  ,146  ,1,0,In Progress
Chester,E Goshen Twp,6  ,44  ,157  ,1,0,In Progress
Chester,E Goshen Twp,6  ,44  ,167  ,1,0,In Progress
Montgomery,West Norriton Twp,4  ,24  ,70  ,1,0,In Progress
Chester,E Goshen Twp,6  ,9  ,13  ,1,0,In Progress
Montgomery,West Norriton Twp,4  ,7  ,54  ,1,0,In Progress
Chester,E Goshen Twp,6  ,9  ,160  ,1,0,In Progress
Allegheny,Carnegie,12  ,45  ,35  ,1,0,In Progress
Washington,Boro Of Donora,14  ,46  ,39  ,1,0,In Progress
Montgomery,West Pottsgrove Twp,4  ,24  ,61  ,1,0,In Progress
Montgomery,Whitemarsh Twp,4  ,12  ,153  ,1,0,In Progress
Chester,E Whiteland Twp,6  ,19  ,157  ,1,0,In Progress
Montgomery,Whitemarsh Twp,4  ,4  ,154  ,1,0,In Progress
Montgomery,Whitemarsh Twp,4  ,44  ,150  ,1,0,In Progress
Allegheny,Millvale,12  ,43  ,23  ,1,0,In Progress
Montgomery,Whitemarsh Twp,4  ,7  ,54  ,1,0,In Progress
Montgomery,Whitemarsh Twp,5  ,17  ,148  ,1,0,In Progress
Chester,E Whiteland Twp,6  ,19  ,167  ,1,0,In Progress
Chester,E Whiteland Twp,6  ,44  ,155  ,1,0,In Progress
Montgomery,Whitpain Twp,4  ,12  ,151  ,1,0,In Progress
Montgomery,Whitpain Twp,4  ,12  ,153  ,1,0,In Progress
Allegheny,Millvale,12  ,38  ,24  ,1,0,In Progress
Chester,E Whiteland Twp,6  ,44  ,26  ,1,0,In Progress
Chester,E Whiteland Twp,6  ,44  ,74  ,1,0,In Progress
Washington,Boro Of Canonsburg,14  ,46  ,48  ,1,0,In Progress
Chester,E Whiteland Twp,6  ,9  ,160  ,1,0,In Progress
Washington,Boro Of California,14  ,46  ,48  ,1,0,In Progress
Chester,East Caln Twp,6  ,19  ,74  ,1,0,In Progress
Chester,East Caln Twp,6  ,44  ,155  ,1,0,In Progress
Montgomery,Whitpain Twp,4  ,7  ,54  ,1,0,In Progress
Montgomery,Worcester Twp,4  ,12  ,53  ,1,0,In Progress
Allegheny,Mckeesport,12  ,45  ,38  ,1,0,In Progress
Montgomery,Worcester Twp,4  ,24  ,61  ,1,0,In Progress
Montgomery,Worcester Twp,5  ,17  ,149  ,1,0,In Progress
Chester,Honeybrook Boro,6  ,44  ,26  ,1,0,In Progress
Chester,Honeybrook Twp,6  ,44  ,167  ,1,0,In Progress
Allegheny,Mckeesport,12  ,42  ,20  ,1,0,In Progress
Chester,Kennett Square Boro,6  ,9  ,13  ,1,0,In Progress
Chester,Kennett Twp,6  ,19  ,158  ,1,0,In Progress
Chester,London Grove Twnship,6  ,9  ,158  ,1,0,In Progress
Chester,Londonderry Twp,6  ,44  ,74  ,1,0,In Progress
Chester,Malvern Boro,6  ,19  ,156  ,1,0,In Progress
Chester,New Garden Twp,6  ,19  ,158  ,1,0,In Progress
Chester,New London Twp,6  ,19  ,167  ,1,0,In Progress
Chester,New London Twp,6  ,44  ,155  ,1,0,In Progress
Chester,New London Twp,6  ,9  ,158  ,1,0,In Progress
Union,Mifflinburg Boro,15  ,23  ,85  ,1,0,In Progress
Chester,Oxford Boro,6  ,44  ,155  ,1,0,In Progress
Chester,Pennsbury Twp,6  ,9  ,158  ,1,0,In Progress
Allegheny,Carnegie,17  ,37  ,46  ,1,0,In Progress
Chester,Phoenixville Boro,6  ,19  ,74  ,1,0,In Progress
Allegheny,Carnegie,17  ,42  ,27  ,1,0,In Progress
Chester,Phoenixville Boro,6  ,44  ,155  ,1,0,In Progress
Chester,Pocopson Twp,6  ,19  ,156  ,1,0,In Progress
Chester,Sadsbury Twp,6  ,19  ,13  ,1,0,In Progress
Allegheny,Casl Shannon,12  ,37  ,42  ,1,0,In Progress
Chester,Sadsbury Twp,6  ,19  ,157  ,1,0,In Progress
Chester,Thornbury Twp,6  ,19  ,156  ,1,0,In Progress
Chester,Tredyffrin Twp,6  ,19  ,156  ,1,0,In Progress
Chester,Tredyffrin Twp,6  ,19  ,167  ,1,0,In Progress
Chester,Tredyffrin Twp,6  ,44  ,167  ,1,0,In Progress
Chester,Upper Uwchlan Twnshp,6  ,44  ,74  ,1,0,In Progress
Chester,Uwchlan Twp,6  ,9  ,158  ,1,0,In Progress
Chester,Valley Twp,6  ,44  ,155  ,1,0,In Progress
Chester,Valley Twp,6  ,44  ,74  ,1,0,In Progress
Chester,W Bradford Twp,6  ,19  ,167  ,1,0,In Progress
Chester,W Bradford Twp,6  ,44  ,167  ,1,0,In Progress
Allegheny,Mckees Rocks,12  ,45  ,38  ,1,0,In Progress
Northampton,Bangor Boro,7  ,18  ,137  ,1,0,In Progress
Chester,W Brandywine Townshp,6  ,19  ,167  ,1,0,In Progress
Chester,W Goshen Twp,6  ,19  ,157  ,1,0,In Progress
Northampton,Bath Boro,7  ,18  ,136  ,1,0,In Progress
Chester,W Goshen Twp,6  ,19  ,167  ,1,0,In Progress
Chester,W Goshen Twp,6  ,9  ,160  ,1,0,In Progress
Chester,W Pikeland Twp,6  ,44  ,26  ,1,0,In Progress
Northampton,Bethlehem,7  ,18  ,131  ,1,0,In Progress
Allegheny,Mckees Rocks,12  ,42  ,21  ,1,0,In Progress
Northampton,Bethlehem,7  ,18  ,136  ,1,0,In Progress
Chester,W Vincent Twp,6  ,44  ,155  ,1,0,In Progress
Northampton,Bethlehem Twsp,7  ,14  ,135  ,1,0,In Progress
Tioga,Elk Twp,15  ,23  ,68  ,1,0,In Progress
Chester,W Whiteland Twp,6  ,19  ,155  ,1,0,In Progress
Chester,W Whiteland Twp,6  ,19  ,157  ,1,0,In Progress
Chester,W Whiteland Twp,6  ,19  ,158  ,1,0,In Progress
Allegheny,Mccandless,17  ,42  ,45  ,1,0,In Progress
Northampton,Bushkill Twsp,7  ,18  ,137  ,1,0,In Progress
Chester,W Whiteland Twp,6  ,19  ,74  ,1,0,In Progress
Chester,W Whiteland Twp,6  ,44  ,26  ,1,0,In Progress
Allegheny,Casl Shannon,12  ,37  ,45  ,1,0,In Progress
Northampton,Easton,7  ,14  ,135  ,1,0,In Progress
Chester,Warwick Twp,6  ,19  ,74  ,1,0,In Progress
Allegheny,Mccandless,17  ,42  ,20  ,1,0,In Progress
Chester,West Chester Boro,6  ,19  ,157  ,1,0,In Progress
Northampton,Forks,7  ,18  ,136  ,1,0,In Progress
Allegheny,Mccandless,17  ,38  ,33  ,1,0,In Progress
Northampton,Freemansburg,7  ,18  ,135  ,1,0,In Progress
Chester,West Chester Boro,6  ,19  ,167  ,1,0,In Progress
Chester,West Chester Boro,6  ,44  ,167  ,1,0,In Progress
Northampton,Glendon,7  ,18  ,135  ,1,0,In Progress
Chester,West Chester Boro,6  ,9  ,13  ,1,0,In Progress
Chester,Westtown Twp,6  ,19  ,155  ,1,0,In Progress
Franklin,Southampton Twp,13  ,33  ,90  ,1,0,In Progress
Franklin,Southampton Twp,13  ,33  ,89  ,1,0,In Progress
Northampton,Hanover,7  ,18  ,136  ,1,0,In Progress
Allegheny,Mccandless,17  ,37  ,45  ,1,0,In Progress
Northampton,Hellertown Boro,7  ,18  ,137  ,1,0,In Progress
Chester,Westtown Twp,6  ,19  ,167  ,1,0,In Progress
Franklin,Peters Twp,13  ,33  ,81  ,1,0,In Progress
Chester,Westtown Twp,6  ,44  ,155  ,1,0,In Progress
Allegheny,Scott,12  ,42  ,19  ,1,0,In Progress
Northampton,Lower Saucon Twsp,7  ,18  ,135  ,1,0,In Progress
Allegheny,Mccandless,12  ,37  ,40  ,1,0,In Progress
Northampton,Lower Saucon Twsp,7  ,18  ,137  ,1,0,In Progress
Allegheny,Marshall,17  ,38  ,28  ,1,0,In Progress
Allegheny,Marshall,17  ,37  ,30  ,1,0,In Progress
Northampton,Moore Twsp,7  ,18  ,136  ,1,0,In Progress
Northampton,Moore Twsp,7  ,18  ,137  ,1,0,In Progress
Chester,Willistown Twp,6  ,44  ,167  ,1,0,In Progress
Lancaster,Lancaster Twp,11  ,36  ,41  ,1,0,In Progress
Clearfield,Huston Twp,15  ,35  ,73  ,1,0,In Progress
Northampton,Nazareth Boro,7  ,18  ,138  ,1,0,In Progress
Franklin,Hamilton Twp,13  ,33  ,81  ,1,0,In Progress
Allegheny,Scott,17  ,37  ,30  ,1,0,In Progress
Northampton,Palmer,7  ,14  ,183  ,1,0,In Progress
Northampton,Palmer,7  ,18  ,135  ,1,0,In Progress
Allegheny,Scott,17  ,37  ,44  ,1,0,In Progress
Franklin,Chambersburg Boro,13  ,33  ,81  ,1,0,In Progress
Berks,Cumru Twp,4  ,11  ,126  ,1,0,In Progress
Franklin,Antrim Twp,13  ,33  ,89  ,1,0,In Progress
Northampton,Plainfield Twsp,7  ,14  ,183  ,1,0,In Progress
Clearfield,Newburg Boro,15  ,35  ,75  ,1,0,In Progress
Clearfield,Penn Twp,15  ,35  ,73  ,1,0,In Progress
Allegheny,Wilmerding,12  ,43  ,24  ,1,0,In Progress
Northampton,Stockertown Boro,7  ,18  ,137  ,1,0,In Progress
Crawford,Cambridge Twp,16  ,50  ,6  ,1,0,In Progress
Crawford,Conneautville Boro,16  ,50  ,65  ,1,0,In Progress
Allegheny,Leet,12  ,42  ,27  ,1,0,In Progress
Northampton,Upper Nazareth,7  ,14  ,183  ,1,0,In Progress
Northampton,Upper Nazareth,7  ,18  ,136  ,1,0,In Progress
Allegheny,Kilbuck,17  ,38  ,30  ,1,0,In Progress
Crawford,Cussewago Twp,16  ,50  ,6  ,1,0,In Progress
Northampton,Washington Twsp,7  ,18  ,131  ,1,0,In Progress
Allegheny,Wilkinsburg,17  ,38  ,33  ,1,0,In Progress
Allegheny,Wilkinsburg,17  ,38  ,20  ,1,0,In Progress
Northampton,Williams Twsp,7  ,18  ,135  ,1,0,In Progress
Allegheny,Kennedy,17  ,38  ,21  ,1,0,In Progress
Northampton,Williams Twsp,7  ,18  ,137  ,1,0,In Progress
Northampton,Wilson Boro,7  ,14  ,138  ,1,0,In Progress
Northampton,Wilson Boro,7  ,14  ,183  ,1,0,In Progress
Northampton,Wilson Boro,7  ,18  ,135  ,1,0,In Progress
Crawford,Venango Twp,16  ,50  ,6  ,1,0,In Progress
Allegheny,Wilkinsburg,12  ,45  ,35  ,1,0,In Progress
Crawford,West Mead Twp 2,16  ,50  ,65  ,1,0,In Progress
Crawford,Woodcock Twp,16  ,50  ,6  ,1,0,In Progress
Allegheny,Wilkinsburg,12  ,43  ,36  ,1,0,In Progress
Cumberland,Carlisle Boro,10  ,31  ,87  ,1,0,In Progress
Cumberland,Carlisle Boro,10  ,34  ,103  ,1,0,In Progress
Cumberland,Dickinson Twp,10  ,31  ,88  ,1,0,In Progress
Allegheny,Wilkinsburg,12  ,43  ,19  ,1,0,In Progress
Cumberland,Dickinson Twp,10  ,34  ,199  ,1,0,In Progress
Cumberland,Hampden Twp,10  ,34  ,87  ,1,0,In Progress
Allegheny,Wilkinsburg,12  ,38  ,21  ,1,0,In Progress
Allegheny,Wilkins,17  ,43  ,34  ,1,0,In Progress
Cumberland,Lemoyne Boro,10  ,31  ,87  ,1,0,In Progress
Allegheny,Wilkins,17  ,42  ,30  ,1,0,In Progress
Northumberland,Mcewensville Boro,9  ,27  ,108  ,1,0,In Progress
Allegheny,Wilkins,12  ,45  ,35  ,1,0,In Progress
Cumberland,Lower Allen Twp,10  ,34  ,87  ,1,0,In Progress
Allegheny,Wilkins,12  ,43  ,23  ,1,0,In Progress
Cumberland,Middlesex Twp,10  ,31  ,87  ,1,0,In Progress
Allegheny,Wilkins,12  ,42  ,19  ,1,0,In Progress
Allegheny,Indiana,17  ,38  ,28  ,1,0,In Progress
Cumberland,Middlesex Twp,10  ,34  ,87  ,1,0,In Progress
Cumberland,Monroe Twp,10  ,34  ,199  ,1,0,In Progress
Allegheny,Wilkins,12  ,38  ,24  ,1,0,In Progress
Cumberland,Mt. Holly Springs Boro,10  ,34  ,88  ,1,0,In Progress
Cumberland,North Middleton Twp,10  ,34  ,193  ,1,0,In Progress
Cumberland,Shippensburg Twp,10  ,34  ,199  ,1,0,In Progress
Allegheny,Indiana,17  ,38  ,21  ,1,0,In Progress
Cumberland,Shiremanstown Boro,10  ,31  ,87  ,1,0,In Progress
Allegheny,Whitehall,17  ,37  ,46  ,1,0,In Progress
Allegheny,Whitehall,17  ,37  ,28  ,1,0,In Progress
Allegheny,Whitehall,12  ,45  ,36  ,1,0,In Progress
Allegheny,Whitehall,12  ,45  ,35  ,1,0,In Progress
Northumberland,Watsontown Boro,9  ,27  ,107  ,1,0,In Progress
Cumberland,Upper Allen Twp,10  ,34  ,103  ,1,0,In Progress
Cumberland,Upper Allen Twp,10  ,34  ,87  ,1,0,In Progress
Allegheny,Whitehall,12  ,43  ,23  ,1,0,In Progress
Cumberland,West Pennsboro Twp,13  ,34  ,193  ,1,0,In Progress
Cumberland,Wormleysburg Boro,10  ,34  ,87  ,1,0,In Progress
Dauphin,Derry Twp,10  ,15  ,103  ,1,0,In Progress
Dauphin,Derry Twp,10  ,15  ,105   ,1,0,In Progress
Allegheny,White Oak,17  ,42  ,20  ,1,0,In Progress
Allegheny,Whitaker,17  ,43  ,32  ,1,0,In Progress
Allegheny,West View,17  ,38  ,28  ,1,0,In Progress
Dauphin,Middletown,10  ,15  ,104  ,1,0,In Progress
Allegheny,West Mifflin,12  ,37  ,40  ,1,0,In Progress
Erie,Wesleyville Boro,16  ,49  ,1  ,1,0,In Progress
Dauphin,Middletown,10  ,15  ,125  ,1,0,In Progress
Dauphin,Paxtang Boro,10  ,15  ,103  ,1,0,In Progress
Dauphin,Penbrook Boro,10  ,15  ,103  ,1,0,In Progress
Allegheny,Casl Shannon,12  ,42  ,20  ,1,0,In Progress
Erie,Waterford Twp.,16  ,49  ,1  ,1,0,In Progress
Erie,Waterford Boro,16  ,49  ,2  ,1,0,In Progress
Allegheny,Scott,17  ,37  ,46  ,1,0,In Progress
Dauphin,Penbrook Boro,10  ,15  ,104  ,1,0,In Progress
Dauphin,South Hanover Twp,10  ,15  ,104  ,1,0,In Progress
Allegheny,Casl Shannon,12  ,45  ,38  ,1,0,In Progress
Allegheny,West Mifflin,12  ,37  ,39  ,1,0,In Progress
Erie,Washington Twp,16  ,49  ,1  ,1,0,In Progress
Erie,Venango Twp,16  ,49  ,1  ,1,0,In Progress
Allegheny,West Deer,17  ,38  ,20  ,1,0,In Progress
Erie,Summit Twp,16  ,49  ,4  ,1,0,In Progress
Dauphin,Susquehanna Twp,10  ,15  ,103  ,1,0,In Progress
Allegheny,West Deer,17  ,37  ,45  ,1,0,In Progress
Dauphin,Susquehanna Twp,10  ,15  ,106   ,1,0,In Progress
Dauphin,West Hanover Twp,10  ,15  ,103  ,1,0,In Progress
Allegheny,Scott,17  ,42  ,20  ,1,0,In Progress
Erie,Springfield Twp,16  ,49  ,1  ,1,0,In Progress
Allegheny,Scott,17  ,42  ,45  ,1,0,In Progress
Philadelphia,(Empty),3  ,7  ,188  ,1,0,In Progress
Dauphin,West Hanover Twp,10  ,15  ,105   ,1,0,In Progress
Allegheny,Scott,17  ,43  ,34  ,1,0,In Progress
Allegheny,Homestead,12  ,42  ,36  ,1,0,In Progress
Allegheny,Sewickley,17  ,38  ,20  ,1,0,In Progress
Allegheny,Heidelberg,12  ,43  ,34  ,1,0,In Progress
Erie,Millcreek Twp,16  ,21  ,4  ,1,0,In Progress
Allegheny,Harrison,17  ,38  ,28  ,1,0,In Progress
Allegheny,Harrison,12  ,42  ,21  ,1,0,In Progress
Allegheny,Hampton,12  ,45  ,25  ,1,0,In Progress
Dauphin,West Hanover Twp,10  ,15  ,106   ,1,0,In Progress
Allegheny,Hampton,12  ,38  ,24  ,1,0,In Progress
Allegheny,Shaler,12  ,38  ,24  ,1,0,In Progress
Allegheny,Greentree,12  ,37  ,40  ,1,0,In Progress
Erie,Greene Twp,16  ,49  ,3  ,1,0,In Progress
Allegheny,Shaler,12  ,42  ,19  ,1,0,In Progress
Erie,Greene Twp,16  ,49  ,1  ,1,0,In Progress
Allegheny,Shaler,12  ,42  ,20  ,1,0,In Progress
Allegheny,Franklin Pk,17  ,38  ,30  ,1,0,In Progress
Erie,Girard Twp,16  ,49  ,3  ,1,0,In Progress
Delaware,Aston Twp,5  ,26  ,162  ,1,0,In Progress
Northampton,Nazareth Boro,7  ,18  ,136  ,1,0,In Progress
Allegheny,Franklin Pk,12  ,38  ,24  ,1,0,In Progress
Allegheny,Shaler,12  ,42  ,27  ,1,0,In Progress
Allegheny,Franklin Pk,12  ,38  ,21  ,1,0,In Progress
Erie,Girard Boro,16  ,49  ,2  ,1,0,In Progress
Erie,Fairview Twp,16  ,49  ,4  ,1,0,In Progress
Delaware,Brookhaven Boro,5  ,17  ,166  ,1,0,In Progress
Allegheny,Shaler,12  ,45  ,38  ,1,0,In Progress
Allegheny,Forest Hills,12  ,43  ,24  ,1,0,In Progress
Allegheny,Findlay,12  ,42  ,21  ,1,0,In Progress
Erie,Corry,16  ,49  ,4  ,1,0,In Progress
Allegheny,Etna,17  ,38  ,33  ,1,0,In Progress
Allegheny,Shaler,17  ,37  ,44  ,1,0,In Progress
Delaware,Chadds Ford Twp,5  ,9  ,159  ,1,0,In Progress
Delaware,Yeadon Boro,5  ,8  ,162  ,1,0,In Progress
Allegheny,Elizabeth Tp,12  ,37  ,39  ,1,0,In Progress
Delaware,Upper Providence Twp,5  ,9  ,168  ,1,0,In Progress
Delaware,Upper Providence Twp,5  ,9  ,161  ,1,0,In Progress
Allegheny,Edgeworth,12  ,42  ,21  ,1,0,In Progress
Allegheny,Edgewood,17  ,38  ,33  ,1,0,In Progress
Delaware,Upper Providence Twp,5  ,9  ,159  ,1,0,In Progress
Allegheny,Edgewood,12  ,43  ,23  ,1,0,In Progress
Delaware,Upper Darby Twp,5  ,9  ,159  ,1,0,In Progress
Delaware,Upper Darby Twp,5  ,8  ,191  ,1,0,In Progress
Allegheny,E Pittsburgh,17  ,43  ,34  ,1,0,In Progress
Delaware,Upper Darby Twp,5  ,8  ,162  ,1,0,In Progress
Allegheny,E Pittsburgh,12  ,43  ,23  ,1,0,In Progress
Delaware,Upper Darby Twp,5  ,26  ,166  ,1,0,In Progress
Allegheny,E Mckeesport,12  ,38  ,24  ,1,0,In Progress
Allegheny,Duquesne,17  ,43  ,34  ,1,0,In Progress
Allegheny,Shaler,17  ,38  ,30  ,1,0,In Progress
Allegheny,Dormont,17  ,45  ,42  ,1,0,In Progress
Allegheny,Dormont,17  ,43  ,34  ,1,0,In Progress
Allegheny,Dormont,17  ,42  ,27  ,1,0,In Progress
Allegheny,Dormont,12  ,42  ,27  ,1,0,In Progress
Delaware,Upper Darby Twp,5  ,17  ,168  ,1,0,In Progress
Allegheny,Dormont,12  ,42  ,19  ,1,0,In Progress
Delaware,Upper Chichester Twp,5  ,9  ,168  ,1,0,In Progress
Allegheny,Crafton,17  ,42  ,45  ,1,0,In Progress
Allegheny,Crafton,17  ,38  ,30  ,1,0,In Progress
Allegheny,Crafton,17  ,38  ,21  ,1,0,In Progress
Allegheny,Coraopolis,17  ,37  ,44  ,1,0,In Progress
Allegheny,Coraopolis,12  ,45  ,38  ,1,0,In Progress
Delaware,Upper Chichester Twp,5  ,9  ,160  ,1,0,In Progress
Allegheny,Shaler,17  ,42  ,20  ,1,0,In Progress
Delaware,Upland Boro,5  ,9  ,159  ,1,0,In Progress
Allegheny,Collier,17  ,37  ,44  ,1,0,In Progress
Pike,Porter Twp,8  ,20  ,139  ,1,0,In Progress
Delaware,Thornbury Twp,5  ,26  ,165  ,1,0,In Progress
Allegheny,Collier,12  ,45  ,39  ,1,0,In Progress
Allegheny,Collier,12  ,42  ,27  ,1,0,In Progress
Delaware,Chester City,5  ,26  ,163  ,1,0,In Progress
Delaware,Chester City,5  ,26  ,164  ,1,0,In Progress
Allegheny,Up St Clair,17  ,37  ,46  ,1,0,In Progress
Allegheny,Cheswick,17  ,38  ,28  ,1,0,In Progress
Delaware,Chester City,5  ,9  ,161  ,1,0,In Progress
Delaware,Swarthmore Boro,5  ,9  ,160  ,1,0,In Progress
Delaware,Chester Heights Boro,5  ,26  ,165  ,1,0,In Progress
Delaware,Chester Heights Boro,5  ,9  ,161  ,1,0,In Progress
Delaware,Chester Heights Boro,5  ,9  ,168  ,1,0,In Progress
Delaware,Chester Twp,5  ,26  ,164  ,1,0,In Progress
Delaware,Clifton Heights Boro,5  ,26  ,165  ,1,0,In Progress
Delaware,Collingdale Boro,5  ,17  ,166  ,1,0,In Progress
Delaware,Collingdale Boro,5  ,8  ,162  ,1,0,In Progress
Allegheny,Turtle Creek,12  ,37  ,45  ,1,0,In Progress
Delaware,Collingdale Boro,5  ,8  ,191  ,1,0,In Progress
Delaware,Concord Twp,5  ,17  ,168  ,1,0,In Progress
Delaware,Concord Twp,5  ,26  ,162  ,1,0,In Progress
Delaware,Concord Twp,5  ,9  ,159  ,1,0,In Progress
Allegheny,Churchill,12  ,43  ,34  ,1,0,In Progress
Delaware,Concord Twp,5  ,9  ,161  ,1,0,In Progress
Delaware,Darby Boro,5  ,26  ,164  ,1,0,In Progress
Delaware,Darby Twp,5  ,26  ,161  ,1,0,In Progress
Delaware,Darby Twp,5  ,26  ,163  ,1,0,In Progress
Allegheny,Tarentum,12  ,42  ,21  ,1,0,In Progress
Allegheny,Swissvale,17  ,38  ,21  ,1,0,In Progress
Allegheny,Swissvale,17  ,38  ,20  ,1,0,In Progress
Schuylkill,Orwigsburg Boro,9  ,29  ,123  ,1,0,In Progress
Delaware,Glenolden Boro,5  ,26  ,164  ,1,0,In Progress
Schuylkill,North Union Twp,9  ,29  ,124  ,1,0,In Progress
Delaware,Haverford Twp,5  ,26  ,164  ,1,0,In Progress
Allegheny,Shaler,17  ,43  ,34  ,1,0,In Progress
Delaware,Springfield Twp,5  ,9  ,159  ,1,0,In Progress
Allegheny,Sharpsburg,12  ,38  ,24  ,1,0,In Progress
Delaware,Sharon Hill Boro,5  ,9  ,159  ,1,0,In Progress
Delaware,Rose Valley Boro,5  ,26  ,165  ,1,0,In Progress
Delaware,Ridley Twp,5  ,8  ,191  ,1,0,In Progress
Delaware,Ridley Twp,5  ,8  ,163  ,1,0,In Progress
Delaware,Ridley Twp,5  ,26  ,168  ,1,0,In Progress
Allegheny,South Park,12  ,43  ,23  ,1,0,In Progress
Delaware,Ridley Park Boro,5  ,26  ,165  ,1,0,In Progress
Allegheny,South Park,17  ,37  ,46  ,1,0,In Progress
Delaware,Radnor Twp,5  ,26  ,165  ,1,0,In Progress
Delaware,Prospect Park Boro,5  ,9  ,168  ,1,0,In Progress
Allegheny,Springdal Br,12  ,43  ,34  ,1,0,In Progress
Schuylkill,North Manheim Twp,9  ,29  ,124  ,1,0,In Progress
Delaware,Newtown Twp,5  ,9  ,160  ,1,0,In Progress
Allegheny,Stowe,12  ,37  ,39  ,1,0,In Progress
Delaware,Newtown Twp,5  ,26  ,166  ,1,0,In Progress
Delaware,Newtown Twp,5  ,17  ,168  ,1,0,In Progress
Allegheny,Stowe,12  ,38  ,24  ,1,0,In Progress
Allegheny,Stowe,12  ,42  ,36  ,1,0,In Progress
Delaware,Morton Boro,5  ,26  ,162  ,1,0,In Progress
Allegheny,Stowe,17  ,37  ,45  ,1,0,In Progress
Allegheny,Stowe,17  ,38  ,30  ,1,0,In Progress
Delaware,Middletown Twp,5  ,26  ,165  ,1,0,In Progress
Delaware,Media Boro,5  ,9  ,160  ,1,0,In Progress
Delaware,Media Boro,5  ,9  ,159  ,1,0,In Progress
Allegheny,Stowe,17  ,43  ,34  ,1,0,In Progress
Delaware,Media Boro,5  ,26  ,163  ,1,0,In Progress
Delaware,Marple Twp,5  ,9  ,160  ,1,0,In Progress
Schuylkill,Minersville Boro,9  ,29  ,116  ,1,0,In Progress
Delaware,Marple Twp,5  ,8  ,191  ,1,0,In Progress
Allegheny,Swissvale,12  ,43  ,19  ,1,0,In Progress
Delaware,Marple Twp,5  ,26  ,164  ,1,0,In Progress
Allegheny,Swissvale,12  ,43  ,24  ,1,0,In Progress
Delaware,Lansdowne Boro,5  ,26  ,163  ,1,0,In Progress
Allegheny,Collier,12  ,42  ,21  ,1,0,In Progress
Blair,Logan Twp,13  ,30  ,79  ,0,874,
Luzerne,Wright Twp,8  ,27  ,119  ,0,756,
Blair,Allegheny Twp,13  ,30  ,79  ,0,552,
Luzerne,Swoyersville Boro,8  ,20  ,120  ,0,506,
Cambria,Westmont Boro,13  ,35  ,72  ,0,471,
Fayette,Dunbar Twp,14  ,32  ,52  ,0,436,
Lehigh,Catasauqua,7  ,14  ,133  ,0,432,
Luzerne,West Pittston Boro,8  ,22  ,118  ,0,419,
Huntingdon,Huntingdon Boro,13  ,30  ,81  ,0,411,
Fayette,Washington Twp,14  ,32  ,52  ,0,400,
Luzerne,Sugarloaf Twp,9  ,27  ,117  ,0,376,
Fayette,Georges Twp,14  ,32  ,51  ,0,363,
Luzerne,Lehman Twp,9  ,20  ,117  ,0,362,
Fayette,Redstone Twp,14  ,32  ,52  ,0,299,
Fayette,Luzerne Twp,14  ,32  ,52  ,0,289,
Fayette,Connellsville City,14  ,32  ,52  ,0,286,
Cambria,Portage Twp,13  ,35  ,71  ,0,285,
Cambria,Jackson Twp,13  ,35  ,72  ,0,275,
Luzerne,Luzerne Boro,8  ,20  ,120  ,0,271,
Cambria,Ebensburg Boro,13  ,35  ,72  ,0,262,
Venango,Sugarcreek Boro,16  ,21  ,64  ,0,257,
Luzerne,Newport Twp,8  ,20  ,119  ,0,238,
Luzerne,Exeter Twp,8  ,20  ,120  ,0,226,
Lehigh,Coopersburg,7  ,16  ,131  ,0,223,
Centre,Rush Twp.,15  ,35  ,77  ,0,222,
Perry,Penn Twp,13  ,34  ,86  ,0,208,
Armstrong,Kiskiminetas Twp,15  ,41  ,60  ,0,204,
Mckean,Bradford City,15  ,25  ,67  ,0,203,
Luzerne,Ross Twp,9  ,20  ,117  ,0,202,
Mercer,West Salem,16  ,50  ,7  ,0,200,
Greene,Jefferson Twp,14  ,46  ,50  ,0,192,
Venango,Cornplanter Twp,15  ,21  ,64  ,0,188,
Cambria,Stonycreek Twp,13  ,35  ,71  ,0,187,
Mckean,Foster Twp,15  ,25  ,67  ,0,186,
Luzerne,Dorrance Twp,9  ,27  ,117  ,0,184,
Luzerne,Foster Twp,8  ,29  ,117  ,0,179,
Cambria,Geistown Boro,13  ,35  ,71  ,0,176,
Fayette,Saltlick Twp,14  ,32  ,52  ,0,175,
Luzerne,Freeland Boro,8  ,29  ,117  ,0,171,
Cambria,N.Cambria Boro,13  ,35  ,73  ,0,165,
Luzerne,Plymouth Twp,8  ,20  ,119  ,0,165,
Mercer,S Pymatuning,16  ,50  ,7  ,0,164,
Fayette,Springhill Twp,14  ,32  ,51  ,0,163,
Luzerne,Black Creek Twp,9  ,27  ,117  ,0,159,
Venango,Sandycreek Twp,16  ,21  ,64  ,0,158,
Mercer,Coolspring,16  ,50  ,17  ,0,157,
Cambria,Southmont Boro,13  ,35  ,72  ,0,156,
Armstrong,Kittanning Boro,15  ,41  ,63  ,0,154,
Cambria,East Taylor Twp,13  ,35  ,72  ,0,153,
Perry,Centre Twp,13  ,34  ,86  ,0,153,
Lehigh,Salisbury,7  ,14  ,131  ,0,153,
Luzerne,Union Twp,9  ,20  ,117  ,0,150,
Fayette,Franklin Twp,14  ,32  ,52  ,0,149,
Cambria,Conemaugh Twp,13  ,35  ,72  ,0,142,
Cambria,Cresson Twp,13  ,35  ,71  ,0,137,
Luzerne,Hughestown Boro,8  ,22  ,118  ,0,137,
Cambria,Allegheny Twp,13  ,35  ,71  ,0,135,
Cambria,Nanty Glo Boro,13  ,35  ,72  ,0,134,
Luzerne,Hunlock Twp,9  ,20  ,117  ,0,130,
Luzerne,Lake Twp,9  ,20  ,117  ,0,129,
Armstrong,Gilpin Twp,15  ,41  ,60  ,0,129,
Somerset,Paint Twp,14  ,32  ,71  ,0,128,
Perry,Oliver Twp,13  ,34  ,86  ,0,128,
Cambria,Croyle Twp,13  ,35  ,72  ,0,127,
Mercer,Pymatuning,16  ,50  ,7  ,0,127,
Warren,Glade Twp,15  ,21  ,65  ,0,125,
Blair,Martinsburg Boro,13  ,30  ,80  ,0,124,
Mckean,Kane Boro,15  ,25  ,67  ,0,124,
Fayette,Perryopolis Boro,14  ,32  ,52  ,0,123,
Huntingdon,Walker Twp,13  ,30  ,81  ,0,123,
Armstrong,North Buffalo Twp,15  ,41  ,60  ,0,122,
Mercer,Delaware,16  ,50  ,17  ,0,122,
Cambria,Blacklick Twp,13  ,35  ,72  ,0,122,
Lawrence,Wayne Twp,16  ,47  ,8  ,0,120,
Armstrong,Kittanning Twp,15  ,41  ,63  ,0,118,
Armstrong,Ford City Boro,15  ,41  ,60  ,0,117,
Blair,Greenfield Twp,13  ,30  ,80  ,0,116,
Luzerne,Huntington Twp,9  ,27  ,117  ,0,116,
Cambria,Portage Boro,13  ,35  ,71  ,0,115,
Armstrong,South Buffalo Twp,15  ,41  ,60  ,0,115,
Blair,Roaring Spring,13  ,30  ,80  ,0,114,
Centre,Philipsburg Boro.,15  ,35  ,77  ,0,114,
Fayette,Fairchance Boro,14  ,32  ,51  ,0,113,
Cambria,Clearfield Twp,13  ,35  ,71  ,0,113,
Cambria,Barr Twp,13  ,35  ,73  ,0,112,
Luzerne,Butler Twp,9  ,27  ,117  ,0,110,
Mercer,Lackawannock,16  ,50  ,7  ,0,109,
Fayette,Henry Clay Twp,14  ,32  ,51  ,0,108,
Somerset,Jefferson Twp,14  ,32  ,69  ,0,106,
Mercer,Springfield,16  ,50  ,17  ,0,106,
Somerset,Conemaugh Twp,13  ,32  ,69  ,0,104,
Perry,Saville Twp,13  ,34  ,86  ,0,104,
Luzerne,Slocum Twp,9  ,27  ,117  ,0,103,
Lehigh,Hanover,7  ,18  ,133  ,0,103,
Somerset,Stonycreek Twp,14  ,32  ,69  ,0,102,
Huntingdon,Warriors Mark Twp,13  ,30  ,80  ,0,101,
Greene,Dunkard Twp,14  ,46  ,50  ,0,101,
Cambria,Susquehanna Twp,13  ,35  ,73  ,0,99,
Mercer,E Lackawannock,16  ,50  ,17  ,0,96,
Venango,Rockland Twp,15  ,21  ,64  ,0,95,
Huntingdon,Mount Union Boro,13  ,30  ,81  ,0,95,
Luzerne,Conyngham Twp,9  ,27  ,117  ,0,94,
Fayette,Connellsville Twp,14  ,32  ,52  ,0,93,
Mercer,Liberty,16  ,50  ,17  ,0,92,
Blair,Duncansville Boro,13  ,30  ,80  ,0,91,
Mckean,Wetmore Twp,15  ,25  ,67  ,0,90,
Fayette,Brownsville Boro,14  ,32  ,52  ,0,90,
Cambria,East Carroll Townshp,13  ,35  ,73  ,0,90,
Blair,Tyrone Twp,13  ,30  ,80  ,0,89,
Luzerne,Sugar Notch Boro,8  ,20  ,119  ,0,89,
Armstrong,West Franklin Twp,15  ,41  ,63  ,0,89,
Armstrong,Cowanshannock Twp,15  ,41  ,63  ,0,87,
Lawrence,Taylor Twp,16  ,50  ,9  ,0,87,
Warren,Brokenstraw Twp,15  ,21  ,65  ,0,86,
Armstrong,Leechburg Boro,15  ,41  ,60  ,0,86,
Cambria,Summerhill Twp,13  ,35  ,71  ,0,85,
Juniata,Walker,13  ,30  ,86  ,0,85,
Mckean,Keating Twp,15  ,25  ,67  ,0,85,
Somerset,Berlin Boro,14  ,32  ,69  ,0,84,
Mckean,Liberty Twp,15  ,25  ,67  ,0,83,
Cambria,Ferndale Boro,13  ,35  ,71  ,0,83,
Huntingdon,Shirley Twp,13  ,30  ,81  ,0,82,
Mckean,Port Allegany Boro,15  ,25  ,67  ,0,82,
Cambria,Patton Boro,13  ,35  ,73  ,0,82,
Perry,Tyrone Twp,13  ,34  ,86  ,0,81,
Armstrong,Plumcreek Twp,15  ,41  ,63  ,0,81,
Centre,Centre Hall Boro.,15  ,25  ,171  ,0,81,
Warren,Youngsville Boro,15  ,21  ,65  ,0,80,
Somerset,Summit Twp,14  ,32  ,69  ,0,80,
Luzerne,Fairmount Twp,9  ,20  ,117  ,0,80,
Fayette,S Connellsville Boro,14  ,32  ,52  ,0,79,
Centre,Liberty Twp.,15  ,25  ,82  ,0,79,
Armstrong,Sugarcreek Twp,15  ,41  ,63  ,0,78,
Fayette,Upper Tyrone Twp,14  ,32  ,52  ,0,78,
Fulton,Ayr Twp,13  ,30  ,78  ,0,75,
Fayette,Springfield Twp,14  ,32  ,52  ,0,74,
Armstrong,Freeport Boro,15  ,41  ,60  ,0,73,
Huntingdon,Smithfield Twp,13  ,30  ,81  ,0,72,
Luzerne,Dennison Twp,8  ,29  ,117  ,0,72,
Perry,Tuscarora Twp,13  ,34  ,86  ,0,72,
Lawrence,New Beaver Boro,16  ,47  ,8  ,0,72,
Perry,Greenwood Twp,13  ,34  ,86  ,0,71,
Somerset,Meyersdale Boro,14  ,32  ,69  ,0,71,
Luzerne,White Haven Boro,8  ,29  ,117  ,0,70,
Centre,Snow Shoe Twp.,15  ,25  ,82  ,0,70,
Greene,Perry Twp,14  ,46  ,50  ,0,70,
Warren,Sheffield Twp,15  ,21  ,65  ,0,70,
Cambria,Cresson Boro,13  ,35  ,71  ,0,69,
Somerset,Milford Twp,14  ,32  ,69  ,0,69,
Perry,Liverpool Twp,13  ,34  ,86  ,0,68,
Warren,Columbus Twp,15  ,21  ,65  ,0,68,
Mckean,Eldred Twp,15  ,25  ,67  ,0,67,
Somerset,Lincoln Twp,14  ,32  ,69  ,0,67,
Venango,Irwin Twp,16  ,21  ,64  ,0,66,
Somerset,Elk Lick Twp,14  ,32  ,69  ,0,66,
Huntingdon,Oneida Twp,13  ,30  ,81  ,0,66,
Luzerne,Pringle Boro,8  ,20  ,120  ,0,65,
Blair,Woodbury Twp,13  ,30  ,80  ,0,64,
Huntingdon,Penn Twp,13  ,30  ,81  ,0,64,
Mckean,Smethport Boro,15  ,25  ,67  ,0,63,
Mercer,Jackson,16  ,50  ,17  ,0,63,
Mckean,Lafayette Twp,15  ,25  ,67  ,0,60,
Fulton,Bethel Twp,13  ,30  ,78  ,0,60,
Luzerne,Yatesville Boro,8  ,22  ,118  ,0,60,
Mercer,Perry,16  ,50  ,17  ,0,59,
Venango,Cherrytree Twp,15  ,21  ,64  ,0,58,
Somerset,Indian Lake Boro,14  ,32  ,69  ,0,57,
Fulton,Todd Twp,13  ,30  ,78  ,0,57,
Somerset,Paint Boro,14  ,32  ,71  ,0,57,
Greene,Monongahela Twp,14  ,46  ,50  ,0,57,
Centre,Milesburg Boro.,15  ,25  ,82  ,0,57,
Greene,Washington Twp,14  ,46  ,50  ,0,56,
Cambria,Carrolltown Boro,13  ,35  ,73  ,0,56,
Cambria,Gallitzin Twp,13  ,35  ,71  ,0,56,
Perry,Buffalo Twp,13  ,34  ,86  ,0,56,
Fayette,Belle Vernon Boro,14  ,32  ,52  ,0,55,
Potter,Galeton Boro,15  ,25  ,67  ,0,55,
Cambria,Gallitzin Boro,13  ,35  ,71  ,0,55,
Perry,Watts Twp,13  ,34  ,86  ,0,55,
Luzerne,Courtdale Boro,8  ,20  ,120  ,0,54,
Cambria,Reade Twp,13  ,35  ,71  ,0,54,
Cambria,Elder Twp,13  ,35  ,73  ,0,53,
Luzerne,Nescopeck Boro,9  ,27  ,117  ,0,53,
Perry,Newport Boro,13  ,34  ,86  ,0,53,
Cambria,West Taylor Twp,13  ,35  ,72  ,0,53,
Centre,Miles Twp.,15  ,25  ,171  ,0,52,
Fayette,Point Marion Boro,14  ,32  ,51  ,0,51,
Cambria,Hastings Boro,13  ,35  ,73  ,0,50,
Venango,Pinegrove Twp,15  ,21  ,64  ,0,50,
Fayette,Lower Tyrone Twp,14  ,32  ,52  ,0,49,
Mercer,Sandy Lake Twp,16  ,50  ,17  ,0,49,
Somerset,Boswell Boro,14  ,32  ,69  ,0,49,
Greene,Center Twp,14  ,46  ,50  ,0,49,
Fulton,Taylor Twp,13  ,30  ,78  ,0,48,
Cambria,Middle Taylor Townsp,13  ,35  ,72  ,0,48,
Cambria,Lorain Boro,13  ,35  ,72  ,0,48,
Cambria,Dale Boro,13  ,35  ,72  ,0,48,
Huntingdon,Henderson Twp,13  ,30  ,81  ,0,47,
Venango,Canal Twp,16  ,21  ,64  ,0,47,
Somerset,Addison Twp,14  ,32  ,69  ,0,47,
Armstrong,West Kittanning Boro,15  ,41  ,60  ,0,47,
Perry,Duncannon Boro,13  ,34  ,86  ,0,46,
Forest,Jenks Twp,15  ,21  ,65  ,0,46,
Centre,Taylor Twp.,15  ,35  ,77  ,0,46,
Mercer,Greene,16  ,50  ,7  ,0,46,
Perry,Bloomfield Boro,13  ,34  ,86  ,0,46,
Huntingdon,Union Twp,13  ,30  ,81  ,0,45,
Somerset,Central City Boro,14  ,32  ,69  ,0,45,
Cambria,Brownstown Boro,13  ,35  ,72  ,0,45,
Mercer,Wolf Creek,16  ,50  ,17  ,0,45,
Cambria,White Twp,13  ,35  ,71  ,0,45,
Mercer,Sugar Grove,16  ,50  ,17  ,0,45,
Potter,Eulalia Twp,15  ,25  ,67  ,0,45,
Luzerne,Shickshinny Boro,9  ,27  ,117  ,0,45,
Cambria,East Conemaugh Boro,13  ,35  ,72  ,0,44,
Venango,Jackson Twp,16  ,21  ,64  ,0,44,
Potter,Sweden Twp,15  ,25  ,67  ,0,44,
Fulton,Licking Creek Twp,13  ,30  ,78  ,0,44,
Centre,Snow Shoe Boro.,15  ,25  ,82  ,0,43,
Cambria,Washington Twp,13  ,35  ,71  ,0,42,
Armstrong,North Apollo Boro,15  ,41  ,60  ,0,42,
Luzerne,Nuangola Boro,8  ,27  ,117  ,0,42,
Huntingdon,Cass Twp,13  ,30  ,81  ,0,42,
Somerset,Upper Turkeyfoot Twp,14  ,32  ,69  ,0,41,
Huntingdon,Todd Twp,13  ,30  ,81  ,0,41,
Armstrong,Apollo Boro,15  ,41  ,60  ,0,41,
Fayette,Brownsville Twp,14  ,32  ,52  ,0,41,
Mercer,Stoneboro,16  ,50  ,17  ,0,40,
Potter,Ulysses Twp,15  ,25  ,67  ,0,40,
Armstrong,Rayburn Twp,15  ,41  ,63  ,0,40,
Venango,Oilcreek Twp,15  ,21  ,64  ,0,40,
Greene,Rices Landing Boro,14  ,46  ,50  ,0,39,
Fayette,Dunbar Boro,14  ,32  ,52  ,0,39,
Greene,Whiteley Twp,14  ,46  ,50  ,0,38,
Mckean,Otto Twp,15  ,25  ,67  ,0,38,
Huntingdon,Morris Twp,13  ,30  ,81  ,0,38,
Forest,Green Twp,15  ,21  ,65  ,0,38,
Fayette,Stewart Twp,14  ,32  ,52  ,0,37,
Cambria,West Carroll Townshp,13  ,35  ,73  ,0,37,
Huntingdon,Logan Twp,13  ,30  ,81  ,0,37,
Armstrong,Wayne Twp,15  ,41  ,63  ,0,37,
Forest,Tionesta Boro,15  ,21  ,65  ,0,36,
Potter,Roulette Twp,15  ,25  ,67  ,0,36,
Mercer,West Middlesex,16  ,50  ,7  ,0,36,
Perry,Madison Twp,13  ,34  ,86  ,0,36,
Somerset,Jennerstown Boro,14  ,32  ,69  ,0,36,
Fulton,Mcconnellsburg Boro,13  ,30  ,78  ,0,36,
Cambria,Lilly Boro,13  ,35  ,71  ,0,36,
Venango,Emlenton Boro,15  ,21  ,64  ,0,35,
Forest,Tionesta Twp,15  ,21  ,65  ,0,35,
Luzerne,Buck Twp,8  ,29  ,121  ,0,35,
Fulton,Belfast Twp,13  ,30  ,78  ,0,35,
Huntingdon,Dublin Twp,13  ,30  ,81  ,0,35,
Blair,Williamsburg Boro,13  ,30  ,80  ,0,34,
Perry,Liverpool Boro,13  ,34  ,86  ,0,34,
Potter,Hebron Twp,15  ,25  ,67  ,0,34,
Luzerne,Penn Lake Park Boro,8  ,29  ,117  ,0,34,
Fulton,Dublin Twp,13  ,30  ,78  ,0,33,
Luzerne,Nescopeck Twp,9  ,27  ,117  ,0,33,
Warren,Freehold Twp,15  ,21  ,65  ,0,33,
Venango,Richland Twp,15  ,21  ,64  ,0,33,
Potter,Shinglehouse Boro,15  ,25  ,67  ,0,32,
Greene,Morris Twp,14  ,46  ,50  ,0,32,
Somerset,Allegheny Twp,14  ,32  ,69  ,0,32,
Huntingdon,Miller Twp,13  ,30  ,81  ,0,32,
Fulton,Brush Creek Twp,13  ,30  ,78  ,0,31,
Mercer,Worth,16  ,50  ,17  ,0,31,
Armstrong,Madison Twp,15  ,41  ,63  ,0,31,
Potter,Genesee Twp,15  ,25  ,67  ,0,31,
Potter,Sharon Twp,15  ,25  ,67  ,0,31,
Lawrence,Wampum Boro,16  ,47  ,8  ,0,31,
Huntingdon,Tell Twp,13  ,30  ,81  ,0,31,
Warren,Elk Twp,15  ,21  ,65  ,0,30,
Potter,Harrison Twp,15  ,25  ,67  ,0,30,
Luzerne,Bear Creek Vlg Boro,8  ,29  ,121  ,0,30,
Greene,Richhill Twp,14  ,46  ,50  ,0,30,
Venango,Clinton Twp,15  ,21  ,64  ,0,30,
Fayette,Smithfield Boro,14  ,32  ,51  ,0,30,
Centre,Howard Boro.,15  ,25  ,82  ,0,29,
Forest,Hickory Twp,15  ,21  ,65  ,0,29,
Huntingdon,Springfield Twp,13  ,30  ,81  ,0,29,
Armstrong,Washington Twp,15  ,41  ,63  ,0,29,
Cambria,Munster Twp,13  ,35  ,71  ,0,29,
Forest,Harmony Twp,15  ,21  ,65  ,0,29,
Armstrong,Rural Valley Boro,15  ,41  ,63  ,0,28,
Somerset,Rockwood Boro,14  ,32  ,69  ,0,28,
Cambria,Scalp Level Boro,13  ,35  ,71  ,0,28,
Huntingdon,Jackson Twp,13  ,30  ,81  ,0,28,
Luzerne,Warrior Run Boro,8  ,20  ,119  ,0,27,
Blair,Huston Twp,13  ,30  ,80  ,0,27,
Huntingdon,Barree Twp,13  ,30  ,81  ,0,27,
Huntingdon,Brady Twp,13  ,30  ,81  ,0,27,
Mercer,French Creek,16  ,50  ,17  ,0,26,
Somerset,Confluence Boro,14  ,32  ,69  ,0,26,
Armstrong,South Bend Twp,15  ,41  ,60  ,0,26,
Huntingdon,Juniata Twp,13  ,30  ,81  ,0,26,
Cambria,Summerhill Boro,13  ,35  ,72  ,0,26,
Mercer,Jamestown,16  ,50  ,7  ,0,26,
Potter,Homer Twp,15  ,25  ,67  ,0,25,
Cambria,Chest Twp,13  ,35  ,71  ,0,25,
Potter,West Branch Twp,15  ,25  ,67  ,0,25,
Greene,Wayne Twp,14  ,46  ,50  ,0,25,
Armstrong,Ford Cliff Boro,15  ,41  ,60  ,0,24,
Mckean,Hamlin Twp,15  ,25  ,67  ,0,24,
Mercer,Wheatland,16  ,50  ,7  ,0,24,
Venango,Allegheny Twp,15  ,21  ,64  ,0,24,
Greene,Springhill Twp,14  ,46  ,50  ,0,24,
Armstrong,Worthington Boro,15  ,41  ,63  ,0,24,
Huntingdon,Franklin Twp,13  ,30  ,80  ,0,23,
Mckean,Annin Twp,15  ,25  ,67  ,0,23,
Fayette,Markleysburg Boro,14  ,32  ,51  ,0,23,
Somerset,Greenville Twp,14  ,32  ,69  ,0,23,
Mckean,Mt. Jewett Boro,15  ,25  ,67  ,0,23,
Cambria,Vintondale Boro,13  ,35  ,72  ,0,23,
Warren,Eldred Twp,15  ,21  ,65  ,0,23,
Mckean,Hamilton Twp,15  ,25  ,67  ,0,22,
Warren,Deerfield Twp,15  ,21  ,65  ,0,22,
Cambria,South Fork Boro,13  ,35  ,71  ,0,22,
Mckean,Ceres Twp,15  ,25  ,67  ,0,22,
Mercer,Mill Creek,16  ,50  ,17  ,0,22,
Mercer,Lake,16  ,50  ,17  ,0,22,
Huntingdon,Hopewell Twp,13  ,30  ,81  ,0,22,
Potter,Ulysses Boro,15  ,25  ,67  ,0,21,
Centre,Curtin Twp.,15  ,25  ,82  ,0,21,
Forest,Kingsley Twp,15  ,21  ,65  ,0,21,
Warren,Sugar Grove Boro,15  ,21  ,65  ,0,21,
Warren,Spring Creek Twp,15  ,21  ,65  ,0,21,
Cambria,Sankertown Boro,13  ,35  ,71  ,0,20,
Armstrong,Valley Twp,15  ,41  ,63  ,0,20,
Mercer,Otter Creek,16  ,50  ,17  ,0,20,
Somerset,Black Twp,14  ,32  ,69  ,0,20,
Cambria,Franklin Boro,13  ,35  ,72  ,0,20,
Venango,Clintonville Boro,15  ,21  ,64  ,0,20,
Armstrong,Bradys Bend Twp,15  ,41  ,63  ,0,20,
Venango,Pleasantville Boro,15  ,21  ,64  ,0,20,
Mercer,Sandy Lake Boro,16  ,50  ,17  ,0,20,
Greene,Greene Twp,14  ,46  ,50  ,0,19,
Venango,Mineral Twp,16  ,21  ,64  ,0,19,
Fayette,Everson Boro,14  ,32  ,52  ,0,19,
Venango,Polk Boro,16  ,21  ,64  ,0,18,
Potter,Allegany Twp,15  ,25  ,67  ,0,18,
Armstrong,Boggs Twp,15  ,41  ,63  ,0,18,
Potter,Keating Twp,15  ,25  ,67  ,0,18,
Fulton,Union Twp,13  ,30  ,78  ,0,18,
Huntingdon,Marklesburg Boro,13  ,30  ,81  ,0,17,
Huntingdon,Clay Twp,13  ,30  ,81  ,0,17,
Mckean,Lewis Run Boro,15  ,25  ,67  ,0,17,
Perry,Howe Twp,13  ,34  ,86  ,0,17,
Greene,Jackson Twp,14  ,46  ,50  ,0,17,
Forest,Barnett Twp,15  ,21  ,65  ,0,17,
Blair,Catharine Twp,13  ,30  ,80  ,0,17,
Armstrong,Redbank Twp,15  ,41  ,63  ,0,17,
Huntingdon,West Twp,13  ,30  ,81  ,0,17,
Huntingdon,Spruce Creek Twp,13  ,30  ,81  ,0,16,
Potter,Pike Twp,15  ,25  ,67  ,0,16,
Mckean,Corydon Twp,15  ,25  ,67  ,0,16,
Venango,Victory Twp,16  ,21  ,64  ,0,16,
Venango,Cooperstown Boro,16  ,21  ,64  ,0,16,
Potter,Austin Boro,15  ,25  ,67  ,0,15,
Armstrong,Parker City,15  ,41  ,63  ,0,15,
Huntingdon,Broad Top City Boro,13  ,30  ,81  ,0,15,
Mercer,Fairview,16  ,50  ,17  ,0,15,
Mercer,Deer Creek,16  ,50  ,17  ,0,15,
Warren,Watson Twp,15  ,21  ,65  ,0,15,
Greene,Gilmore Twp,14  ,46  ,50  ,0,15,
Greene,Aleppo Twp,14  ,46  ,50  ,0,15,
Perry,Jackson Twp,13  ,34  ,86  ,0,15,
Fayette,Vanderbilt Boro,14  ,32  ,52  ,0,15,
Warren,Clarendon Boro,15  ,21  ,65  ,0,15,
Greene,Carmichaels Boro,14  ,46  ,50  ,0,15,
Huntingdon,Alexandria Boro,13  ,30  ,81  ,0,14,
Huntingdon,Three Springs Boro,13  ,30  ,81  ,0,14,
Armstrong,Burrell Twp,15  ,41  ,60  ,0,14,
Mercer,Sandy Creek Twp,16  ,50  ,17  ,0,14,
Fulton,Wells Twp,13  ,30  ,78  ,0,14,
Greene,Jefferson Boro,14  ,46  ,50  ,0,14,
Somerset,Southampton Twp,14  ,32  ,69  ,0,13,
Centre,State College Boro.,15  ,35  ,77  ,0,13,
Fayette,Newell Boro,14  ,32  ,52  ,0,13,
Potter,Abbott Twp,15  ,25  ,67  ,0,13,
Somerset,Ogle Twp,14  ,32  ,71  ,0,13,
Mercer,Fredonia,16  ,50  ,17  ,0,13,
Armstrong,Manorville Boro,15  ,41  ,60  ,0,13,
Mckean,Eldred Boro,15  ,25  ,67  ,0,13,
Potter,Summit Twp,15  ,25  ,67  ,0,13,
Somerset,Stoystown Boro,14  ,32  ,69  ,0,13,
Cambria,Loretto Boro,13  ,35  ,71  ,0,13,
Warren,Triumph Twp,15  ,21  ,65  ,0,13,
Warren,Limestone Twp,15  ,21  ,65  ,0,12,
Centre,Burnside Twp.,15  ,25  ,82  ,0,12,
Huntingdon,Mill Creek Boro,13  ,30  ,81  ,0,12,
Somerset,Larimer Twp,14  ,32  ,69  ,0,12,
Huntingdon,Carbon Twp,13  ,30  ,81  ,0,12,
Cambria,Daisytown Boro,13  ,35  ,72  ,0,12,
Somerset,Northampton Twp,14  ,32  ,69  ,0,12,
Armstrong,South Bethlehem Boro,15  ,41  ,63  ,0,12,
Mercer,New Lebanon,16  ,50  ,17  ,0,11,
Huntingdon,Wood Twp,13  ,30  ,81  ,0,11,
Armstrong,Perry Twp,15  ,41  ,63  ,0,11,
Mercer,New Vernon,16  ,50  ,17  ,0,11,
Mckean,Sergeant Twp,15  ,25  ,67  ,0,11,
Perry,Toboyne Twp,13  ,34  ,86  ,0,10,
Venango,Rouseville Boro,15  ,21  ,64  ,0,10,
Potter,Clara Twp,15  ,25  ,67  ,0,10,
Potter,Bingham Twp,15  ,25  ,67  ,0,10,
Potter,Portage Twp,15  ,25  ,67  ,0,10,
Armstrong,Elderton Boro,15  ,41  ,63  ,0,10,
Somerset,Addison Boro,14  ,32  ,69  ,0,10,
Somerset,Benson Boro,14  ,32  ,69  ,0,10,
Cambria,Tunnelhill Boro,13  ,35  ,71  ,0,10,
Somerset,Ursina Boro,14  ,32  ,69  ,0,9,
Venango,Barkeyville Boro,16  ,21  ,64  ,0,9,
Huntingdon,Saltillo Boro,13  ,30  ,81  ,0,9,
Somerset,New Baltimore Boro,14  ,32  ,69  ,0,9,
Lawrence,Enon Valley Boro,16  ,47  ,8  ,0,9,
Potter,Hector Twp,15  ,25  ,67  ,0,9,
Huntingdon,Rockhill Boro,13  ,30  ,81  ,0,8,
Huntingdon,Lincoln Twp,13  ,30  ,81  ,0,8,
Fayette,Dawson Boro,14  ,32  ,52  ,0,8,
Lawrence,Volant Boro,16  ,50  ,8  ,0,8,
Blair,Newry Boro,13  ,30  ,80  ,0,8,
Potter,Wharton Twp,15  ,25  ,67  ,0,8,
Greene,Greensboro Boro,14  ,46  ,50  ,0,8,
Centre,Ferguson Twp.,15  ,25  ,82  ,0,7,
Mckean,Norwich Twp,15  ,25  ,67  ,0,7,
Potter,Oswayo Boro,15  ,25  ,67  ,0,7,
Huntingdon,Cassville Boro,13  ,30  ,81  ,0,7,
Armstrong,Dayton Boro,15  ,41  ,63  ,0,7,
Luzerne,Wilkes-Barre City,8  ,20  ,120  ,0,7,
Warren,Cherry Grove Twp,15  ,21  ,65  ,0,7,
Potter,Sylvania Twp,15  ,25  ,67  ,0,7,
Centre,Unionville Boro.,15  ,25  ,82  ,0,7,
Huntingdon,Mapleton Boro,13  ,30  ,81  ,0,6,
Cambria,Cassandra Boro,13  ,35  ,71  ,0,6,
Luzerne,New Columbus Boro,9  ,27  ,117  ,0,6,
Cambria,Ashville Boro,13  ,35  ,71  ,0,6,
Venango,Utica Boro,16  ,21  ,64  ,0,6,
Somerset,Fairhope Twp,14  ,32  ,69  ,0,6,
Mercer,Jackson Center,16  ,50  ,17  ,0,5,
Armstrong,Pine Twp,15  ,41  ,63  ,0,5,
Greene,Freeport Twp,14  ,46  ,50  ,0,5,
Potter,Stewardson Twp,15  ,25  ,67  ,0,5,
Lehigh,Allentown,7  ,16  ,187  ,0,5,
Cambria,Wilmore Boro,13  ,35  ,71  ,0,5,
Somerset,Wellersburg Boro,14  ,32  ,69  ,0,5,
Huntingdon,Orbisonia Boro,13  ,30  ,81  ,0,5,
Lehigh,Lower Macungie,7  ,14  ,132  ,0,5,
Lawrence,Snpj Boro,16  ,50  ,9  ,0,5,
Venango,Victory Twp,15  ,21  ,64  ,0,5,
Somerset,Garrett Boro,14  ,32  ,69  ,0,5,
Centre,College Twp.,15  ,35  ,77  ,0,5,
Huntingdon,Coalmont Boro,13  ,30  ,81  ,0,5,
Warren,Southwest Twp,15  ,21  ,65  ,0,4,
Huntingdon,Petersburg Boro,13  ,30  ,81  ,0,4,
Luzerne,Wilkes-Barre City,8  ,20  ,119  ,0,4,
Greene,Gray Twp,14  ,46  ,50  ,0,4,
Armstrong,Atwood Boro,15  ,41  ,63  ,0,4,
Perry,Blain Boro,13  ,34  ,86  ,0,4,
Somerset,New Centerville Boro,14  ,32  ,69  ,0,4,
Mercer,Sheakleyville,16  ,50  ,17  ,0,4,
Lawrence,Slippery Rock Twp,16  ,50  ,9  ,0,3,
Luzerne,Hanover Twp,8  ,22  ,121  ,0,3,
Cambria,Ehrenfeld Boro,13  ,35  ,72  ,0,3,
Lehigh,Allentown,7  ,16  ,131  ,0,3,
Lehigh,Allentown,7  ,14  ,133  ,0,3,
Lehigh,South Whitehall,7  ,16  ,187  ,0,3,
Lehigh,Upper Milford,7  ,14  ,132  ,0,3,
Cambria,Johnstown City,13  ,35  ,71  ,0,3,
Perry,Landisburg Boro,13  ,34  ,86  ,0,3,
Luzerne,Hazleton City,9  ,27  ,117  ,0,3,
Cambria,Chest Springs Boro,13  ,35  ,71  ,0,3,
Centre,Snow Shoe Twp.,15  ,25  ,171  ,0,3,
Allegheny,Brentwood,12  ,37  ,39  ,0,3,
Greene,Clarksville Boro,14  ,46  ,50  ,0,3,
Forest,Howe Twp,15  ,21  ,65  ,0,3,
Blair,Altoona,13  ,30  ,80  ,0,3,
Cambria,Richland Twp,13  ,35  ,72  ,0,3,
Fayette,Redstone Twp,14  ,32  ,51  ,0,2,
Fayette,Uniontown City,14  ,32  ,52  ,0,2,
Fayette,Bullskin Twp,14  ,32  ,51  ,0,2,
Luzerne,Plymouth Boro,8  ,20  ,120  ,0,2,
Blair,Frankstown Twp,13  ,30  ,79  ,0,2,
Blair,Hollidaysburg Boro,13  ,30  ,79  ,0,2,
Luzerne,Hanover Twp,9  ,27  ,117  ,0,2,
Franklin,Peters Twp,13  ,33  ,89  ,0,2,
Centre,(Empty),15  ,25  ,82  ,0,2,
Luzerne,Kingston Boro,8  ,22  ,121  ,0,2,
Armstrong,Cadogan Twp,15  ,41  ,60  ,0,2,
Somerset,Shanksville Boro,14  ,32  ,69  ,0,2,
Luzerne,Sugarloaf Twp,8  ,27  ,117  ,0,2,
Mercer,Sugar Grove,16  ,50  ,7  ,0,2,
Centre,College Twp.,15  ,25  ,171  ,0,2,
Centre,Ferguson Twp.,15  ,25  ,171  ,0,2,
Venango,Cornplanter Twp,16  ,21  ,64  ,0,2,
Centre,Patton Twp.,15  ,25  ,171  ,0,2,
Luzerne,Butler Twp,8  ,20  ,119  ,0,2,
Luzerne,Plains Twp,8  ,22  ,118  ,0,2,
Luzerne,Hazle Twp,8  ,27  ,117  ,0,2,
Mercer,Delaware,16  ,50  ,7  ,0,2,
Luzerne,Ashley Boro,8  ,20  ,117  ,0,2,
Luzerne,Wright Twp,8  ,20  ,119  ,0,2,
Huntingdon,Shade Gap Boro,13  ,30  ,81  ,0,2,
Luzerne,Wyoming Boro,8  ,22  ,118  ,0,2,
Perry,New Buffalo Boro,13  ,34  ,86  ,0,2,
Lehigh,Upper Macungie,7  ,14  ,132  ,0,2,
Luzerne,Dallas Twp,8  ,20  ,119  ,0,2,
Lawrence,Ellwood City,16  ,50  ,9  ,0,2,
Luzerne,Edwardsville Boro,8  ,22  ,118  ,0,2,
Lehigh,Allentown,7  ,16  ,183  ,0,2,
Lehigh,South Whitehall,7  ,14  ,133  ,0,2,
Lehigh,Allentown,7  ,18  ,133  ,0,2,
Lehigh,Bethlehem,7  ,14  ,132  ,0,2,
Lehigh,Bethlehem,7  ,14  ,133  ,0,2,
Allegheny,Oakmont,17  ,38  ,33  ,0,2,
Lehigh,Salisbury,7  ,16  ,187  ,0,2,
York,Conewago Twp,10  ,28  ,196  ,0,2,
Lehigh,Lower Macungie,7  ,16  ,131  ,0,2,
Huntingdon,Dudley Boro,13  ,30  ,81  ,0,2,
Bucks,New Britain Twp,1  ,16  ,143  ,0,1,
Allegheny,Carnegie,12  ,43  ,19  ,0,1,
Lehigh,Emmaus,7  ,14  ,22  ,0,1,
Lehigh,Emmaus,7  ,14  ,133  ,0,1,
Lehigh,Lower Macungie,7  ,16  ,132  ,0,1,
Lehigh,Lowhill,7  ,14  ,134  ,0,1,
Lehigh,North Whitehall,7  ,16  ,132  ,0,1,
Allegheny,Millvale,12  ,45  ,35  ,0,1,
Allegheny,Monroeville,17  ,37  ,44  ,0,1,
Lehigh,Salisbury,7  ,14  ,133  ,0,1,
Lehigh,Salisbury,7  ,16  ,131  ,0,1,
Lehigh,Salisbury,7  ,16  ,132  ,0,1,
Lehigh,Catasauqua,7  ,16  ,183  ,0,1,
Cambria,Cambria Twp,13  ,35  ,71  ,0,1,
Lehigh,South Whitehall,7  ,16  ,183  ,0,1,
Lehigh,(Empty),7  ,16  ,132  ,0,1,
Lycoming,South Williamsport,9  ,23  ,83  ,0,1,
Lehigh,Upper Macungie,7  ,14  ,134  ,0,1,
Lehigh,Upper Macungie,7  ,16  ,131  ,0,1,
Allegheny,Pittsburgh,12  ,37  ,45  ,0,1,
Lehigh,Upper Milford,7  ,16  ,187  ,0,1,
Lehigh,Upper Saucon,7  ,14  ,132  ,0,1,
Lehigh,Upper Saucon,7  ,16  ,132  ,0,1,
Lehigh,Upper Saucon,7  ,16  ,187  ,0,1,
Lehigh,Whitehall,7  ,14  ,132  ,0,1,
Lehigh,Whitehall,7  ,14  ,134  ,0,1,
Lehigh,Whitehall,7  ,14  ,22  ,0,1,
Lehigh,Whitehall,7  ,18  ,133  ,0,1,
Allegheny,Pittsburgh,12  ,45  ,32  ,0,1,
Lawrence,Wayne Twp,16  ,50  ,9  ,0,1,
Luzerne,Wright Twp,8  ,22  ,121  ,0,1,
Centre,Walker Twp.,15  ,35  ,77  ,0,1,
Huntingdon,Shirleysburg Boro,13  ,30  ,81  ,0,1,
Luzerne,Wilkes-Barre City,8  ,29  ,116  ,0,1,
Luzerne,Ashley Boro,8  ,22  ,118  ,0,1,
Bucks,Doylestown Boro,1  ,10  ,143  ,0,1,
Warren,Bear Lake Boro,15  ,21  ,65  ,0,1,
Centre,Spring Twp.,15  ,25  ,77  ,0,1,
Warren,(Empty),15  ,21  ,65  ,0,1,
Luzerne,Ashley Boro,8  ,22  ,121  ,0,1,
Venango,Franklin,15  ,21  ,64  ,0,1,
Luzerne,West Pittston Boro,8  ,20  ,120  ,0,1,
Luzerne,Bear Creek Twp,8  ,22  ,121  ,0,1,
Luzerne,West Hazleton Boro,8  ,22  ,121  ,0,1,
Luzerne,West Hazleton Boro,8  ,20  ,120  ,0,1,
Luzerne,West Hazleton Boro,8  ,20  ,119  ,0,1,
Venango,Cranberry Twp,16  ,21  ,64  ,0,1,
Centre,Harris Twp.,15  ,25  ,171  ,0,1,
York,Lower Windsor Twp,10  ,31  ,95  ,0,1,
Luzerne,Swoyersville Boro,8  ,22  ,121  ,0,1,
Union,White Deer Twsp,15  ,23  ,76  ,0,1,
Centre,Boggs Twp.,15  ,25  ,171  ,0,1,
Centre,Benner Twp.,15  ,35  ,77  ,0,1,
Armstrong,Manor Twp,15  ,41  ,63  ,0,1,
Armstrong,Hovey Twp,15  ,41  ,63  ,0,1,
Allegheny,Mckees Rocks,12  ,45  ,35  ,0,1,
Centre,Benner Twp.,15  ,25  ,171  ,0,1,
Fulton,Valley-Hi Boro,13  ,30  ,78  ,0,1,
Mercer,Hermitage,16  ,50  ,17  ,0,1,
Cambria,Westmont Boro,13  ,35  ,71  ,0,1,
Allegheny,Mccandless,12  ,45  ,32  ,0,1,
Northampton,Moore Twsp,7  ,18  ,138  ,0,1,
Lawrence,Scott Twp,16  ,50  ,9  ,0,1,
Allegheny,Marshall,12  ,38  ,21  ,0,1,
Cambria,Upper Yoder Twp,13  ,35  ,71  ,0,1,
Montgomery,Perkiomen Twp,1  ,12  ,147  ,0,1,
Allegheny,Indiana,17  ,42  ,21  ,0,1,
Fayette,Washington Twp,14  ,32  ,51  ,0,1,
Cambria,Stonycreek Twp,13  ,35  ,72  ,0,1,
Allegheny,Ross,12  ,43  ,23  ,0,1,
Lawrence,New Castle,16  ,47  ,8  ,0,1,
Luzerne,Salem Twp,9  ,20  ,117  ,0,1,
Fayette,Ohiopyle Boro,14  ,32  ,52  ,0,1,
Luzerne,Ross Twp,8  ,20  ,120  ,0,1,
Susquehanna,(Empty),9  ,20  ,111  ,0,1,
Allegheny,Whitehall,17  ,38  ,30  ,0,1,
Luzerne,Plymouth Twp,8  ,22  ,121  ,0,1,
Allegheny,Mt Lebanon,12  ,43  ,19  ,0,1,
Luzerne,Plymouth Boro,8  ,22  ,121  ,0,1,
Allegheny,Robinson,12  ,42  ,27  ,0,1,
Allegheny,Richland,17  ,37  ,44  ,0,1,
Allegheny,Munhall,12  ,45  ,25  ,0,1,
Luzerne,Plains Twp,8  ,20  ,120  ,0,1,
Luzerne,Butler Twp,8  ,22  ,121  ,0,1,
Allegheny,Plum,17  ,38  ,30  ,0,1,
Luzerne,Pittston City,8  ,20  ,120  ,0,1,
Montgomery,Conshohocken Boro,5  ,17  ,54  ,0,1,
Dauphin,Derry Twp,10  ,15  ,125  ,0,1,
Dauphin,Hummelstown,10  ,15  ,105   ,0,1,
Luzerne,Newport Twp,8  ,27  ,117  ,0,1,
Luzerne,Newport Twp,8  ,20  ,120  ,0,1,
Allegheny,West Mifflin,12  ,45  ,25  ,0,1,
Allegheny,West Mifflin,12  ,43  ,19  ,0,1,
Allegheny,Pleasant Hl,12  ,37  ,45  ,0,1,
Allegheny,Pittsburgh,17  ,45  ,42  ,0,1,
Luzerne,Nanticoke City,9  ,20  ,117  ,0,1,
Luzerne,Nanticoke City,8  ,20  ,120  ,0,1,
Allegheny,Homestead,12  ,45  ,38  ,0,1,
York,West Manchester Twp,10  ,31  ,92  ,0,1,
Allegheny,Hampton,12  ,43  ,24  ,0,1,
Luzerne,Luzerne Boro,8  ,20  ,119  ,0,1,
Allegheny,Franklin Pk,17  ,37  ,28  ,0,1,
Luzerne,Lehman Twp,8  ,20  ,119  ,0,1,
Luzerne,Dallas Boro,8  ,20  ,119  ,0,1,
Luzerne,Dallas Boro,8  ,20  ,120  ,0,1,
Delaware,Aston Twp,5  ,26  ,163  ,0,1,
Cambria,Ferndale Boro,13  ,35  ,72  ,0,1,
Luzerne,Dallas Twp,8  ,22  ,121  ,0,1,
Luzerne,Kingston Twp,8  ,20  ,119  ,0,1,
Allegheny,Ohara,12  ,45  ,32  ,0,1,
Luzerne,Kingston Boro,8  ,22  ,118  ,0,1,
Allegheny,Shaler,12  ,43  ,24  ,0,1,
Allegheny,Etna,12  ,42  ,21  ,0,1,
Luzerne,Jenkins Twp,8  ,20  ,119  ,0,1,
Luzerne,Jeddo Boro,8  ,29  ,117  ,0,1,
Luzerne,Duryea Boro,8  ,22  ,120  ,0,1,
Allegheny,Up St Clair,12  ,43  ,24  ,0,1,
Potter,Oswayo Twp,15  ,25  ,67  ,0,1,
Potter,Pleasant Valley Twp,15  ,25  ,67  ,0,1,
Allegheny,Ohio,12  ,42  ,27  ,0,1,
Luzerne,Foster Twp,8  ,27  ,117  ,0,1,
Luzerne,Hazleton City,8  ,29  ,117  ,0,1,
Luzerne,Edwardsville Boro,8  ,22  ,121  ,0,1,
Luzerne,Hazle Twp,9  ,27  ,117  ,0,1,
Luzerne,Exeter Boro,9  ,27  ,117  ,0,1,
Allegheny,Penn Hills,12  ,45  ,38  ,0,1,
Luzerne,Harveys Lake Boro,9  ,20  ,117  ,0,1,
Delaware,Darby Boro,5  ,26  ,163  ,0,1,
Allegheny,Penn Hills,17  ,38  ,20  ,0,1,
Westmoreland,Mt Pleasant Boro,14  ,39  ,59  ,0,1,
Allegheny,Clairton,12  ,37  ,40  ,0,1,
Allegheny,Clairton,12  ,43  ,34  ,0,1,
Luzerne,Forty Fort Boro,8  ,22  ,118  ,0,1,
Delaware,Parkside Boro,5  ,9  ,161  ,0,1,
