County,Municipality,USC,STS,STH,Mailed,Not Mailed,Mailing Status
Philadelphia,Mn01,3,4,200,7914,59,In Progress
Allegheny,Pittsburgh,12,43,23,6702,98,In Progress
Philadelphia,Mn01,3,1,182,6371,33,In Progress
Bucks,Lower Makefield Twp,1,10,31,6226,1,In Progress
Erie,Millcreek Twp,16,49,3,6117,35,In Progress
Bucks,Bensalem Twp,1,6,18,5585,3,In Progress
Philadelphia,Mn01,3,7,194,5384,53,In Progress
Montgomery,Abington Twp,4,4,153,5281,39,In Progress
Delaware,Haverford Twp,5,17,166,5145,187,In Progress
Bucks,Middletown Twp,1,6,142,4813,4,In Progress
Allegheny,Penn Hills,17,43,32,4714,54,In Progress
Philadelphia,Mn01,2,1,175,4689,27,In Progress
Allegheny,Mt Lebanon,17,42,42,4593,71,In Progress
Bucks,Warminster Twp,1,6,144,4569,2,In Progress
Bucks,Northampton Twp,1,6,178,4413,0,In Progress
Bucks,Bristol Twp,1,10,141,4347,2,In Progress
Allegheny,Bethel Park,12,37,40,4339,118,In Progress
Montgomery,Cheltenham Twp,4,4,154,4319,27,In Progress
Lehigh,Lower Macungie,7,16,187,4263,31,In Progress
Allegheny,Mccandless,17,38,30,4237,58,In Progress
Northampton,Bethlehem,7,18,135,4219,506,In Progress
Philadelphia,Mn01,3,4,201,4114,32,In Progress
Bucks,Warrington Twp,1,6,144,4015,3,In Progress
Montgomery,Lower Merion Twp,4,17,148,4005,25,In Progress
Philadelphia,Mn01,3,3,195,3996,21,In Progress
Philadelphia,Mn01,3,7,192,3989,20,In Progress
Allegheny,Ross,17,38,20,3833,56,In Progress
Erie,Mn01,16,49,1,3623,35,In Progress
Philadelphia,Mn01,2,5,172,3607,40,In Progress
Montgomery,Upper Providence Twp,4,44,150,3603,15,In Progress
Philadelphia,Mn01,3,8,186,3521,28,In Progress
Philadelphia,Mn01,2,5,170,3512,33,In Progress
Chester,Tredyffrin Twp,6,19,157,3468,52,In Progress
Bucks,Buckingham Twp,1,10,29,3464,3,In Progress
Montgomery,Lower Providence Twp,4,44,150,3452,26,In Progress
Northampton,Bethlehem Twsp,7,18,137,3434,112,In Progress
Bucks,Newtown Twp,1,10,31,3385,1,In Progress
Westmoreland,Hempfield Twp,14,39,57,3360,118,In Progress
Cumberland,Hampden Twp,10,34,88,3360,33,In Progress
Butler,Cranberry Twp,16,47,12,3340,36,In Progress
Lackawanna,Scranton,8,22,113,3331,0,In Progress
Philadelphia,Mn01,3,1,184,3322,19,In Progress
Montgomery,Upper Merion Twp,5,17,149,3322,17,In Progress
Lancaster,Manheim Twp,11,36,96,3306,29,In Progress
Bucks,Doylestown Twp,1,10,29,3289,1,In Progress
Allegheny,Monroeville,12,45,25,3249,44,In Progress
Allegheny,Pittsburgh,12,42,19,3151,45,In Progress
Montgomery,Lower Merion Twp,5,17,149,3151,27,In Progress
Bucks,Falls Twp,1,10,140,3118,2,In Progress
Allegheny,Shaler,17,38,21,3093,45,In Progress
Dauphin,Susquehanna Twp,10,15,105,3067,181,In Progress
Delaware,Radnor Twp,5,17,168,3050,129,In Progress
Philadelphia,Mn01,2,5,174,3045,24,In Progress
Allegheny,Moon,17,37,44,3020,46,In Progress
Westmoreland,Munic Of Murrysville,12,39,55,2995,117,In Progress
Allegheny,Pittsburgh,12,38,24,2845,46,In Progress
Philadelphia,Mn01,2,5,173,2832,20,In Progress
Delaware,Upper Darby Twp,5,26,163,2691,113,In Progress
Montgomery,Lower Merion Twp,5,17,148,2685,14,In Progress
Montgomery,Montgomery Twp,1,12,151,2678,13,In Progress
Philadelphia,Mn01,3,8,188,2674,15,In Progress
Philadelphia,Mn01,3,7,190,2658,19,In Progress
Montgomery,Whitemarsh Twp,4,7,148,2639,16,In Progress
Dauphin,Lower Paxton Twp,10,15,105,2632,177,In Progress
Montgomery,Springfield Twp,4,4,154,2630,13,In Progress
Lancaster,Hempfield East Twp,11,36,41,2627,18,In Progress
Montgomery,Horsham Twp,1,12,151,2616,20,In Progress
Allegheny,Pittsburgh,12,43,24,2555,40,In Progress
Northampton,Palmer,7,18,137,2530,42,In Progress
Luzerne,Wilkes-Barre City,8,22,121,2512,43,In Progress
Montgomery,Upper Gwynedd Twp,4,24,61,2511,27,In Progress
Montgomery,Towamencin Twp,4,24,61,2448,11,In Progress
Lehigh,Upper Saucon,7,16,131,2444,14,In Progress
Montgomery,Limerick Twp,4,24,146,2442,13,In Progress
Northampton,Forks,7,18,138,2410,44,In Progress
Allegheny,Pittsburgh,12,42,27,2359,26,In Progress
Bucks,Warwick Twp,1,6,178,2358,2,In Progress
Erie,Mn01,16,49,2,2348,19,In Progress
Montgomery,Upper Moreland Twp,4,12,152,2345,24,In Progress
Dauphin,Derry Twp,10,15,106,2340,156,In Progress
Allegheny,Pittsburgh,12,42,36,2338,35,In Progress
Lehigh,Whitehall,7,14,133,2327,18,In Progress
Lehigh,Upper Macungie,7,16,132,2320,19,In Progress
Dauphin,Lower Paxton Twp,10,15,125,2309,127,In Progress
Chester,W Goshen Twp,6,19,156,2266,29,In Progress
Cumberland,Silver Spring Twp,10,34,87,2264,18,In Progress
York,York Twp,11,28,93,2235,114,In Progress
Montgomery,Whitpain Twp,4,12,61,2227,12,In Progress
Cumberland,Upper Allen Twp,10,31,87,2212,12,In Progress
Montgomery,Lower Gwynedd Twp,4,12,61,2197,20,In Progress
Blair,Altoona,13,30,79,2182,93,In Progress
Allegheny,Robinson,17,37,45,2161,26,In Progress
Delaware,Newtown Twp,5,26,168,2118,57,In Progress
Allegheny,Baldwin Br,12,45,38,2113,59,In Progress
Delaware,Springfield Twp,5,26,165,2096,58,In Progress
Montgomery,Hatfield Twp,1,12,53,2093,12,In Progress
Philadelphia,Mn01,2,3,198,2091,17,In Progress
Delaware,Concord Twp,5,9,160,2089,97,In Progress
Westmoreland,Unity Twp,14,39,59,2078,80,In Progress
Washington,Township Of Peters,14,46,40,2067,177,In Progress
Bucks,Hilltown Twp,1,16,143,2066,2,In Progress
Westmoreland,North Huntingdon Twp,12,39,56,2064,73,In Progress
Lackawanna,Scranton,8,22,114,2053,2,In Progress
Bucks,Solebury Twp,1,10,29,2050,0,In Progress
Chester,W Whiteland Twp,6,19,167,2049,21,In Progress
Chester,Uwchlan Twp,6,44,155,2029,28,In Progress
Montgomery,Upper Dublin Twp,4,12,151,2026,7,In Progress
Westmoreland,Penn Twp,12,39,56,2019,83,In Progress
Allegheny,Franklin Pk,17,37,30,2016,38,In Progress
Allegheny,Pittsburgh,12,42,21,2015,36,In Progress
Bucks,Upper Makefield Twp,1,10,31,1999,1,In Progress
Philadelphia,Mn01,3,7,10,1996,13,In Progress
Butler,Adams Twp,16,47,12,1993,21,In Progress
Montgomery,Upper Dublin Twp,4,12,153,1974,8,In Progress
Lancaster,Lampeter West Twp,11,13,97,1966,6,In Progress
Montgomery,Lower Salford Twp,4,24,147,1904,14,In Progress
Allegheny,Scott,17,42,27,1887,33,In Progress
Cumberland,East Pennsboro Twp,10,34,103,1876,14,In Progress
Philadelphia,Mn01,3,1,175,1874,14,In Progress
Lehigh,Allentown,7,14,134,1859,17,In Progress
Montgomery,Plymouth Twp,4,12,54,1847,12,In Progress
Allegheny,N Fayette,17,37,44,1846,31,In Progress
Allegheny,Pine,17,38,28,1840,19,In Progress
Delaware,Nether Providence Twp,5,9,161,1817,63,In Progress
Lehigh,Allentown,7,14,132,1809,18,In Progress
Bucks,Upper Southampton Twp,1,6,178,1807,3,In Progress
Allegheny,S Fayette,17,37,46,1803,26,In Progress
Cumberland,Carlisle Boro,10,34,199,1800,18,In Progress
Allegheny,West Mifflin,12,45,38,1782,40,In Progress
Allegheny,Whitehall,12,45,38,1780,28,In Progress
York,Fairview Twp,10,31,92,1773,96,In Progress
Allegheny,Pittsburgh,12,43,36,1773,38,In Progress
Erie,Harborcreek Twp.,16,49,2,1762,17,In Progress
Lehigh,Bethlehem,7,18,133,1745,28,In Progress
Bucks,Plumstead Twp,1,10,143,1726,0,In Progress
Delaware,Upper Darby Twp,5,26,164,1724,128,In Progress
Montgomery,Skippack Twp,4,24,70,1710,9,In Progress
Dauphin,Swatara Twp,10,15,104,1706,143,In Progress
Allegheny,Hampton,17,38,28,1697,55,In Progress
York,West Manchester Twp,10,31,196,1676,85,In Progress
Dauphin,Harrisburg,10,15,103,1668,166,In Progress
Philadelphia,Mn01,5,8,185,1664,10,In Progress
Montgomery,East Norriton Twp,4,17,70,1650,9,In Progress
Lehigh,North Whitehall,7,16,183,1637,8,In Progress
Delaware,Middletown Twp,5,9,168,1635,40,In Progress
Bucks,Richland Twp,1,16,145,1618,0,In Progress
Bucks,Lower Southampton Twp,1,6,142,1616,2,In Progress
Allegheny,West Deer,17,38,28,1579,28,In Progress
Lancaster,Warwick Twp,11,36,37,1575,12,In Progress
York,Manchester Twp,10,31,47,1573,81,In Progress
Philadelphia,Mn01,2,2,202,1573,11,In Progress
Washington,Township Of Cecil,14,46,46,1556,77,In Progress
Allegheny,Plum,12,45,32,1528,19,In Progress
Philadelphia,Mn01,2,2,203,1528,9,In Progress
Monroe,Coolbaugh,8,40,115,1520,59,In Progress
Montgomery,New Hanover Twp,4,24,147,1519,5,In Progress
Lehigh,Allentown,7,14,22,1513,9,In Progress
Northampton,Hanover,7,14,135,1508,30,In Progress
Allegheny,Wilkinsburg,17,43,34,1495,18,In Progress
Montgomery,Montgomery Twp,1,12,53,1495,11,In Progress
Northampton,Easton,7,18,136,1486,38,In Progress
Montgomery,Worcester Twp,4,12,70,1486,6,In Progress
Mercer,Hermitage,16,50,7,1483,33,In Progress
York,York City,10,31,95,1471,90,In Progress
Monroe,Chestnuthill,8,40,176,1471,52,In Progress
Delaware,Upper Providence Twp,5,26,165,1470,44,In Progress
Montgomery,Pottstown Boro,4,24,146,1466,16,In Progress
Pike,Dingman Twp,8,20,139,1458,12,In Progress
Lehigh,South Whitehall,7,14,132,1457,9,In Progress
Montgomery,Norristown Boro,5,17,54,1456,9,In Progress
Delaware,Aston Twp,5,9,161,1451,62,In Progress
Allegheny,Ohara,17,38,33,1446,13,In Progress
Cumberland,Lower Allen Twp,10,31,88,1432,12,In Progress
Lehigh,South Whitehall,7,16,132,1430,15,In Progress
Philadelphia,Mn01,3,8,191,1428,7,In Progress
Allegheny,South Park,12,37,39,1415,26,In Progress
Indiana,White,14,41,62,1411,3,In Progress
Chester,Phoenixville Boro,6,44,26,1408,14,In Progress
Bucks,Doylestown Boro,1,10,29,1407,0,In Progress
Philadelphia,Mn01,2,2,177,1404,7,In Progress
Allegheny,Plum,12,45,25,1393,17,In Progress
Montgomery,Lower Moreland Twp,4,12,152,1388,6,In Progress
Chester,E Goshen Twp,6,19,156,1373,17,In Progress
Franklin,Greene Twp,13,33,89,1371,8,In Progress
Lackawanna,Dunmore,8,22,112,1371,1,In Progress
York,Windsor Twp,11,28,94,1369,56,In Progress
York,Dover Twp,10,31,196,1361,58,In Progress
Delaware,Upper Chichester Twp,5,9,159,1361,38,In Progress
Lancaster,Lancaster City,11,13,96,1341,23,In Progress
Bucks,Middletown Twp,1,6,140,1339,0,In Progress
Berks,Exeter Twp,6,11,128,1335,46,In Progress
Montgomery,Lansdale Boro,4,12,53,1329,5,In Progress
Montgomery,Lower Pottsgrove Twp,4,24,146,1327,10,In Progress
York,Springettsbury Twp,10,28,94,1317,48,In Progress
Allegheny,Richland,17,38,28,1317,20,In Progress
Philadelphia,Mn01,2,3,181,1317,6,In Progress
Montgomery,West Norriton Twp,4,17,70,1312,3,In Progress
Lehigh,Upper Milford,7,16,131,1309,12,In Progress
Chester,Upper Uwchlan Twnshp,6,44,155,1306,13,In Progress
Chester,W Bradford Twp,6,19,158,1299,24,In Progress
Butler,Butler Twp,16,21,11,1298,18,In Progress
Berks,Muhlenberg Twp,4,11,126,1276,65,In Progress
Philadelphia,Mn01,3,1,10,1275,5,In Progress
Allegheny,Up St Clair,12,37,42,1250,18,In Progress
Allegheny,Jefferson Hl,12,37,39,1248,34,In Progress
Lancaster,Lancaster Twp,11,13,49,1247,21,In Progress
Philadelphia,Mn01,3,4,194,1236,8,In Progress
Allegheny,Marshall,17,37,28,1230,26,In Progress
Chester,Willistown Twp,6,19,157,1229,18,In Progress
Franklin,Chambersburg Boro,13,33,89,1213,14,In Progress
Allegheny,Pittsburgh,12,43,19,1212,31,In Progress
Philadelphia,Mn01,2,1,182,1212,10,In Progress
Erie,Fairview Twp,16,49,3,1206,11,In Progress
Northampton,Bushkill Twsp,7,14,138,1191,27,In Progress
Montgomery,Perkiomen Twp,4,24,70,1188,5,In Progress
Luzerne,Kingston Boro,8,20,120,1183,15,In Progress
Delaware,Ridley Twp,5,26,162,1181,56,In Progress
Westmoreland,Greensburg,14,39,57,1174,51,In Progress
Chester,E Whiteland Twp,6,44,167,1171,14,In Progress
Berks,Wyomissing Boro,6,11,129,1167,35,In Progress
Franklin,Guilford Twp,13,33,89,1161,10,In Progress
York,Penn Twp,11,28,169,1160,68,In Progress
Bucks,Milford Twp,1,16,145,1157,0,In Progress
Lehigh,Emmaus,7,14,134,1153,12,In Progress
Chester,E Bradford Twp,6,19,156,1153,10,In Progress
Allegheny,Ohio,17,37,30,1150,18,In Progress
Allegheny,Collier,17,37,45,1146,28,In Progress
Bucks,Bedminster Twp,1,16,143,1146,0,In Progress
Northampton,Lower Saucon Twsp,7,18,131,1144,22,In Progress
Berks,Spring Twp,6,11,129,1141,53,In Progress
Philadelphia,Mn01,2,2,180,1139,5,In Progress
Allegheny,Kennedy,17,42,45,1136,15,In Progress
Delaware,Marple Twp,5,26,165,1127,47,In Progress
York,Newberry Twp,10,31,92,1120,72,In Progress
Cumberland,North Middleton Twp,10,34,199,1119,8,In Progress
Bucks,New Britain Twp,1,10,143,1118,1,In Progress
Chester,Easttown Twp,6,19,157,1116,28,In Progress
Chester,E Pikeland Twp,6,44,26,1112,10,In Progress
Cumberland,South Middleton Twp,10,34,87,1111,7,In Progress
Beaver,Center Twp,17,47,16,1110,35,In Progress
York,Springettsbury Twp,10,28,47,1107,66,In Progress
Bucks,Northampton Twp,1,6,142,1103,0,In Progress
Allegheny,Elizabeth Tp,12,45,39,1098,21,In Progress
Lancaster,Hempfield West Twp,11,36,41,1095,8,In Progress
Lycoming,City Of Williamsport,9,23,83,1089,8,In Progress
Lawrence,New Castle,16,50,9,1086,8,In Progress
York,Spring Garden Twp,10,28,95,1083,49,In Progress
Northampton,Upper Nazareth,7,18,137,1083,19,In Progress
Luzerne,Dallas Twp,8,20,120,1081,10,In Progress
Allegheny,Up St Clair,12,37,40,1078,35,In Progress
Beaver,Hopewell Twp,17,47,16,1077,30,In Progress
Delaware,Chester City,5,9,159,1073,71,In Progress
Chester,Kennett Twp,6,9,158,1073,27,In Progress
Philadelphia,Mn01,3,7,188,1060,7,In Progress
Montgomery,Abington Twp,4,4,152,1059,4,In Progress
Pike,Lehman Twp,8,20,189,1050,11,In Progress
Delaware,Bethel Twp,5,9,160,1046,40,In Progress
Delaware,Marple Twp,5,26,166,1046,28,In Progress
Northampton,Lower Nazareth,7,18,137,1046,26,In Progress
Beaver,Economy Boro,17,47,14,1046,24,In Progress
Northampton,Lehigh Twsp,7,14,183,1045,28,In Progress
Erie,Summit Twp,16,49,2,1040,10,In Progress
Chester,W Brandywine Townshp,6,44,155,1039,16,In Progress
Luzerne,Plains Twp,8,22,121,1038,8,In Progress
Chester,Westtown Twp,6,9,160,1036,18,In Progress
Philadelphia,Mn01,3,1,186,1033,5,In Progress
Westmoreland,Rostraver Twp,14,39,58,1025,27,In Progress
Chester,Schuylkill Twp,6,44,157,1025,11,In Progress
Bucks,Perkasie Boro,1,16,143,1024,1,In Progress
Lebanon,North Londonderry Twp,9,48,102,1016,27,In Progress
Washington,Twp. Of North Strabane,14,46,48,1010,42,In Progress
Dauphin,West Hanover Twp,10,15,125,999,70,In Progress
Lackawanna,South Abington,8,22,114,999,1,In Progress
Lancaster,Rapho Twp,11,36,37,996,13,In Progress
Lawrence,Neshannock Twp,16,50,9,996,0,In Progress
Philadelphia,Mn01,2,2,179,995,5,In Progress
Lancaster,Lancaster City,11,13,49,989,8,In Progress
Philadelphia,Mn01,2,3,203,989,2,In Progress
Lancaster,Donegal West Twp,11,36,98,984,4,In Progress
Chester,E Marlborough Twnshp,6,9,158,981,13,In Progress
Luzerne,Kingston Twp,8,20,120,976,10,In Progress
Washington,Twp. Of South Strabane,14,46,48,973,38,In Progress
Monroe,Pocono,8,40,115,971,28,In Progress
Chester,Caln Twp,6,44,74,965,5,In Progress
Lancaster,Lititz Boro,11,36,37,964,8,In Progress
Allegheny,Mckeesport,12,45,35,951,17,In Progress
Delaware,Yeadon Boro,5,8,191,947,45,In Progress
Montgomery,Upper Hanover Twp,1,24,131,946,6,In Progress
Monroe,Stroud,8,40,189,944,30,In Progress
Chester,New Garden Twp,6,9,158,941,6,In Progress
Allegheny,Pittsburgh,12,42,20,930,16,In Progress
Montgomery,Franconia Twp,1,12,147,929,3,In Progress
Berks,Reading,6,11,127,928,73,In Progress
Chester,West Chester Boro,6,19,156,921,16,In Progress
Lancaster,Manor Twp,11,13,97,918,8,In Progress
Montgomery,Douglass Twp,4,24,147,917,3,In Progress
Lancaster,Lampeter East Twp,11,13,97,915,5,In Progress
Allegheny,Pittsburgh,12,43,34,913,9,In Progress
Clearfield,Dubois City,15,35,75,911,37,In Progress
Lebanon,North Lebanon Twp,9,48,101,911,25,In Progress
Luzerne,Hanover Twp,8,20,119,904,13,In Progress
Lackawanna,Old Forge,8,22,118,902,1,In Progress
Allegheny,Munhall,12,45,35,899,13,In Progress
Cumberland,Camp Hill Boro,10,34,103,899,5,In Progress
Allegheny,Pleasant Hl,12,37,39,895,11,In Progress
Philadelphia,Mn01,2,3,197,895,4,In Progress
Luzerne,Butler Twp,8,27,117,892,10,In Progress
Luzerne,Hazleton City,8,29,116,890,18,In Progress
Monroe,Tobyhanna,8,40,176,886,31,In Progress
Chester,E Brandywine Townshp,6,44,155,886,14,In Progress
Washington,Twp. Of North Strabane,14,46,46,880,34,In Progress
Delaware,Lansdowne Boro,5,26,164,874,35,In Progress
Montgomery,Hatboro Boro,4,12,152,874,7,In Progress
Allegheny,Oakmont,17,43,32,871,14,In Progress
Franklin,Washington Twp,13,33,90,871,9,In Progress
Allegheny,Forest Hills,17,43,34,869,14,In Progress
Westmoreland,Derry Twp,14,41,59,868,42,In Progress
Blair,Logan Twp,13,30,79,864,30,In Progress
Northampton,Northampton Boro,7,14,183,859,14,In Progress
Adams,Cumberland Twp,13,33,91,858,29,In Progress
York,East Manchester Twp,10,31,47,854,51,In Progress
Westmoreland,New Kensington,14,41,55,853,43,In Progress
Beaver,Brighton Twp,17,47,15,852,26,In Progress
Lackawanna,Archbald,8,40,112,849,0,In Progress
Delaware,Edgmont Twp,5,9,168,848,30,In Progress
Lehigh,Upper Macungie,7,16,187,848,9,In Progress
Monroe,Hamilton,8,40,176,846,25,In Progress
Monroe,Middle Smithfield,8,40,115,844,36,In Progress
Lancaster,Manheim Twp,11,36,97,841,4,In Progress
Washington,Township Of Chartiers,14,46,46,835,25,In Progress
Luzerne,Nanticoke City,8,20,119,833,20,In Progress
Philadelphia,Mn01,3,3,190,832,5,In Progress
Berks,Amity Twp,4,24,128,830,36,In Progress
Chester,Valley Twp,6,19,74,826,15,In Progress
Lebanon,Lebanon City,9,48,101,823,27,In Progress
Lebanon,South Lebanon Twp,9,48,101,820,26,In Progress
Allegheny,Casl Shannon,17,45,42,818,24,In Progress
Monroe,Middle Smithfield,8,40,189,808,30,In Progress
Allegheny,Dormont,17,42,42,806,21,In Progress
Lycoming,Loyalsock Twp,9,23,83,806,8,In Progress
Westmoreland,Lower Burrell,14,41,60,805,42,In Progress
Westmoreland,North Huntingdon Twp,12,39,58,801,29,In Progress
Allegheny,Harrison,17,38,33,801,23,In Progress
Allegheny,N Versailles,12,45,25,799,22,In Progress
Northampton,Palmer,7,18,136,799,8,In Progress
Chester,Penn Twp,6,19,13,796,13,In Progress
Allegheny,Indiana,17,38,33,793,20,In Progress
Allegheny,Fox Chapel,17,38,33,793,14,In Progress
Lancaster,Penn Twp,11,36,37,793,8,In Progress
Northampton,Allen Twsp,7,14,183,792,13,In Progress
Elk,City Of St Marys,15,25,75,790,9,In Progress
Blair,Frankstown Twp,13,30,80,787,20,In Progress
Delaware,Swarthmore Boro,5,26,165,785,44,In Progress
York,Hanover Boro,11,28,169,782,42,In Progress
Adams,Oxford Twp,13,33,193,782,21,In Progress
Chester,West Caln Twp,6,44,74,782,8,In Progress
Allegheny,Brentwood,12,45,36,780,20,In Progress
Beaver,New Sewickley Twp,17,47,14,780,18,In Progress
Philadelphia,Mn01,3,3,181,780,8,In Progress
Dauphin,Harrisburg,10,15,104,776,83,In Progress
Monroe,Stroud,8,40,115,776,23,In Progress
Allegheny,White Oak,12,45,35,776,13,In Progress
Bucks,West Rockhill Twp,1,16,145,776,0,In Progress
Adams,Straban Twp,13,33,91,771,32,In Progress
Montgomery,Franconia Twp,1,12,53,763,3,In Progress
Luzerne,Wright Twp,8,27,119,761,6,In Progress
Bucks,Bristol Boro,1,10,141,758,1,In Progress
Bucks,New Britain Twp,1,10,144,756,0,In Progress
Montgomery,Conshohocken Boro,4,7,54,754,7,In Progress
Chester,E Fallowfield Twnshp,6,19,158,753,7,In Progress
Lebanon,South Londonderry Twp,9,48,98,751,18,In Progress
Pike,Blooming Grove Twp,8,20,139,750,9,In Progress
Philadelphia,Mn01,2,1,177,748,4,In Progress
Lancaster,Mount Joy Twp,11,36,98,741,5,In Progress
Cumberland,Mechanicsburg Boro,10,31,88,738,4,In Progress
Berks,Cumru Twp,6,11,128,736,18,In Progress
Lancaster,Ephrata Boro,11,36,43,734,11,In Progress
Northampton,Williams Twsp,7,18,136,731,21,In Progress
Carbon,Penn Forest Twp,7,29,122,731,9,In Progress
Monroe,Jackson,8,40,176,724,22,In Progress
Lebanon,Cornwall Boro,9,48,101,724,11,In Progress
Dauphin,South Hanover Twp,10,15,106,720,38,In Progress
Cumberland,South Middleton Twp,10,34,199,718,8,In Progress
Philadelphia,Mn01,3,3,198,716,5,In Progress
Chester,Charlestown Twp,6,44,167,704,12,In Progress
Delaware,Middletown Twp,5,9,161,703,16,In Progress
Chester,E Goshen Twp,6,19,167,703,10,In Progress
York,Carroll Twp,10,31,92,702,32,In Progress
Philadelphia,Mn01,3,1,181,702,6,In Progress
Montgomery,Whitpain Twp,4,12,70,701,3,In Progress
Bucks,Morrisville Boro,1,10,140,698,0,In Progress
Montgomery,Narberth Boro,5,17,148,697,1,In Progress
Monroe,Tunkhannock,8,40,176,696,18,In Progress
Westmoreland,Allegheny Twp,14,41,60,696,17,In Progress
Beaver,Chippewa Twp,17,47,14,694,23,In Progress
Chester,Honeybrook Twp,6,44,74,693,15,In Progress
York,West Manheim Twp,11,28,169,692,43,In Progress
Butler,Center Twp,16,21,8,690,12,In Progress
Chester,W Vincent Twp,6,44,167,687,12,In Progress
Montgomery,Upper Pottsgrove Twp,4,24,147,687,4,In Progress
Chester,London Grove Twnship,6,9,13,685,13,In Progress
Bucks,Chalfont Boro,1,10,29,684,0,In Progress
Franklin,Antrim Twp,13,33,90,683,4,In Progress
Bucks,Wrightstown Twp,1,6,178,683,1,In Progress
Allegheny,Bellevue,17,42,20,682,21,In Progress
Adams,Conewago Twp,13,33,91,681,33,In Progress
Bucks,East Rockhill Twp,1,16,145,681,2,In Progress
Allegheny,Wilkins,12,43,34,679,17,In Progress
Cumberland,Monroe Twp,10,34,87,679,2,In Progress
Union,East Buffalo,15,23,85,677,32,In Progress
Delaware,Media Boro,5,26,165,676,25,In Progress
Allegheny,Hampton,17,38,30,676,14,In Progress
Lancaster,Elizabethtown Boro,11,36,98,676,12,In Progress
Westmoreland,Washington Twp,14,41,55,675,24,In Progress
Monroe,Smithfield,8,40,189,673,28,In Progress
Berks,Spring Twp,6,11,5,668,24,In Progress
Philadelphia,Mn01,2,3,179,663,3,In Progress
Schuylkill,Pottsville,9,29,123,661,51,In Progress
Butler,Middlesex Twp,16,47,8,659,8,In Progress
Lehigh,Salisbury,7,14,134,658,5,In Progress
Luzerne,Hazle Twp,8,29,116,656,13,In Progress
Butler,Buffalo Twp,16,21,11,654,5,In Progress
Luzerne,Pittston City,8,22,118,652,6,In Progress
Lackawanna,Moosic,8,22,118,652,0,In Progress
Cumberland,Lower Allen Twp,10,31,87,640,6,In Progress
Chester,E Vincent Twp,6,44,26,638,9,In Progress
Butler,Jackson Twp,16,47,12,638,4,In Progress
Pike,Delaware Twp,8,20,189,638,3,In Progress
York,Dover Twp,10,31,92,631,20,In Progress
Northampton,Moore Twsp,7,14,138,631,13,In Progress
Lebanon,North Cornwall Twp,9,48,101,630,21,In Progress
Northampton,East Allen Twsp,7,14,183,628,19,In Progress
Lancaster,Ephrata Twp,11,36,43,627,5,In Progress
Butler,Butler City,16,21,11,626,11,In Progress
Bucks,Springfield Twp,1,16,145,626,0,In Progress
Delaware,Brookhaven Boro,5,9,161,623,19,In Progress
Allegheny,West View,17,38,20,621,14,In Progress
Allegheny,Pittsburgh,12,38,21,621,11,In Progress
Lebanon,Jackson Twp,9,48,102,610,11,In Progress
Westmoreland,Hempfield Twp,12,39,57,606,18,In Progress
Berks,South Heidelberg Twp,9,48,5,603,32,In Progress
Philadelphia,Mn01,5,8,191,601,2,In Progress
Bucks,Quakertown Boro,1,16,145,599,0,In Progress
Berks,Maidencreek Twp,4,48,130,598,15,In Progress
Chester,Pennsbury Twp,6,9,160,597,11,In Progress
Allegheny,Findlay,17,37,44,596,14,In Progress
Lehigh,Salisbury,7,14,22,595,8,In Progress
Pike,Palmyra Twp,8,20,139,595,7,In Progress
Allegheny,Edgewood,17,43,34,595,7,In Progress
Pike,Lackawaxen Twp,8,20,139,594,7,In Progress
York,Shrewsbury Twp,11,28,169,592,27,In Progress
Luzerne,Exeter Boro,8,20,120,590,6,In Progress
Monroe,Polk,7,40,176,588,28,In Progress
Allegheny,Carnegie,17,42,45,587,26,In Progress
Cumberland,Middlesex Twp,10,34,199,582,4,In Progress
Chester,Caln Twp,6,44,155,581,9,In Progress
Beaver,Aliquippa,17,47,16,577,19,In Progress
Luzerne,Jenkins Twp,8,22,118,573,13,In Progress
Chester,E Coventry Twp,6,44,26,573,12,In Progress
Northampton,Plainfield Twsp,7,18,138,573,8,In Progress
Montgomery,Ambler Boro,4,12,151,571,1,In Progress
Philadelphia,Mn01,3,8,185,570,4,In Progress
York,Springfield Twp,11,28,93,568,24,In Progress
Monroe,East Stroudsburg,8,40,189,567,27,In Progress
Cumberland,Dickinson Twp,10,34,193,567,6,In Progress
Montgomery,West Norriton Twp,4,17,150,566,4,In Progress
Allegheny,Swissvale,12,43,34,564,8,In Progress
Bucks,New Hope Boro,1,10,29,564,0,In Progress
Mercer,Sharon,16,50,7,563,12,In Progress
Franklin,Hamilton Twp,13,33,89,563,6,In Progress
Delaware,Thornbury Twp,5,9,160,561,26,In Progress
Luzerne,Fairview Twp,8,27,119,561,6,In Progress
Wayne,Paupack Twp.,8,20,139,561,0,In Progress
Northampton,Nazareth Boro,7,18,137,560,16,In Progress
Washington,City Of Washington,14,46,48,558,31,In Progress
Lackawanna,Carbondale,8,40,112,557,1,In Progress
Berks,Reading,6,11,129,556,39,In Progress
Lackawanna,Clarks Summit,8,22,114,556,0,In Progress
Philadelphia,Mn01,5,1,185,554,7,In Progress
Montgomery,Lower Merion Twp,4,17,149,554,0,In Progress
Allegheny,Crafton,17,42,27,552,8,In Progress
Montgomery,Jenkintown Boro,4,4,154,552,4,In Progress
Philadelphia,Mn01,3,4,198,551,5,In Progress
York,Conewago Twp,10,31,47,550,27,In Progress
Montgomery,Trappe Boro Boro,4,24,150,550,7,In Progress
Bucks,Tinicum Twp,1,16,143,547,1,In Progress
Delaware,Ridley Twp,5,26,161,546,28,In Progress
Blair,Allegheny Twp,13,30,79,545,28,In Progress
Cumberland,New Cumberland Boro,10,31,88,544,8,In Progress
Lehigh,Weisenberg,7,16,187,541,7,In Progress
Chester,N Coventry Twp,6,44,26,540,10,In Progress
Washington,Boro Of Canonsburg,14,46,46,539,42,In Progress
York,North Codorus Twp,11,28,196,538,24,In Progress
Mifflin,Derry Twp,13,30,85,536,3,In Progress
Wayne,Lake Twp.,8,40,139,536,0,In Progress
Lehigh,Washington,7,16,187,535,6,In Progress
Lehigh,Lower Milford,7,16,131,535,3,In Progress
Lackawanna,Blakely,8,40,112,532,1,In Progress
Washington,Township Of Canton,14,46,15,530,32,In Progress
Allegheny,Greentree,17,42,27,530,14,In Progress
Berks,Exeter Twp,6,11,126,528,27,In Progress
Chester,W Pikeland Twp,6,44,167,528,4,In Progress
Northampton,Wilson Boro,7,18,136,526,6,In Progress
Allegheny,Churchill,17,43,34,524,10,In Progress
Lancaster,Mount Joy Boro,11,36,98,523,11,In Progress
Lawrence,Shenango Twp,16,50,9,523,6,In Progress
Lackawanna,Dickson City,8,22,114,519,0,In Progress
Westmoreland,Latrobe,14,39,59,518,22,In Progress
Erie,North East Twp.,16,49,4,518,5,In Progress
Indiana,Mn20,14,41,62,510,1,In Progress
Luzerne,Swoyersville Boro,8,20,120,509,7,In Progress
Westmoreland,Monessen,14,39,58,506,23,In Progress
Luzerne,Duryea Boro,8,22,118,506,7,In Progress
Columbia,Scott Twp,9,27,109,505,1,In Progress
Chester,New London Twp,6,19,13,499,8,In Progress
Northampton,Hellertown Boro,7,18,136,496,9,In Progress
Northampton,Washington Twsp,7,18,138,496,7,In Progress
Luzerne,Pittston Twp,8,22,118,493,5,In Progress
Westmoreland,Ligonier Twp,14,41,59,492,15,In Progress
Butler,Zelienople Boro,16,47,12,491,9,In Progress
Montour,Mahoning Twp,9,27,108,490,10,In Progress
Northampton,Upper Mt Bethel Twsp,7,18,138,489,11,In Progress
Lancaster,Cocalico East Twp,11,48,99,487,3,In Progress
Lancaster,Columbia Boro,11,36,41,485,2,In Progress
Chester,Birmingham Twp,6,9,160,484,8,In Progress
Chester,Downingtown Boro,6,19,155,484,6,In Progress
Montgomery,Collegeville Boro,4,24,150,484,2,In Progress
Lackawanna,Taylor,8,22,118,484,1,In Progress
Allegheny,Sewickley,17,37,44,480,6,In Progress
Westmoreland,Salem Twp,14,39,55,479,25,In Progress
Adams,Mt Joy Twp,13,33,91,476,21,In Progress
Lancaster,Donegal East Twp,11,36,98,475,7,In Progress
Lancaster,Manor Twp,11,13,41,475,1,In Progress
Chester,East Caln Twp,6,19,167,472,9,In Progress
Allegheny,Coraopolis,17,37,45,470,13,In Progress
Columbia,Bloomsburg,9,27,109,470,3,In Progress
Westmoreland,Jeannette,12,39,56,467,23,In Progress
Monroe,Stroudsburg,8,40,189,467,15,In Progress
Columbia,Berwick Boro,9,27,109,467,1,In Progress
Berks,Robeson Twp,6,13,128,465,15,In Progress
Delaware,Chadds Ford Twp,5,9,160,464,13,In Progress
Dauphin,East Hanover Twp,10,15,106,463,29,In Progress
Delaware,Ridley Park Boro,5,26,162,463,11,In Progress
Chester,E Nottingham Twnship,6,19,13,462,11,In Progress
Cumberland,West Pennsboro Twp,10,34,199,462,1,In Progress
Erie,Washington Twp,16,49,4,461,0,In Progress
York,Hopewell Twp,11,28,93,460,25,In Progress
Lebanon,Palmyra Boro,9,48,102,459,12,In Progress
Pike,Greene Twp,8,20,139,459,4,In Progress
Dauphin,Middletown,10,15,106,458,29,In Progress
Montgomery,Lower Frederick Twp,4,24,147,457,3,In Progress
Berks,Bern Twp,4,48,5,456,12,In Progress
Allegheny,Pittsburgh,12,43,38,455,7,In Progress
Luzerne,Rice Twp,8,27,119,454,5,In Progress
Lackawanna,Scott Twp,8,22,114,452,0,In Progress
Washington,Township Of Union,14,46,39,451,14,In Progress
Montgomery,Upper Frederick Twp,4,24,147,450,1,In Progress
Chester,City Of Coatesville,6,19,74,445,11,In Progress
York,Hellam Twp,11,28,47,444,17,In Progress
Westmoreland,E Huntingdon Twp,14,39,58,444,15,In Progress
Allegheny,Avalon,17,42,20,444,11,In Progress
Luzerne,Forty Fort Boro,8,20,120,443,9,In Progress
Bucks,Yardley Boro,1,10,31,441,1,In Progress
Philadelphia,Mn01,2,1,197,440,1,In Progress
York,Jackson Twp,10,28,196,438,30,In Progress
Lehigh,Catasauqua,7,14,133,438,2,In Progress
Blair,Antis Twp,13,30,80,435,18,In Progress
Adams,Reading Twp,13,33,193,435,13,In Progress
Montgomery,Marlborough Twp,1,24,131,435,2,In Progress
Philadelphia,Mn01,5,1,184,435,1,In Progress
Wayne,Salem Twp.,8,40,139,434,0,In Progress
Blair,Hollidaysburg Boro,13,30,80,433,11,In Progress
Beaver,Mn04,17,47,15,432,17,In Progress
Montgomery,Horsham Twp,4,12,151,430,4,In Progress
Pike,Westfall Twp,8,20,139,430,3,In Progress
Northampton,Moore Twsp,7,14,183,429,5,In Progress
Washington,Twp. Of North Franklin,14,46,48,428,20,In Progress
Montgomery,Souderton Boro,1,12,53,427,5,In Progress
Allegheny,Bridgeville,12,37,45,424,8,In Progress
Erie,Greene Twp,16,49,2,422,0,In Progress
Berks,Reading,6,11,126,421,29,In Progress
Luzerne,West Pittston Boro,8,22,118,420,8,In Progress
Somerset,Somerset Twp,14,32,69,416,4,In Progress
Bradford,Athens Twp,9,23,110,416,4,In Progress
Franklin,Waynesboro Boro,13,33,90,414,2,In Progress
Allegheny,Harmar,17,38,33,413,9,In Progress
Adams,Franklin Twp,13,33,91,410,7,In Progress
Lackawanna,Olyphant,8,40,112,410,0,In Progress
Delaware,Collingdale Boro,5,8,163,407,19,In Progress
Butler,Connoquenessing Twp,16,21,8,407,1,In Progress
Lackawanna,Jessup,8,40,112,407,0,In Progress
Erie,Mckean Twp,16,49,4,405,0,In Progress
Adams,Mt Pleasant Twp,13,33,91,402,12,In Progress
Snyder,Monroe Twp,15,27,85,401,5,In Progress
Bedford,Bedford Twp,13,32,78,400,6,In Progress
Lancaster,Clay Twp,11,48,37,400,5,In Progress
Chester,Pocopson Twp,6,9,158,398,12,In Progress
Cumberland,Southampton Twp,13,34,193,396,9,In Progress
Berks,Washington Twp,4,24,130,394,7,In Progress
Adams,Gettysburg,13,33,91,392,14,In Progress
York,Warrington Twp,10,31,92,392,11,In Progress
Beaver,Monaca Boro,17,47,16,391,9,In Progress
Clearfield,Lawrence Twp.,15,35,73,390,13,In Progress
Butler,Jefferson Twp,16,21,11,390,7,In Progress
Delaware,Darby Boro,5,8,191,389,22,In Progress
Berks,Longswamp Twp,4,24,130,389,17,In Progress
Luzerne,Edwardsville Boro,8,20,119,389,6,In Progress
Delaware,Chester Heights Boro,5,9,160,388,17,In Progress
York,Franklin Twp,10,31,92,387,21,In Progress
Greene,Franklin Twp,14,46,50,387,7,In Progress
Philadelphia,Mn01,3,8,10,387,2,In Progress
Delaware,Glenolden Boro,5,26,162,386,22,In Progress
Blair,Blair Twp,13,30,80,385,10,In Progress
Cumberland,Lemoyne Boro,10,31,103,385,7,In Progress
Monroe,Barrett,8,40,115,384,8,In Progress
Berks,Ruscombmanor Twp,4,11,130,382,14,In Progress
Lackawanna,Jefferson,8,40,112,382,0,In Progress
Lancaster,Earl West Twp,11,36,43,381,3,In Progress
Allegheny,Stowe,17,42,45,377,6,In Progress
Montgomery,Upper Salford Twp,4,24,147,377,1,In Progress
Dauphin,Lower Swatara Twp,10,15,106,376,24,In Progress
Philadelphia,Mn01,2,1,181,376,3,In Progress
Wayne,Damascus Twp.,8,20,111,376,0,In Progress
Luzerne,Sugarloaf Twp,9,27,117,375,6,In Progress
Dauphin,Middle Paxton Twp,10,15,125,374,26,In Progress
Northampton,Hanover,7,14,137,372,10,In Progress
Berks,Colebrookdale Twp,4,24,130,370,13,In Progress
Luzerne,Lehman Twp,9,20,117,366,3,In Progress
Lawrence,Ellwood City,16,47,8,365,2,In Progress
Montgomery,Royersford Boro,4,44,146,365,1,In Progress
Dauphin,Hummelstown,10,15,106,364,27,In Progress
Chester,London Britain Tnshp,6,9,13,363,5,In Progress
Luzerne,Larksville Boro,8,20,119,363,4,In Progress
Bucks,Sellersville Boro,1,16,143,363,0,In Progress
Monroe,Ross,8,40,176,362,9,In Progress
York,New Freedom Boro,11,28,169,360,13,In Progress
Franklin,Southampton Twp,13,33,81,360,6,In Progress
Erie,Girard Twp,16,49,4,360,2,In Progress
Lehigh,Allentown,7,16,132,358,7,In Progress
Allegheny,Clairton,12,45,35,357,15,In Progress
Luzerne,Wyoming Boro,8,22,120,357,3,In Progress
Butler,Lancaster Twp,16,47,8,354,5,In Progress
Somerset,Somerset Boro,14,32,69,353,10,In Progress
Lehigh,Fountain Hill,7,14,133,353,3,In Progress
York,Lower Windsor Twp,11,28,94,352,16,In Progress
Westmoreland,Sewickley Twp,12,39,58,352,10,In Progress
Beaver,Baden Boro,17,47,16,351,10,In Progress
Westmoreland,Mt Pleasant Twp,14,39,59,350,10,In Progress
Lawrence,Union Twp,16,50,9,350,4,In Progress
Bucks,Newtown Boro,1,10,31,348,0,In Progress
Beaver,Ambridge,17,47,16,346,7,In Progress
Lancaster,Brecknock Twp,11,48,99,345,4,In Progress
Lancaster,Leacock Upper Twp,11,13,43,345,3,In Progress
Lebanon,South Annville Twp,9,48,98,344,13,In Progress
Lycoming,Old Lycoming Twp,15,23,84,344,4,In Progress
Wayne,Honesdale Boro.,8,40,111,344,0,In Progress
Clinton,Lock Haven,15,25,76,342,3,In Progress
Greene,Cumberland Twp,14,46,50,341,4,In Progress
Lancaster,Providence Twp,11,13,100,341,1,In Progress
Berks,Shillington Boro,6,11,127,338,11,In Progress
Lackawanna,Throop,8,22,112,338,0,In Progress
Lancaster,Pequea Twp,11,13,97,337,2,In Progress
Philadelphia,Mn01,3,7,201,336,5,In Progress
Schuylkill,Wayne Twp,9,29,123,335,13,In Progress
Philadelphia,Mn01,2,5,177,335,3,In Progress
Berks,Lower Heidelberg Twp,4,48,5,334,7,In Progress
Allegheny,Swissvale,17,43,34,334,3,In Progress
Allegheny,Reserve,17,42,21,334,3,In Progress
Adams,Littlestown,13,33,91,332,13,In Progress
Butler,Penn Twp,16,21,8,330,5,In Progress
Chester,Malvern Boro,6,19,167,330,4,In Progress
Bucks,Nockamixon Twp,1,16,145,330,1,In Progress
Lancaster,Millersville Boro,11,13,49,329,3,In Progress
Carbon,Jim Thorpe Boro,7,29,122,328,2,In Progress
Delaware,Aldan Boro,5,26,163,325,13,In Progress
Berks,Spring Twp,6,11,99,324,13,In Progress
Westmoreland,Scottdale,14,32,58,324,9,In Progress
Snyder,Penn Twp,15,27,85,324,3,In Progress
Philadelphia,Mn01,3,1,195,323,4,In Progress
Beaver,Beaver Falls,17,47,14,322,16,In Progress
Washington,Township Of Fallowfield,14,46,48,322,12,In Progress
Westmoreland,Manor,12,39,56,322,11,In Progress
Philadelphia,Mn01,2,2,197,321,1,In Progress
Carbon,Towamensing Twp,7,29,122,321,1,In Progress
Beaver,North Sewickley Twp,17,47,14,319,7,In Progress
Chester,Thornbury Twp,6,9,160,318,8,In Progress
Pike,Shohola Twp,8,20,139,318,4,In Progress
Monroe,Price,8,40,115,317,12,In Progress
Washington,Township Of Nottingham,14,46,48,316,8,In Progress
Berks,Union Twp,6,44,128,314,16,In Progress
Wyoming,Tunkhannock Twp,9,20,110,313,0,In Progress
Delaware,Norwood Boro,5,8,162,311,8,In Progress
Berks,Wernersville Boro,9,48,5,309,9,In Progress
Lancaster,Earl Twp,11,36,43,309,6,In Progress
Delaware,Darby Twp,5,8,163,308,13,In Progress
Lehigh,Macungie,7,16,187,308,2,In Progress
Mercer,Pine Twp,16,50,17,306,13,In Progress
Berks,Brecknock Twp,6,13,99,306,10,In Progress
Berks,Douglass Twp,4,24,128,305,13,In Progress
Chester,Franklin Twp,6,9,13,305,5,In Progress
Allegheny,Aleppo,17,37,44,304,16,In Progress
Chester,Londonderry Twp,6,19,13,304,3,In Progress
Westmoreland,Mt Pleasant Twp,14,39,58,302,6,In Progress
Lancaster,New Holland Boro,11,36,43,302,5,In Progress
Monroe,Ross,7,40,176,301,6,In Progress
Lebanon,Swatara Twp,9,48,102,300,6,In Progress
Montgomery,Red Hill Boro,1,24,131,299,0,In Progress
Union,Lewisburg Boro,15,23,76,298,12,In Progress
Somerset,Conemaugh Twp,14,32,69,298,8,In Progress
Luzerne,Jackson Twp,8,20,120,298,3,In Progress
Carbon,Palmerton Boro,7,29,122,298,2,In Progress
Bucks,Haycock Twp,1,16,145,298,0,In Progress
Carbon,Lehighton Boro,7,29,122,297,0,In Progress
Carbon,Mahoning Twp,7,29,122,294,2,In Progress
Washington,Township Of Carroll,14,46,48,293,13,In Progress
Luzerne,West Wyoming Boro,8,20,120,293,4,In Progress
Chester,Wallace Twp,6,44,155,293,3,In Progress
Allegheny,N Braddock,12,45,34,293,3,In Progress
Berks,Cumru Twp,6,11,99,292,10,In Progress
Northampton,Lower Saucon Twsp,7,18,136,290,6,In Progress
Franklin,Quincy Twp,13,33,90,289,5,In Progress
Allegheny,Duquesne,12,45,35,289,5,In Progress
Allegheny,Turtle Creek,12,45,25,288,10,In Progress
Indiana,Center,14,41,62,288,4,In Progress
Mifflin,Lewistown Boro,13,30,171,287,68,In Progress
Delaware,Sharon Hill Boro,5,8,162,287,15,In Progress
Schuylkill,Pine Grove Twp,9,29,107,285,12,In Progress
Berks,Lower Alsace Twp,6,11,126,285,9,In Progress
Lehigh,Lynn,7,16,187,285,6,In Progress
Bucks,Telford Boro,1,16,145,285,0,In Progress
Union,Kelly Twsp,15,23,76,284,19,In Progress
Berks,Rockland Twp,4,24,130,284,10,In Progress
Jefferson,Punxsutawney Boro,15,41,66,284,6,In Progress
Mercer,Sharpsville,16,50,7,283,3,In Progress
Luzerne,Plymouth Boro,8,20,119,282,8,In Progress
Erie,Girard Boro,16,49,4,282,1,In Progress
Clearfield,Clearfield Boro,15,35,73,281,14,In Progress
Luzerne,Wilkes-Barre Twp,8,22,121,281,3,In Progress
Chester,Oxford Boro,6,19,13,281,2,In Progress
Schuylkill,West Brunswick Twp,9,29,124,280,12,In Progress
Luzerne,Avoca Boro,8,22,118,280,5,In Progress
Montgomery,Upper Merion Twp,4,17,149,280,3,In Progress
Montgomery,North Wales Boro,4,24,61,280,0,In Progress
Mercer,Grove City,16,50,17,279,5,In Progress
Northumberland,Sunbury City,9,27,108,279,4,In Progress
Bradford,Sayre Boro,9,23,110,279,4,In Progress
Butler,Forward Twp,16,47,8,279,1,In Progress
Montgomery,Bridgeport Boro,5,17,149,279,0,In Progress
Delaware,Prospect Park Boro,5,26,162,278,19,In Progress
Monroe,Paradise,8,40,115,278,15,In Progress
Berks,Oley Twp,4,11,130,278,14,In Progress
Berks,Cumru Twp,6,11,127,278,13,In Progress
Union,Buffalo Twsp,15,23,76,277,14,In Progress
Luzerne,Dupont Boro,8,22,118,277,5,In Progress
Luzerne,Dallas Boro,9,20,117,277,3,In Progress
Allegheny,Mckees Rocks,17,42,45,277,2,In Progress
York,Shrewsbury Boro,11,28,93,276,16,In Progress
Berks,Centre Twp,9,48,5,276,14,In Progress
Adams,Carroll Valley,13,33,91,276,10,In Progress
Luzerne,Harveys Lake Boro,8,20,117,275,1,In Progress
Luzerne,Luzerne Boro,8,20,120,275,1,In Progress
Bucks,New Britain Boro,1,10,29,275,0,In Progress
Berks,Maxatawny Twp,4,11,124,274,7,In Progress
Northampton,Lower Mt Bethel,7,18,138,274,3,In Progress
Lackawanna,Springbrook,8,40,113,273,0,In Progress
York,Chanceford Twp,11,28,94,270,10,In Progress
Luzerne,Bear Creek Twp,8,29,121,270,7,In Progress
Erie,Corry,16,21,4,270,3,In Progress
Delaware,Clifton Heights Boro,5,26,163,268,24,In Progress
Tioga,Charleston Twp,15,23,68,268,2,In Progress
Mifflin,Brown Twp,13,30,171,268,1,In Progress
Erie,Law. Park Twp.,16,49,1,267,8,In Progress
Northampton,Wind Gap Boro,7,18,138,267,2,In Progress
Beaver,Franklin Twp,17,47,14,266,15,In Progress
Lycoming,South Williamsport,15,23,83,266,3,In Progress
Adams,Germany Twp,13,33,91,266,2,In Progress
Allegheny,Ingram,17,42,27,265,3,In Progress
Erie,Edinboro,16,49,4,265,2,In Progress
Westmoreland,Mt Pleasant Boro,14,39,58,263,7,In Progress
Berks,Alsace Twp,4,11,130,262,11,In Progress
Northampton,Bangor Boro,7,18,138,261,3,In Progress
Northumberland,Ralpho Twp,9,27,107,261,3,In Progress
Lehigh,Heidelberg,7,16,187,261,1,In Progress
Westmoreland,Irwin,12,39,56,260,15,In Progress
Monroe,Mount Pocono Boro,8,40,115,260,10,In Progress
Lackawanna,Newton,8,22,118,260,0,In Progress
Adams,Union Twp,13,33,91,259,11,In Progress
Allegheny,Glassport,12,45,38,259,11,In Progress
Chester,Sadsbury Twp,6,44,74,259,4,In Progress
Washington,Township Of Mt. Pleasant,14,46,46,257,6,In Progress
Montgomery,Pennsburg Boro,1,24,131,256,4,In Progress
Crawford,West Mead Twp 1,16,50,6,256,2,In Progress
Schuylkill,Tamaqua Boro,9,29,124,255,10,In Progress
Delaware,Morton Boro,5,26,165,255,7,In Progress
Adams,Menallen Twp,13,33,193,255,7,In Progress
Montgomery,Salford Twp,1,12,131,255,0,In Progress
Crawford,Meadville City 1-2,16,50,6,254,1,In Progress
Mifflin,Granville Twp,13,30,171,253,0,In Progress
Delaware,Folcroft Boro,5,8,162,252,22,In Progress
Dauphin,Londonderry Twp,10,15,106,252,11,In Progress
Schuylkill,West Penn Twp,9,29,124,252,9,In Progress
Butler,Winfield Twp,16,21,11,251,7,In Progress
Luzerne,Salem Twp,9,27,117,249,9,In Progress
Allegheny,Aspinwall,17,38,33,249,8,In Progress
Crawford,Hayfield Twp,16,50,6,249,1,In Progress
Berks,Sinking Spring Boro,6,11,129,248,11,In Progress
Schuylkill,North Manheim Twp,9,29,123,248,10,In Progress
Schuylkill,Rush Twp,9,29,124,247,17,In Progress
Berks,Hamburg Boro,9,48,124,247,10,In Progress
Blair,North Woodbury,13,30,80,245,11,In Progress
Snyder,Selinsgrove Boro,15,27,85,245,5,In Progress
Lancaster,East Petersburg Boro,11,36,96,244,3,In Progress
Lawrence,North Beaver Twp,16,50,9,243,1,In Progress
Chester,Kennett Square Boro,6,9,158,242,6,In Progress
Bedford,Bedford Boro,13,32,78,242,6,In Progress
Philadelphia,Mn01,3,7,200,242,2,In Progress
Lebanon,Annville Twp,9,48,102,241,14,In Progress
Northumberland,Coal Twp,9,27,107,241,4,In Progress
Luzerne,Newport Twp,8,20,119,239,5,In Progress
Northampton,North Catasauqua,7,14,183,239,3,In Progress
Philadelphia,Mn01,3,7,198,239,2,In Progress
Berks,West Reading Boro,6,11,129,237,18,In Progress
Washington,Boro Of Donora,14,46,48,237,11,In Progress
Adams,Butler Twp,13,33,193,237,8,In Progress
Allegheny,Springdal Br,17,38,33,237,7,In Progress
Lebanon,Bethel Twp,9,48,102,237,5,In Progress
Crawford,Sadsbury Twp,16,50,6,237,3,In Progress
Adams,Latimore Twp,13,33,193,237,2,In Progress
Butler,Seven Fields Boro,16,47,12,236,9,In Progress
Crawford,Vernon Twp 2,16,50,6,236,2,In Progress
Montgomery,Hatfield Boro,1,12,53,236,2,In Progress
Carbon,Franklin Twp,7,29,122,236,1,In Progress
Berks,Birdsboro Boro,6,44,128,235,4,In Progress
Lancaster,Cocalico West Twp,11,48,99,235,1,In Progress
Dauphin,Steelton,10,15,104,234,19,In Progress
Berks,Kutztown Boro,4,11,124,234,13,In Progress
Lancaster,Martic Twp,11,13,100,234,0,In Progress
Beaver,Harmony Twp,17,47,16,232,15,In Progress
Montour,Danville Boro,9,27,108,232,2,In Progress
Westmoreland,Delmont,14,39,55,230,13,In Progress
Schuylkill,South Manheim Twp,9,29,124,230,6,In Progress
Allegheny,Millvale,17,42,21,230,4,In Progress
Washington,City Of Monongahela,14,46,39,229,5,In Progress
Lancaster,Earl East Twp,11,13,99,229,4,In Progress
Luzerne,Exeter Twp,8,20,120,228,4,In Progress
Bucks,Tullytown Boro,1,10,140,227,0,In Progress
Montgomery,West Pottsgrove Twp,4,24,146,227,0,In Progress
Franklin,Greencastle Boro,13,33,90,226,3,In Progress
Lackawanna,Roaring Brook,8,40,113,226,0,In Progress
Berks,Caernarvon Twp,6,13,128,225,14,In Progress
York,Monaghan Twp,10,31,92,225,13,In Progress
Mercer,Farrell,16,50,7,225,6,In Progress
Mercer,Shenango,16,50,7,225,4,In Progress
Indiana,Blairsville,14,41,62,225,2,In Progress
Lancaster,Elizabeth Twp,11,36,37,225,0,In Progress
Washington,Township Of Amwell,14,46,48,224,14,In Progress
Lancaster,Strasburg Twp,11,13,100,223,3,In Progress
Lehigh,Lowhill,7,16,183,223,0,In Progress
Westmoreland,South Huntingdon Twp,14,39,58,222,7,In Progress
Lycoming,Muncy Creek Twp,9,23,84,222,5,In Progress
Lehigh,Coopersburg,7,16,131,222,3,In Progress
Lackawanna,Moscow,8,40,113,222,0,In Progress
Lancaster,Manheim Boro,11,36,37,222,0,In Progress
York,Manheim Twp,11,28,169,221,6,In Progress
Washington,Township Of Smith,14,46,15,220,8,In Progress
Northampton,Pen Argyl Boro,7,18,138,220,7,In Progress
Northampton,Bath Boro,7,14,183,220,6,In Progress
Franklin,St. Thomas Twp,13,33,81,220,0,In Progress
Beaver,Daugherty Twp,17,47,14,219,9,In Progress
Juniata,Fermanagh,13,30,86,219,0,In Progress
Allegheny,Tarentum,17,38,33,218,3,In Progress
Beaver,South Beaver Twp,17,47,15,217,8,In Progress
Indiana,Rayne,14,41,66,217,0,In Progress
Beaver,New Brighton Boro,17,47,14,216,11,In Progress
Allegheny,Edgeworth,17,37,44,216,4,In Progress
Lehigh,Coplay,7,14,133,216,2,In Progress
Erie,Springfield Twp,16,49,6,216,1,In Progress
Berks,Greenwich Twp,4,48,124,215,7,In Progress
Chester,E Nantmeal Twp,6,44,26,215,4,In Progress
Clarion,Clarion Boro,15,21,63,215,1,In Progress
Dauphin,Upper Paxton Twp,10,34,125,214,15,In Progress
Berks,Lower Heidelberg Twp,9,48,5,214,9,In Progress
Franklin,Montgomery Twp,13,33,90,214,3,In Progress
Erie,North East Boro,16,49,4,214,3,In Progress
Mifflin,Union Twp,13,30,171,213,1,In Progress
Lancaster,Conestoga Twp,11,13,97,213,1,In Progress
York,Red Lion Boro,11,28,94,212,13,In Progress
Butler,Slippery Rock Twp,16,21,17,212,8,In Progress
Lehigh,Slatington,7,16,183,212,4,In Progress
Chester,S Coventry Twp,6,44,26,212,4,In Progress
Lycoming,Montoursville Boro,9,23,84,212,2,In Progress
Lancaster,Mountville Boro,11,36,41,211,4,In Progress
Butler,Summit Twp,16,21,11,211,2,In Progress
Lebanon,Millcreek Twp,9,48,102,210,10,In Progress
Delaware,Darby Twp,5,8,162,210,8,In Progress
Lebanon,West Cornwall Twp,9,48,101,210,8,In Progress
Erie,Waterford Twp.,16,49,4,210,0,In Progress
Tioga,Wellsboro Boro,15,23,68,209,2,In Progress
Lackawanna,Madison,8,40,113,209,0,In Progress
Berks,Mohnton Boro,6,11,99,208,13,In Progress
Lehigh,Allentown,7,16,134,208,4,In Progress
Jefferson,Brookville Boro,15,25,66,208,3,In Progress
Westmoreland,Trafford,12,39,56,207,14,In Progress
Luzerne,Ross Twp,9,20,117,207,2,In Progress
Berks,Tilden Twp,9,48,124,206,12,In Progress
Berks,Fleetwood Boro,4,11,130,206,8,In Progress
Allegheny,Port Vue,12,45,35,206,4,In Progress
Lancaster,Akron Boro,11,36,43,206,0,In Progress
Berks,Richmond Twp,4,11,130,205,5,In Progress
Cumberland,Shippensburg Boro,13,34,193,205,3,In Progress
Montgomery,East Greenville Boro,1,24,131,204,1,In Progress
York,Codorus Twp,11,28,169,203,12,In Progress
Adams,Hamilton Twp,13,33,193,203,4,In Progress
Bedford,West Providence Twp,13,32,78,203,3,In Progress
Mercer,Greenville,16,50,7,202,3,In Progress
Lawrence,Pulaski Twp,16,50,9,201,4,In Progress
Westmoreland,Arnold,14,41,55,200,16,In Progress
Dauphin,Conewago Twp,10,15,106,200,12,In Progress
Elk,Fox Twp,15,25,75,200,3,In Progress
Indiana,Burrell,14,41,62,200,0,In Progress
Schuylkill,Butler Twp,9,29,123,199,12,In Progress
Allegheny,Cheswick,17,38,33,199,3,In Progress
Montgomery,Rockledge Boro,4,4,153,199,0,In Progress
Allegheny,Crescent,17,37,44,197,9,In Progress
Berks,Boyertown Boro,4,24,130,197,8,In Progress
Allegheny,Etna,17,38,21,197,2,In Progress
Clinton,Pine Creek Twp,15,25,76,197,0,In Progress
York,Paradise Twp,11,28,196,196,8,In Progress
Allegheny,Forward,12,45,39,196,6,In Progress
Mercer,West Salem,16,50,7,196,6,In Progress
Allegheny,Emsworth,17,42,30,196,6,In Progress
Bedford,St. Clair Twp East,13,32,78,196,3,In Progress
Somerset,Jenner Twp,14,32,69,196,0,In Progress
Northumberland,Milton Boro,9,27,108,195,3,In Progress
Monroe,Eldred,7,40,176,194,8,In Progress
Westmoreland,Vandergrift,14,41,60,194,7,In Progress
Schuylkill,Orwigsburg Boro,9,29,124,194,5,In Progress
Lancaster,Salisbury Twp,11,13,100,194,1,In Progress
Chester,Spring City Boro,6,44,26,193,6,In Progress
Greene,Jefferson Twp,14,46,50,193,4,In Progress
Luzerne,Laflin Boro,8,22,118,193,2,In Progress
Cumberland,Wormleysburg Boro,10,34,103,193,1,In Progress
Indiana,Armstrong,14,41,62,193,1,In Progress
Crawford,Meadville City 2-3,16,50,6,191,2,In Progress
Wayne,Berlin Twp.,8,20,111,191,0,In Progress
Berks,Windsor Twp,9,48,124,190,6,In Progress
Mercer,Hempfield,16,50,7,190,4,In Progress
Bucks,Dublin Boro,1,16,143,190,0,In Progress
Washington,Twp. Of South Franklin,14,46,48,189,5,In Progress
Beaver,Ohioville Boro,17,47,15,189,4,In Progress
Montgomery,Telford Boro,1,12,53,189,2,In Progress
Luzerne,Dorrance Twp,9,27,117,189,1,In Progress
Lackawanna,Waverly,8,22,114,189,0,In Progress
York,North Hopewell Twp,11,28,93,188,3,In Progress
Carbon,Nesquehoning Boro,7,29,122,188,2,In Progress
Schuylkill,Minersville Boro,9,29,123,187,10,In Progress
Berks,Laureldale Boro,4,11,126,187,4,In Progress
Lycoming,Fairfield Twp,9,23,84,187,0,In Progress
Lackawanna,Clarks Green,8,22,114,187,0,In Progress
Allegheny,Ben Avon,17,42,30,187,0,In Progress
Clinton,Woodward Twp,15,25,76,187,0,In Progress
Butler,Franklin Twp,16,21,8,187,0,In Progress
Washington,Boro Of Centerville,14,46,50,186,3,In Progress
Chester,Warwick Twp,6,44,26,186,1,In Progress
Westmoreland,Youngwood,14,39,57,185,14,In Progress
Schuylkill,Schuylkill Haven Boro,9,29,123,185,9,In Progress
Northumberland,Mount Carmel Boro,9,27,107,185,3,In Progress
Elk,Ridgway Boro,15,25,75,185,3,In Progress
Allegheny,Springdal Tp,17,38,33,185,1,In Progress
Susquehanna,Bridgewater Twp,9,20,111,184,18,In Progress
Blair,Tyrone Boro,13,30,80,184,13,In Progress
Dauphin,Halifax Twp,10,34,125,184,4,In Progress
Somerset,Windber Boro,14,32,71,184,0,In Progress
Wayne,Lehigh Twp.,8,40,139,184,0,In Progress
Allegheny,Sharpsburg,17,38,33,183,7,In Progress
Westmoreland,S Greensburg,14,39,57,183,6,In Progress
Allegheny,Braddock Hl,17,43,34,183,5,In Progress
Lycoming,Wolf Twp,9,23,84,182,3,In Progress
Washington,Boro Of California,14,46,50,181,11,In Progress
Butler,Clinton Twp,16,21,11,181,4,In Progress
Carbon,Lower Towamensing Twp.,7,29,122,181,1,In Progress
Northumberland,Point Twp,9,27,108,181,1,In Progress
Wayne,Texas Twp.,8,40,111,181,0,In Progress
Union,White Deer Twsp,15,23,83,180,8,In Progress
Delaware,Chester Twp,5,9,161,180,4,In Progress
Carbon,Lansford Boro,7,29,122,180,3,In Progress
Crawford,Meadville City 2-2,16,50,6,180,1,In Progress
Tioga,Delmar Twp,15,23,68,180,1,In Progress
Beaver,Hanover Twp,17,46,15,179,6,In Progress
Allegheny,Baldwin Tp,17,45,42,178,5,In Progress
Berks,Hereford Twp,4,24,130,178,4,In Progress
Bucks,Langhorne Boro,1,6,142,178,1,In Progress
Lancaster,Denver Boro,11,48,99,178,1,In Progress
Dauphin,Lower Swatara Twp,10,15,104,177,8,In Progress
Beaver,Raccoon Twp,17,47,15,177,7,In Progress
Blair,Taylor Twp,13,30,80,177,7,In Progress
Luzerne,Foster Twp,8,29,117,177,6,In Progress
Allegheny,Bell Acres,17,37,44,177,5,In Progress
Luzerne,Ashley Boro,8,20,119,177,2,In Progress
Luzerne,Conyngham Boro,9,27,117,177,1,In Progress
Allegheny,Homestead,12,45,35,176,5,In Progress
Lancaster,Drumore East Twp,11,13,100,176,0,In Progress
Beaver,Rochester Twp,17,47,16,175,4,In Progress
Montour,Valley Twp,9,27,108,174,5,In Progress
Westmoreland,Ligonier,14,41,59,174,4,In Progress
Crawford,South Shenango Twp,16,50,6,174,2,In Progress
Bedford,Napier Twp,13,32,78,174,2,In Progress
Berks,Womelsdorf Boro,9,48,5,173,2,In Progress
Luzerne,Freeland Boro,8,29,117,173,1,In Progress
Union,Mifflinburg Boro,15,23,76,172,6,In Progress
Berks,Ontelaunee Twp,4,48,5,171,7,In Progress
Carbon,East Penn Twp,7,29,122,171,1,In Progress
Chester,Lower Oxford Twnship,6,19,13,170,9,In Progress
Lehigh,Alburtis,7,16,187,170,2,In Progress
Lackawanna,Jermyn,8,40,112,170,0,In Progress
Crawford,Vernon Twp 3,16,50,6,170,0,In Progress
Schuylkill,Frackville Boro,9,29,123,169,10,In Progress
Adams,Berwick Twp,13,33,193,169,7,In Progress
Berks,Jefferson Twp,9,48,5,169,2,In Progress
Mercer,S Pymatuning,16,50,7,169,2,In Progress
Delaware,Rose Valley Boro,5,9,161,168,15,In Progress
Washington,Boro Of Bentleyville,14,46,50,168,13,In Progress
York,Peach Bottom Twp,11,28,94,168,12,In Progress
Dauphin,Millersburg,10,34,125,168,12,In Progress
Schuylkill,Washington Twp,9,29,107,168,3,In Progress
Carbon,Summit Hill Boro,7,29,122,168,1,In Progress
Lawrence,Slippery Rock Twp,16,50,8,168,0,In Progress
Crawford,West Mead Twp 2,16,50,6,168,0,In Progress
Allegheny,Brackenridge,17,38,33,167,8,In Progress
Bucks,Penndel Boro,1,6,142,167,1,In Progress
Allegheny,W Homestead,12,45,35,166,4,In Progress
Bedford,Snake Spring Twp,13,32,78,166,3,In Progress
Washington,Township Of Somerset,14,46,48,165,6,In Progress
Luzerne,West Hazleton Boro,8,29,116,165,5,In Progress
Pike,Milford Twp,8,20,139,165,1,In Progress
York,Heidelberg Twp,11,28,196,164,11,In Progress
Luzerne,Plymouth Twp,8,20,119,164,5,In Progress
Erie,Wesleyville Boro,16,49,2,164,0,In Progress
York,Dillsburg Boro,10,31,92,163,13,In Progress
York,Dallastown Boro,11,28,93,163,8,In Progress
Clinton,Lamar Twp,15,25,76,163,2,In Progress
Erie,Venango Twp,16,49,4,163,0,In Progress
Lackawanna,Benton,8,22,114,163,0,In Progress
Westmoreland,West Newton,14,39,58,162,9,In Progress
Berks,Marion Twp,9,48,5,162,8,In Progress
Lancaster,Leacock Twp,11,13,43,162,4,In Progress
Luzerne,Black Creek Twp,9,27,117,162,4,In Progress
Berks,Penn Twp,9,48,5,162,3,In Progress
Cumberland,Penn Twp,10,34,193,162,0,In Progress
Columbia,Briarcreek Twp,9,27,109,162,0,In Progress
Lancaster,Strasburg Boro,11,13,100,161,2,In Progress
York,Washington Twp,10,31,92,160,6,In Progress
Chester,Parkesburg Boro,6,44,74,160,6,In Progress
Franklin,Peters Twp,13,33,90,160,2,In Progress
Allegheny,Mt Oliver,12,43,36,160,0,In Progress
Crawford,Titusville City 1,16,50,64,159,2,In Progress
Lancaster,Caernarvon Twp,11,13,99,159,1,In Progress
Allegheny,Fawn,17,38,33,158,5,In Progress
York,Manchester Boro,10,31,47,158,3,In Progress
Lackawanna,Covington,8,40,113,158,0,In Progress
Mercer,Coolspring,16,50,17,158,0,In Progress
Lebanon,East Hanover Twp,9,48,102,157,2,In Progress
Wayne,Clinton Twp.,8,20,111,157,0,In Progress
Clearfield,Pike Twp,15,35,75,156,6,In Progress
Wayne,Mount Pleasant Twp.,8,20,111,156,0,In Progress
Westmoreland,Upper Burrell Twp,14,41,55,155,8,In Progress
Beaver,Rochester Boro,17,47,16,155,6,In Progress
Berks,Earl Twp,4,24,130,155,5,In Progress
Allegheny,Verona,17,43,32,155,0,In Progress
Clarion,Clarion Twp,15,21,63,155,0,In Progress
Luzerne,Franklin Twp,8,20,120,154,0,In Progress
Jefferson,Snyder Twp,15,25,66,153,2,In Progress
Butler,Clearfield Twp,16,21,11,153,2,In Progress
Bucks,Durham Twp,1,16,145,153,1,In Progress
Wayne,Cherry Ridge Twp.,8,40,139,153,0,In Progress
Washington,Boro Of Charleroi,14,46,50,152,7,In Progress
Lebanon,Heidelberg Twp,9,48,102,152,6,In Progress
Union,West Buffalo,15,23,76,152,3,In Progress
Allegheny,Bradfordwood,17,37,28,152,3,In Progress
Allegheny,Leet,17,37,44,152,2,In Progress
Beaver,Conway,17,47,16,150,4,In Progress
Elk,Jay Twp,15,25,75,150,3,In Progress
York,Jackson Twp,11,28,196,149,7,In Progress
Westmoreland,Cook Twp,14,39,59,149,7,In Progress
Blair,Snyder Twp,13,30,80,149,6,In Progress
Lehigh,Salisbury,7,14,131,149,5,In Progress
Blair,Freedom Twp,13,30,80,149,5,In Progress
Berks,Bethel Twp,9,48,5,149,5,In Progress
Luzerne,Union Twp,9,20,117,149,2,In Progress
Chester,W Nantmeal Twp,6,44,26,149,1,In Progress
Northampton,Freemansburg,7,18,136,149,1,In Progress
Lycoming,Hepburn Twp,15,23,84,149,0,In Progress
Butler,Slippery Rock Boro,16,21,17,148,1,In Progress
Erie,Lake City Boro,16,49,4,148,0,In Progress
Schuylkill,Saint Clair Boro,9,29,123,147,6,In Progress
Westmoreland,Derry Twp,14,41,55,147,4,In Progress
Beaver,Midland Boro,17,47,15,147,3,In Progress
Chester,Elverson Boro,6,44,26,147,1,In Progress
Chester,W Fallowfield Twnshp,6,19,13,146,2,In Progress
Lackawanna,Mayfield,8,40,112,145,0,In Progress
Susquehanna,Clifford Twp,9,20,111,144,14,In Progress
Berks,Mt Penn Boro,6,11,126,144,9,In Progress
Allegheny,Liberty,12,45,35,144,2,In Progress
Lawrence,Wilmington Twp,16,50,9,144,1,In Progress
Indiana,Green,14,41,66,144,0,In Progress
Juniata,Fayette,13,30,85,144,0,In Progress
Adams,Mcsherrystown,13,33,91,143,13,In Progress
Northumberland,Shamokin City,9,27,107,143,5,In Progress
Luzerne,Hughestown Boro,8,22,118,143,3,In Progress
Bradford,Athens Boro,9,23,110,143,1,In Progress
Beaver,Patterson Twp,17,47,14,142,15,In Progress
Wayne,Dyberry Twp.,8,20,111,142,0,In Progress
Schuylkill,Norwegian Twp,9,29,123,141,4,In Progress
Montgomery,West Conshohocken Boro,4,17,149,141,2,In Progress
Lancaster,Quarryville Boro,11,13,100,141,0,In Progress
York,West York Boro,10,31,95,140,14,In Progress
Westmoreland,Bell Twp,14,41,55,140,6,In Progress
Lawrence,Perry Twp,16,47,8,140,0,In Progress
Delaware,Tinicum Twp,5,8,185,139,6,In Progress
Butler,Mars Boro,16,47,12,139,4,In Progress
Erie,Elk Creek Twp,16,49,6,139,0,In Progress
York,East Hopewell Twp,11,28,93,138,6,In Progress
Northampton,Walnutport Boro,7,14,183,138,3,In Progress
Lancaster,Marietta Boro,11,36,98,138,2,In Progress
Crawford,Woodcock Twp,16,50,65,138,1,In Progress
Lackawanna,Greenfield,8,22,114,138,0,In Progress
Cameron,Shippen Twp,15,25,67,137,2,In Progress
Mifflin,Armagh Twp,13,30,171,137,0,In Progress
Lancaster,Conoy Twp,11,36,98,137,0,In Progress
Clearfield,Curwensville Boro,15,35,75,135,10,In Progress
Lebanon,Union Twp,9,48,102,135,6,In Progress
Chester,W Sadsbury Twp,6,44,74,135,5,In Progress
Adams,Hamiltonban Twp,13,33,91,135,5,In Progress
Berks,Kenhorst Boro,6,11,127,135,3,In Progress
Dauphin,Penbrook Boro,10,15,105,134,17,In Progress
Allegheny,West Mifflin,12,45,35,134,3,In Progress
Columbia,Hemlock Twp,9,27,109,134,2,In Progress
Lancaster,Little Britain Twp,11,13,100,134,2,In Progress
Lancaster,Paradise Twp,11,13,100,134,1,In Progress
Northumberland,Northumberland Boro,9,27,108,134,1,In Progress
Northumberland,Mount Carmel Twp,9,27,107,134,0,In Progress
Wayne,South Canaan Twp.,8,40,139,134,0,In Progress
Greene,Waynesburg Boro,14,46,50,133,2,In Progress
Lebanon,North Annville Twp,9,48,102,133,1,In Progress
Pike,Milford Boro,8,20,139,133,0,In Progress
Schuylkill,West Mahanoy Twp,9,29,123,132,12,In Progress
Luzerne,Hunlock Twp,9,20,117,132,0,In Progress
Allegheny,E Mckeesport,12,45,25,131,5,In Progress
Columbia,Mifflin Twp,9,27,109,131,1,In Progress
Luzerne,Lake Twp,9,20,117,131,0,In Progress
Lycoming,Jersey Shore Boro,15,23,84,131,0,In Progress
Westmoreland,New Stanton,14,39,57,130,6,In Progress
Northumberland,Delaware Twp,9,27,108,130,2,In Progress
Somerset,Shade Twp,14,32,69,130,2,In Progress
Lackawanna,Fell Twp,8,40,112,130,0,In Progress
Schuylkill,Hegins Twp,9,29,107,129,11,In Progress
Delaware,Parkside Boro,5,9,159,129,5,In Progress
Bucks,Bridgeton Twp,1,16,145,129,0,In Progress
Wyoming,Eaton Twp,9,20,110,129,0,In Progress
Tioga,Richmond Twp,15,23,68,128,4,In Progress
Crawford,North Shenango Twp,16,50,6,128,4,In Progress
Pike,Matamoras Boro,8,20,139,128,1,In Progress
Somerset,Paint Twp,14,32,71,128,1,In Progress
Lackawanna,Glenburn,8,22,118,128,0,In Progress
Indiana,Conemaugh,14,41,62,128,0,In Progress
Butler,Oakland Twp,16,21,11,127,4,In Progress
Mercer,Pymatuning,16,50,7,127,2,In Progress
Lawrence,Scott Twp,16,50,8,127,0,In Progress
Beaver,Greene Twp,17,47,15,126,4,In Progress
Columbia,North Centre,9,27,109,126,0,In Progress
Allegheny,Dravosburg,12,45,38,125,6,In Progress
Elk,Ridgway Twp,15,25,75,125,3,In Progress
Northumberland,Riverside Boro,9,27,108,125,3,In Progress
Allegheny,Pitcairn,12,45,25,125,2,In Progress
Westmoreland,North Belle Vernon,14,39,58,124,4,In Progress
Lawrence,Mahoning Twp,16,50,9,124,2,In Progress
Dauphin,Highspire,10,15,104,123,10,In Progress
Carbon,Kidder Twp,7,29,122,123,3,In Progress
Lackawanna,Clifton,8,40,113,123,0,In Progress
Allegheny,Oakdale,17,37,46,122,3,In Progress
Northampton,Roseto Boro,7,18,138,122,2,In Progress
Clarion,Monroe Twp.,15,21,63,122,2,In Progress
Mercer,Delaware,16,50,17,122,2,In Progress
Greene,Morgan Twp,14,46,50,122,1,In Progress
Lawrence,Wayne Twp,16,47,8,122,0,In Progress
Lawrence,New Wilmington Boro,16,50,9,122,0,In Progress
Montour,Liberty Twp,9,27,108,121,5,In Progress
Allegheny,Blawnox,17,38,33,121,2,In Progress
Blair,Martinsburg Boro,13,30,80,120,5,In Progress
Lycoming,Eldred Twp,9,23,84,120,0,In Progress
Indiana,Cherryhill,14,41,62,120,0,In Progress
Erie,Conneaut Twp,16,49,6,120,0,In Progress
Adams,Huntington Twp,13,33,193,119,5,In Progress
Schuylkill,Mahanoy City Boro,9,29,116,119,5,In Progress
Westmoreland,Donegal Twp,14,39,59,119,4,In Progress
Indiana,East Wheatfield,14,41,62,119,1,In Progress
Wyoming,Falls Twp,9,20,110,119,0,In Progress
Snyder,Middlecreek Twp,15,27,85,119,0,In Progress
Mifflin,Decatur Twp,13,30,85,119,0,In Progress
Chester,Newlin Twp,6,19,158,118,2,In Progress
Luzerne,Huntington Twp,9,27,117,118,0,In Progress
Clearfield,Morris Twp.,15,35,73,117,4,In Progress
Lawrence,Hickory Twp,16,50,9,117,3,In Progress
Jefferson,Winslow Twp,15,25,66,117,0,In Progress
Susquehanna,Lenox Twp,9,20,111,116,6,In Progress
York,Fawn Twp,11,28,93,116,6,In Progress
Westmoreland,Fairfield Twp,14,41,59,116,4,In Progress
Butler,Saxonburg Boro,16,21,11,116,3,In Progress
Clarion,Farmington Twp,15,21,63,116,1,In Progress
Erie,Greenfield Twp,16,49,4,116,1,In Progress
Cumberland,Hopewell Twp,13,34,199,116,1,In Progress
Westmoreland,S W Greensburg,14,39,57,115,6,In Progress
Blair,Greenfield Twp,13,30,80,115,6,In Progress
Northumberland,Kulpmont Boro,9,27,107,115,2,In Progress
Butler,Valencia Boro,16,47,12,115,1,In Progress
Jefferson,Young Twp,15,41,66,115,0,In Progress
Washington,Township Of Buffalo,14,46,15,114,6,In Progress
Berks,Heidelberg Twp,9,48,5,114,6,In Progress
Blair,Roaring Spring,13,30,80,114,3,In Progress
York,Spring Grove Boro,11,28,196,114,2,In Progress
Juniata,Milford,13,30,86,114,0,In Progress
Schuylkill,Coaldale Boro,9,29,124,113,3,In Progress
Wayne,Dreher Twp.,8,40,139,113,0,In Progress
Dauphin,Jackson Twp,10,34,125,112,6,In Progress
Luzerne,Newport Twp,9,20,119,112,3,In Progress
Elk,Johnsonburg Boro,15,25,75,112,3,In Progress
Lancaster,Colerain Twp,11,13,100,112,2,In Progress
Berks,Topton Boro,4,24,130,112,1,In Progress
Northumberland,Shamokin Twp,9,27,107,112,1,In Progress
Schuylkill,Branch Twp,9,29,123,111,4,In Progress
Allegheny,Sewickley Ht,17,37,44,111,3,In Progress
Butler,Muddycreek Twp,16,21,8,111,2,In Progress
Franklin,Letterkenny Twp,13,33,81,111,2,In Progress
Crawford,Summit Twp,16,50,6,111,2,In Progress
Mercer,Lackawannock,16,50,7,111,1,In Progress
Clinton,Bald Eagle Twp,15,25,76,111,1,In Progress
Lackawanna,Dalton,8,22,118,111,0,In Progress
Wayne,Sterling Twp.,8,40,139,111,0,In Progress
Snyder,Shamokin Dam Boro,15,27,85,111,0,In Progress
Crawford,Titusville City 3,16,50,64,110,3,In Progress
Luzerne,Butler Twp,9,27,117,110,2,In Progress
Erie,Franklin Twp,16,49,4,110,1,In Progress
Lebanon,Cleona Boro,9,48,102,109,5,In Progress
Washington,Boro Of New Eagle,14,46,39,109,3,In Progress
Crawford,Meadville City 1-1,16,50,6,109,0,In Progress
Indiana,Washington,14,41,62,109,0,In Progress
Schuylkill,East Union Twp,9,29,116,108,9,In Progress
Clearfield,Decatur Twp.,15,35,73,108,8,In Progress
Beaver,Independence Twp,17,46,15,108,5,In Progress
Allegheny,Braddock,12,45,34,108,4,In Progress
Berks,Pike Twp,4,24,130,108,3,In Progress
Washington,Twp. Of North Bethlehem,14,46,50,108,2,In Progress
Northumberland,West Chillisquaque Twp,9,27,108,107,3,In Progress
Cumberland,Shiremanstown Boro,10,31,88,107,0,In Progress
Somerset,Jefferson Twp,14,32,69,106,2,In Progress
Crawford,(Empty),16,50,6,106,1,In Progress
Wyoming,Tunkhannock Boro,9,20,110,106,0,In Progress
Bradford,Ridgebury Twp,9,23,68,106,0,In Progress
Beaver,Big Beaver,17,47,14,105,4,In Progress
Indiana,West Wheatfield,14,41,62,105,2,In Progress
Chester,W Grove Boro,6,9,13,105,2,In Progress
Mercer,Springfield,16,50,17,105,1,In Progress
Washington,Boro Of East Washington,14,46,48,104,5,In Progress
Beaver,Vanport,17,47,15,104,5,In Progress
Clearfield,Cooper Twp.,15,35,73,104,3,In Progress
Somerset,Stonycreek Twp,14,32,69,104,3,In Progress
Cumberland,Mt. Holly Springs Boro,10,34,87,104,1,In Progress
Jefferson,Bell Twp,15,41,66,104,1,In Progress
Luzerne,Slocum Twp,9,27,117,104,0,In Progress
Somerset,Conemaugh Twp,13,32,69,104,0,In Progress
Berks,Robesonia Boro,9,48,5,103,6,In Progress
Washington,Township Of Carroll,14,46,39,103,5,In Progress
Cumberland,Shippensburg Twp,13,34,193,103,3,In Progress
Bedford,Hopewell Twp,13,32,78,103,2,In Progress
Chester,W Nottingham,6,19,13,103,1,In Progress
Lehigh,Hanover,7,18,133,103,1,In Progress
Butler,Clay Twp,16,21,8,103,1,In Progress
Indiana,Blacklick,14,41,62,103,0,In Progress
Mercer,Mn023,16,50,17,103,0,In Progress
Bradford,"Towanda Twp, North",9,23,68,103,0,In Progress
Bradford,Towanda Boro,9,23,110,103,0,In Progress
Columbia,Greenwood Twp,9,27,109,103,0,In Progress
Schuylkill,Shenandoah Boro,9,29,116,102,7,In Progress
York,Hallam Boro,11,28,47,102,5,In Progress
Cumberland,Lower Frankford Twp,10,34,199,102,2,In Progress
Greene,Dunkard Twp,14,46,50,102,1,In Progress
Erie,Union Twp,16,49,4,102,1,In Progress
Wyoming,Overfield Twp,9,20,110,102,0,In Progress
Clearfield,Bradford Twp.,15,35,73,101,6,In Progress
Northumberland,Upper Augusta Twp,9,27,108,101,0,In Progress
Butler,Fairview Twp,16,21,17,101,0,In Progress
Montgomery,Schwenksville Boro,4,24,70,101,0,In Progress
Cumberland,Upper Frankford Twp,13,34,199,101,0,In Progress
Susquehanna,Montrose Boro,9,20,111,100,7,In Progress
Schuylkill,Port Carbon Boro,9,29,123,100,7,In Progress
Susquehanna,Silver Lake Twp,9,20,111,100,4,In Progress
Dauphin,Washington Twp,10,34,125,100,2,In Progress
Bedford,St. Clair Twp West,13,32,78,100,0,In Progress
Westmoreland,Derry,14,41,59,99,7,In Progress
Chester,Elk Twp,6,19,13,99,3,In Progress
Washington,Township Of Donegal,14,46,15,99,1,In Progress
Allegheny,Kilbuck,17,37,30,99,1,In Progress
Clearfield,Woodward Twp.,15,35,73,98,10,In Progress
Beaver,Industry Boro,17,47,15,98,9,In Progress
Susquehanna,Auburn Twp,9,20,111,98,9,In Progress
Lebanon,Myerstown Boro,9,48,102,98,4,In Progress
Allegheny,Versailles,12,45,35,98,3,In Progress
Philadelphia,Mn01,5,8,186,98,1,In Progress
Indiana,Homer City,14,41,62,98,0,In Progress
Mercer,Jefferson,16,50,17,98,0,In Progress
Wayne,Palmyra Twp.,8,20,139,98,0,In Progress
Carbon,Weatherly Boro,7,29,122,98,0,In Progress
Allegheny,Frazer,17,38,33,97,3,In Progress
Chester,Upper Oxford Twnship,6,19,13,97,2,In Progress
Berks,Albany Twp,9,48,124,97,1,In Progress
Erie,Union City Boro,16,49,4,97,1,In Progress
Crawford,Cambridge Twp,16,50,65,97,0,In Progress
Lycoming,Woodward Twp,15,23,84,97,0,In Progress
Washington,Township Of Hanover,14,46,15,96,9,In Progress
Schuylkill,East Brunswick Twp,9,29,124,96,8,In Progress
Washington,Boro Of Speers,14,46,50,96,3,In Progress
Crawford,Cussewago Twp,16,50,65,96,0,In Progress
Montgomery,Bryn Athyn Boro,4,12,152,96,0,In Progress
Tioga,Mansfield Boro,15,23,68,95,3,In Progress
Crawford,Bloomfield Twp,16,50,65,95,2,In Progress
Chester,S Coatesville Boro,6,19,74,95,1,In Progress
Schuylkill,Cass Twp,9,29,123,95,1,In Progress
Somerset,Brothersvalley Twp,14,32,69,95,0,In Progress
Cameron,Borough Of Emporium,15,25,67,95,0,In Progress
Clearfield,Boggs Twp,15,35,73,94,6,In Progress
Mercer,E Lackawannock,16,50,17,94,2,In Progress
Clarion,Paint Twp.,15,21,63,94,1,In Progress
Delaware,Lower Chichester Twp,5,9,159,93,11,In Progress
Allegheny,Wilmerding,12,45,25,93,4,In Progress
Bradford,Troy Twp,9,23,68,93,1,In Progress
Washington,Twp. Of West Pike Run,14,46,50,92,11,In Progress
Adams,Tyrone Twp,13,33,193,92,5,In Progress
Schuylkill,Ashland Boro,9,29,123,92,5,In Progress
Luzerne,Conyngham Twp,9,27,117,92,3,In Progress
Lycoming,Muncy Boro,9,23,84,92,1,In Progress
Cumberland,Lower Mifflin Twp,13,34,199,92,0,In Progress
Lackawanna,Ransom,8,22,118,92,0,In Progress
Crawford,Rockdale Twp,16,50,65,92,0,In Progress
Blair,Duncansville Boro,13,30,80,91,5,In Progress
Mercer,Liberty,16,50,17,91,2,In Progress
Jefferson,Brockway Boro,15,25,66,91,1,In Progress
Berks,Tulpehocken Twp,9,48,5,91,1,In Progress
Mifflin,Wayne Twp,13,30,171,91,0,In Progress
Berks,Upper Bern Twp,9,48,124,91,0,In Progress
Westmoreland,Lower Burrell,14,41,55,90,6,In Progress
Crawford,Meadville City 2-1,16,50,6,90,2,In Progress
York,Stewartstown Boro,11,28,93,89,4,In Progress
Blair,Tyrone Twp,13,30,80,89,2,In Progress
Bradford,Canton Twp,9,23,68,89,1,In Progress
Luzerne,Sugar Notch Boro,8,20,119,89,1,In Progress
Jefferson,Reynoldsville Boro,15,25,66,89,1,In Progress
Bradford,Wysox Twp,9,23,110,89,0,In Progress
Butler,Evans City Boro,16,47,12,89,0,In Progress
Delaware,East Lansdowne Boro,5,26,164,88,7,In Progress
Northampton,Tatamy Boro,7,18,137,88,3,In Progress
Lycoming,Hughesville Boro,9,23,84,88,1,In Progress
Union,Union Twsp,15,23,85,88,1,In Progress
Crawford,Meadville City 3-1,16,50,6,88,1,In Progress
Juniata,Walker,13,30,86,88,0,In Progress
Dauphin,Paxtang Boro,10,15,104,87,12,In Progress
Schuylkill,Porter Twp,9,29,107,87,4,In Progress
Somerset,Quemahoning Twp,14,32,69,87,3,In Progress
York,Lower Chanceford Twp,11,28,94,87,2,In Progress
Allegheny,Rankin,12,43,34,87,2,In Progress
Mifflin,Burnham Boro,13,30,85,87,2,In Progress
Clarion,Limestone Twp.,15,21,63,87,2,In Progress
Philadelphia,Mn01,3,7,195,87,1,In Progress
Lawrence,Taylor Twp,16,50,9,87,1,In Progress
Clarion,Elk Twp.,15,21,63,87,0,In Progress
Susquehanna,Springville Twp,9,20,111,86,4,In Progress
Allegheny,East Deer,17,38,33,86,1,In Progress
Crawford,Conneaut Twp,16,50,6,86,1,In Progress
Jefferson,Washington Twp,15,25,66,86,0,In Progress
Wayne,Hawley Boro.,8,20,139,86,0,In Progress
Westmoreland,Loyalhanna Twp,14,41,55,85,5,In Progress
Washington,Twp. Of East Bethlehem,14,46,50,85,2,In Progress
Lycoming,Upper Fairfield Twp,9,23,84,85,1,In Progress
Schuylkill,Pine Grove Boro,9,29,107,84,6,In Progress
Bedford,Kimmel Twp,13,32,78,84,4,In Progress
Washington,Township Of Robinson,14,46,15,84,3,In Progress
Sullivan,Cherry Twp,9,23,84,84,2,In Progress
Chester,Honeybrook Boro,6,44,74,84,1,In Progress
Clinton,Wayne Twp,15,25,76,84,1,In Progress
Wayne,Preston Twp.,8,20,111,84,0,In Progress
Susquehanna,Forest City Boro,9,20,111,83,8,In Progress
Allegheny,E Pittsburgh,12,45,34,83,3,In Progress
Lancaster,Sadsbury Twp,11,13,100,83,1,In Progress
Indiana,Brush Valley,14,41,62,83,1,In Progress
Somerset,Berlin Boro,14,32,69,83,1,In Progress
Mifflin,Oliver Twp,13,30,171,83,0,In Progress
Columbia,Madison Twp,9,27,109,83,0,In Progress
Lycoming,Clinton Twp,9,23,83,83,0,In Progress
Northumberland,Rockefeller Twp,9,27,108,83,0,In Progress
Susquehanna,New Milford Twp,9,20,111,82,7,In Progress
Washington,Boro Of Mcdonald,14,46,46,82,3,In Progress
Berks,St Lawrence Boro,6,11,126,82,3,In Progress
Erie,Leboeuf Twp,16,49,4,82,3,In Progress
Beaver,Pulaski Twp,17,47,14,82,2,In Progress
Dauphin,Lykens Boro,10,34,125,82,1,In Progress
Erie,Wayne Twp.,16,21,4,82,1,In Progress
Wayne,Waymart Boro.,8,40,111,82,0,In Progress
Susquehanna,Herrick Twp,9,20,111,81,6,In Progress
Schuylkill,East Norwegian Twp,9,29,123,81,6,In Progress
Washington,Township Of Hopewell,14,46,15,81,2,In Progress
Luzerne,Fairmount Twp,9,20,117,81,1,In Progress
Columbia,Orange Twp,9,27,109,81,1,In Progress
Erie,Albion,16,49,6,81,0,In Progress
York,Jacobus Boro,11,28,93,80,11,In Progress
Delaware,Upland Boro,5,9,161,80,8,In Progress
Westmoreland,West Leechburg,14,41,60,80,7,In Progress
Beaver,Bridgewater,17,47,14,80,4,In Progress
Schuylkill,Mcadoo Boro,9,29,116,80,4,In Progress
Berks,Upper Tulpehocken Twp,9,48,124,80,3,In Progress
Bedford,Liberty Twp,13,32,78,80,1,In Progress
Berks,North Heidelberg Twp,9,48,5,80,1,In Progress
Beaver,White Twp,17,47,14,80,1,In Progress
Crawford,Wayne Twp,16,50,6,80,1,In Progress
Wyoming,Clinton Twp,9,20,110,80,1,In Progress
York,Glen Rock Boro,11,28,169,79,7,In Progress
Adams,Highland Twp,13,33,91,79,2,In Progress
Columbia,Mt Pleasant Twp,9,27,109,79,0,In Progress
Indiana,Pine,14,41,62,79,0,In Progress
York,Dover Boro,10,31,196,78,4,In Progress
Somerset,Summit Twp,14,32,69,78,3,In Progress
Adams,Liberty Twp,13,33,91,78,2,In Progress
Lancaster,Adamstown Boro,11,48,99,78,1,In Progress
Elk,Jones Twp,15,25,75,78,0,In Progress
Lycoming,Limestone Twp,15,23,84,78,0,In Progress
Columbia,Main Twp,9,27,109,78,0,In Progress
Bucks,Riegelsville Boro,1,16,145,78,0,In Progress
Tioga,Jackson Twp,15,23,68,77,4,In Progress
Bedford,Cumberland Valley Twp,13,32,78,77,2,In Progress
Indiana,Montgomery,15,41,66,77,1,In Progress
Clearfield,Beccaria Twp.,15,35,73,77,1,In Progress
Butler,Worth Twp,16,21,8,77,1,In Progress
Butler,Harmony Boro,16,47,12,77,0,In Progress
Columbia,Montour Twp,9,27,109,77,0,In Progress
Lackawanna,Elmhurst,8,40,113,77,0,In Progress
Columbia,Fishingcreek Twp,9,27,109,77,0,In Progress
York,Wrightsville Boro,11,28,47,76,9,In Progress
Butler,Donegal Twp,16,21,11,76,5,In Progress
Schuylkill,Ryan Twp,9,29,124,76,3,In Progress
Washington,Township Of Independence,14,46,15,76,2,In Progress
Beaver,Darlington Twp,17,47,14,76,1,In Progress
Wyoming,Northmoreland Twp,9,20,110,76,0,In Progress
Butler,Concord Twp,16,21,17,76,0,In Progress
Clearfield,Brady Twp,15,35,75,75,3,In Progress
Delaware,Colwyn Boro,5,8,185,75,2,In Progress
Snyder,Washington Twp,15,27,85,75,0,In Progress
Bucks,Langhorne Manor Boro,1,6,142,75,0,In Progress
Lawrence,New Beaver Boro,16,47,8,75,0,In Progress
Lancaster,Drumore Twp,11,13,100,75,0,In Progress
Centre,State College Boro.,15,25,82,74,1069,
Susquehanna,Dimock Twp,9,20,111,74,6,In Progress
Bradford,Smithfield Twp,9,23,68,74,1,In Progress
Cumberland,North Newton Twp,10,34,199,74,0,In Progress
Wyoming,Lemon Twp,9,20,110,74,0,In Progress
Schuylkill,Tremont Boro,9,29,107,73,4,In Progress
Luzerne,White Haven Boro,8,29,117,73,1,In Progress
Clarion,Washington Twp.,15,21,63,73,0,In Progress
Susquehanna,Harford Twp,9,20,111,72,6,In Progress
Susquehanna,Great Bend Twp,9,20,111,72,5,In Progress
Adams,New Oxford,13,33,193,72,5,In Progress
Lebanon,Jonestown Boro,9,48,102,72,4,In Progress
Columbia,Locust Twp,9,27,109,72,2,In Progress
Allegheny,Neville,17,42,45,72,1,In Progress
Chester,Highland Twp,6,19,13,72,0,In Progress
Crawford,Richmond Twp,16,50,65,72,0,In Progress
Crawford,Oil Creek Twp,16,50,64,72,0,In Progress
Berks,Perry Twp,4,48,5,71,2,In Progress
Wyoming,Nicholson Twp,9,20,110,71,1,In Progress
Allegheny,Leetsdale,17,37,44,71,1,In Progress
Luzerne,Dennison Twp,8,29,117,71,1,In Progress
Somerset,Meyersdale Boro,14,32,69,71,0,In Progress
Wyoming,Monroe Twp,9,20,110,71,0,In Progress
Snyder,Jackson Twp,15,27,85,71,0,In Progress
Beaver,West Mayfield Boro,17,47,14,70,4,In Progress
Berks,District Twp,4,24,130,70,4,In Progress
Greene,Perry Twp,14,46,50,70,3,In Progress
Allegheny,Heidelberg,17,37,27,70,2,In Progress
Columbia,South Centre,9,27,109,70,1,In Progress
Carbon,Packer Twp,7,29,122,70,1,In Progress
Crawford,Vernon Twp 1,16,50,6,70,0,In Progress
Bedford,Everett Boro,13,32,78,69,3,In Progress
Northampton,West Easton,7,18,136,69,1,In Progress
Mercer,Wilmington,16,50,17,69,1,In Progress
Allegheny,Whitaker,12,45,35,69,1,In Progress
Northumberland,Turbot Twp,9,27,108,69,1,In Progress
Somerset,Milford Twp,14,32,69,69,0,In Progress
Beaver,Freedom Boro,17,47,16,68,4,In Progress
Susquehanna,Susquehanna Boro,9,20,111,68,3,In Progress
Delaware,Eddystone Boro,5,9,159,68,3,In Progress
Allegheny,Sewickley Hl,17,37,44,68,2,In Progress
Columbia,Benton Twp,9,27,109,68,2,In Progress
Mercer,Findley,16,50,17,68,1,In Progress
Bradford,South Waverly Boro,9,23,110,68,1,In Progress
Clinton,Flemington Boro,15,25,76,68,1,In Progress
Clarion,Beaver Twp.,15,21,63,68,0,In Progress
Butler,Connoquenessing Boro,16,21,8,68,0,In Progress
Franklin,Lurgan Twp,13,33,81,68,0,In Progress
Somerset,Lincoln Twp,14,32,69,67,2,In Progress
Crawford,Union Twp,16,50,6,67,1,In Progress
Erie,Amity Twp,16,49,4,67,1,In Progress
Allegheny,Chalfant,12,43,34,67,1,In Progress
Indiana,Clymer,14,41,62,67,0,In Progress
Clinton,Mill Hall Boro,15,25,76,67,0,In Progress
Snyder,Center Twp,15,27,85,67,0,In Progress
Franklin,West-End Shippensburg,13,33,81,67,0,In Progress
Crawford,Cambridge Springs Boro,16,50,65,67,0,In Progress
Clarion,Knox Twp.,15,21,63,67,0,In Progress
Susquehanna,Gibson Twp,9,20,111,66,6,In Progress
Bradford,Sheshequin Twp,9,23,110,66,2,In Progress
Bedford,Londonderry Twp,13,32,78,66,1,In Progress
Cumberland,Newville Boro,10,34,199,66,1,In Progress
Delaware,Rutledge Boro,5,26,162,66,1,In Progress
Crawford,Greenwood Twp,16,50,6,66,0,In Progress
Somerset,Elk Lick Twp,14,32,69,66,0,In Progress
Erie,Waterford Boro,16,49,4,66,0,In Progress
Erie,Concord Twp,16,21,4,65,2,In Progress
Berks,Leesport Boro,4,48,5,65,2,In Progress
Washington,Twp. Of West Bethlehem,14,46,50,65,2,In Progress
Tioga,Elkland Boro,15,23,68,65,1,In Progress
Lycoming,Lycoming Twp,15,23,84,65,0,In Progress
Pike,Porter Twp,8,20,189,65,0,In Progress
Mercer,Jackson,16,50,17,65,0,In Progress
Lawrence,Ellport Boro,16,47,8,65,0,In Progress
York,North York Boro,10,28,95,64,10,In Progress
Dauphin,Wayne Twp,10,34,125,64,6,In Progress
Susquehanna,Jackson Twp,9,20,111,64,4,In Progress
Schuylkill,North Union Twp,9,29,116,64,2,In Progress
Washington,Boro Of Houston,14,46,46,64,1,In Progress
Lackawanna,Carbondale Twp,8,40,112,64,0,In Progress
Crawford,Cochranton Boro,16,50,6,64,0,In Progress
Luzerne,Pringle Boro,8,20,120,63,4,In Progress
Adams,East Berlin,13,33,193,63,3,In Progress
Blair,Woodbury Twp,13,30,80,63,2,In Progress
Clinton,Porter Twp,15,25,76,63,2,In Progress
Bradford,Asylum Twp,9,23,110,63,1,In Progress
Bradford,Towanda Twp,9,23,68,63,1,In Progress
Butler,Brady Twp,16,21,8,63,0,In Progress
Elk,Horton Twp,15,25,75,62,2,In Progress
Adams,Bonneauville,13,33,91,62,2,In Progress
Bradford,Wilmot Twp,9,23,110,62,1,In Progress
Lycoming,Porter Twp,15,23,84,62,1,In Progress
Lackawanna,Thornhurst,8,40,113,62,0,In Progress
Clinton,Dunnstable Twp,15,25,76,62,0,In Progress
Bradford,Wells Twp,9,23,68,62,0,In Progress
Clearfield,Penn Twp,15,35,75,61,3,In Progress
Allegheny,Lincoln,12,45,35,61,2,In Progress
Bradford,Albany Twp,9,23,110,61,1,In Progress
Bucks,Ivyland Boro,1,6,144,61,0,In Progress
Union,Hartley Twsp,15,23,76,60,5,In Progress
Schuylkill,Kline Twp,9,29,116,60,3,In Progress
Westmoreland,St Clair Twp,14,41,59,60,3,In Progress
Tioga,Sullivan Twp,15,23,68,60,2,In Progress
Blair,Bellwood Boro,13,30,80,60,1,In Progress
Washington,Township Of Cross Creek,14,46,15,60,1,In Progress
Luzerne,Yatesville Boro,8,22,118,60,1,In Progress
Somerset,Middlecreek Twp,14,32,69,60,0,In Progress
Wayne,Canaan Twp.,8,40,111,60,0,In Progress
Allegheny,Glen Osborne,17,37,44,60,0,In Progress
Cumberland,North Newton Twp,13,34,199,60,0,In Progress
Lancaster,Eden Twp,11,13,100,60,0,In Progress
Adams,Biglerville,13,33,193,59,9,In Progress
Union,Limestone Twsp,15,23,76,59,3,In Progress
Northumberland,Lower Mahanoy Twp,9,27,107,59,1,In Progress
Adams,Freedom Twp,13,33,91,59,1,In Progress
Franklin,Mercersburg Boro,13,33,90,59,1,In Progress
Butler,Marion Twp,16,21,17,59,1,In Progress
Franklin,Mont Alto Boro,13,33,90,59,1,In Progress
Mercer,Perry,16,50,17,59,0,In Progress
Columbia,Catawissa Twp,9,27,109,59,0,In Progress
Butler,Prospect Boro,16,21,8,59,0,In Progress
Northumberland,Zerbe Twp,9,27,107,59,0,In Progress
Snyder,Perry Twp,15,27,85,59,0,In Progress
Wayne,Lebanon Twp.,8,20,111,59,0,In Progress
Clinton,Castanea Twp,15,25,76,59,0,In Progress
Snyder,Franklin Twp,15,27,85,58,4,In Progress
Clearfield,Gulich Twp,15,35,73,58,3,In Progress
Schuylkill,Mahanoy Twp,9,29,116,58,2,In Progress
Somerset,Indian Lake Boro,14,32,69,58,1,In Progress
Crawford,East Fallowfield Twp,16,50,6,58,0,In Progress
Indiana,South Mahoning,14,41,66,58,0,In Progress
Bucks,Silverdale Boro,1,16,143,58,0,In Progress
Columbia,Catawissa Boro,9,27,109,58,0,In Progress
Indiana,Young,14,41,62,58,0,In Progress
Washington,Boro Of Burgettstown,14,46,15,57,6,In Progress
Delaware,Trainer Boro,5,9,159,57,4,In Progress
York,Loganville Boro,11,28,93,57,3,In Progress
Westmoreland,Avonmore,14,41,55,57,3,In Progress
Allegheny,Elizabeth Br,12,45,39,57,2,In Progress
Bedford,East Providence Twp,13,32,78,57,1,In Progress
Indiana,North Mahoning,15,41,66,57,1,In Progress
Snyder,Union Twp,15,27,85,57,1,In Progress
Greene,Monongahela Twp,14,46,50,57,0,In Progress
Bradford,Wyalusing Twp,9,23,110,57,0,In Progress
Greene,Washington Twp,14,46,50,57,0,In Progress
Tioga,Lawrence Twp,15,23,68,57,0,In Progress
Columbia,Cleveland Twp,9,27,109,57,0,In Progress
Schuylkill,Cressona Boro,9,29,123,56,3,In Progress
Bedford,Woodbury Twp South,13,32,78,56,2,In Progress
Wayne,Manchester Twp.,8,20,111,56,0,In Progress
Cumberland,South Newton Twp,10,34,193,56,0,In Progress
Bradford,Monroe Twp,9,23,68,56,0,In Progress
Clarion,Madison Twp.,15,21,63,56,0,In Progress
York,Mt. Wolf Boro,10,31,47,55,6,In Progress
Lancaster,Fulton Twp,11,13,100,55,5,In Progress
Berks,Perry Twp,9,48,5,55,4,In Progress
Allegheny,Pennsbury Vlg,17,37,45,55,4,In Progress
Lancaster,Salisbury Twp,11,13,99,55,2,In Progress
Indiana,Buffington,14,41,62,55,2,In Progress
Bradford,Tuscarora Twp,9,23,110,55,1,In Progress
Northampton,Stockertown Boro,7,18,138,55,1,In Progress
Lawrence,Bessemer Boro,16,50,9,55,0,In Progress
Lackawanna,North Abington,8,22,114,55,0,In Progress
Clearfield,Bigler Twp,15,35,73,54,6,In Progress
Washington,Township Of Jefferson,14,46,15,54,0,In Progress
Luzerne,Courtdale Boro,8,20,120,54,0,In Progress
Bradford,Canton Boro,9,23,68,54,0,In Progress
Luzerne,Nescopeck Boro,9,27,117,54,0,In Progress
Washington,Boro Of North Charleroi,14,46,50,53,3,In Progress
Northumberland,Watsontown Boro,9,27,108,53,2,In Progress
Schuylkill,Union Twp,9,29,116,53,2,In Progress
Tioga,Middlebury Twp,15,23,68,53,1,In Progress
Northampton,East Bangor,7,18,138,53,1,In Progress
Crawford,East Mead Twp,16,50,6,53,1,In Progress
Butler,Cherry Twp,16,21,17,53,1,In Progress
Susquehanna,Franklin Twp,9,20,111,53,0,In Progress
Crawford,Venango Twp,16,50,65,53,0,In Progress
Lebanon,West Lebanon Twp,9,48,101,53,0,In Progress
Wayne,Oregon Twp.,8,20,111,53,0,In Progress
Montour,Cooper Twp,9,27,108,53,0,In Progress
Luzerne,Hollenback Twp,9,27,117,53,0,In Progress
Bucks,Hulmeville Boro,1,6,18,53,0,In Progress
Somerset,Paint Boro,14,32,71,52,5,In Progress
Clearfield,Huston Twp,15,35,75,52,4,In Progress
Delaware,Marcus Hook Boro,5,9,159,52,3,In Progress
Cumberland,Upper Mifflin Twp,13,34,199,52,0,In Progress
Clearfield,Union Twp,15,35,75,52,0,In Progress
Sullivan,Laporte Twp,9,23,84,52,0,In Progress
Schuylkill,New Philadelphia Boro,9,29,123,51,3,In Progress
Jefferson,Eldred Twp,15,25,66,51,1,In Progress
Mercer,Sandy Lake Twp,16,50,17,51,0,In Progress
Bucks,Richlandtown Boro,1,16,145,51,0,In Progress
Bradford,Rome Twp,9,23,110,51,0,In Progress
Bucks,Trumbauersville Boro,1,16,145,51,0,In Progress
Wayne,Buckingham Twp.,8,20,111,51,0,In Progress
Beaver,Marion Twp,17,47,14,50,4,In Progress
Crawford,Randolph Twp,16,50,6,50,2,In Progress
Columbia,Pine Twp,9,27,109,50,2,In Progress
Clearfield,Graham Twp,15,35,73,50,2,In Progress
Bedford,Harrison Twp,13,32,78,50,1,In Progress
Montour,Anthony Twp,9,27,108,50,1,In Progress
Bradford,Springfield Twp,9,23,68,50,1,In Progress
Lycoming,Muncy Twp,9,23,84,50,1,In Progress
Crawford,Troy Twp,16,50,64,50,1,In Progress
Lancaster,Bart Twp,11,13,100,50,0,In Progress
Allegheny,Rosslyn Farm,17,37,27,50,0,In Progress
Bradford,South Creek Twp,9,23,68,50,0,In Progress
Bradford,Troy Boro,9,23,68,50,0,In Progress
Tioga,Blossburg Boro,15,23,68,50,0,In Progress
Columbia,Millville Boro,9,27,109,50,0,In Progress
Juniata,Delaware,13,30,86,50,0,In Progress
Tioga,Liberty Twp,15,23,68,50,0,In Progress
Berks,Exeter Twp,4,11,128,49,2,In Progress
Clearfield,Burnside Twp,15,35,73,49,2,In Progress
Schuylkill,Girardville Boro,9,29,123,49,1,In Progress
Lycoming,Washington Twp,15,23,83,49,1,In Progress
Bedford,Colerain Twp,13,32,78,49,1,In Progress
Northumberland,Lewis Twp,9,27,108,49,1,In Progress
Butler,Washington Twp,16,21,17,49,1,In Progress
Indiana,Canoe,15,41,66,49,0,In Progress
Snyder,Middleburg Boro,15,27,85,49,0,In Progress
Indiana,East Mahoning,15,41,66,49,0,In Progress
Clarion,Redbank Twp,15,21,63,49,0,In Progress
Clinton,Beech Creek Twp,15,25,76,49,0,In Progress
Allegheny,Thornburg,17,37,27,48,2,In Progress
Greene,Center Twp,14,46,50,48,2,In Progress
Lebanon,Richland Boro,9,48,102,48,2,In Progress
Schuylkill,Walker Twp,9,29,124,48,1,In Progress
Somerset,Boswell Boro,14,32,69,48,1,In Progress
Westmoreland,Oklahoma,14,41,55,48,1,In Progress
Columbia,Conyngham Twp,9,27,109,48,1,In Progress
Bradford,Orwell Twp,9,23,110,48,0,In Progress
Centre,Ferguson Twp.,15,35,77,47,1924,
Berks,Bally Boro,4,24,130,47,3,In Progress
Beaver,Potter Twp,17,47,15,47,3,In Progress
Schuylkill,Blythe Twp,9,29,123,47,2,In Progress
Beaver,Patterson Heights,17,47,14,47,2,In Progress
Franklin,Fannett Twp,13,33,81,47,1,In Progress
Schuylkill,Schuylkill Twp,9,29,124,47,1,In Progress
Juniata,Monroe,13,30,85,47,0,In Progress
Clinton,Avis Boro,15,25,76,47,0,In Progress
Clarion,Porter Twp,15,21,63,47,0,In Progress
Bradford,Litchfield Twp,9,23,110,47,0,In Progress
Jefferson,Rose Twp,15,25,66,47,0,In Progress
Bedford,Broad Top Twp,13,32,78,46,5,In Progress
Dauphin,Elizabethville Boro,10,34,125,46,4,In Progress
Butler,Mercer Twp,16,21,17,46,2,In Progress
Westmoreland,Export,12,39,55,46,2,In Progress
Jefferson,Henderson Twp,15,41,66,46,1,In Progress
Clinton,Greene Twp,15,25,76,46,0,In Progress
Beaver,East Rochester Boro,17,47,16,46,0,In Progress
Forest,Jenks Twp,15,21,65,46,0,In Progress
Blair,Juniata Twp,13,30,80,45,5,In Progress
Susquehanna,Forest Lake Twp,9,20,111,45,5,In Progress
York,New Salem Boro,11,28,196,45,3,In Progress
Somerset,Addison Twp,14,32,69,45,2,In Progress
Berks,Shoemakersville Boro,9,48,5,45,2,In Progress
Bradford,Terry Twp,9,23,110,45,2,In Progress
Mercer,Greene,16,50,7,45,1,In Progress
Luzerne,Shickshinny Boro,9,27,117,45,0,In Progress
Mercer,Sugar Grove,16,50,17,45,0,In Progress
Franklin,Metal Twp,13,33,81,45,0,In Progress
Bradford,Warren Twp,9,23,110,45,0,In Progress
Lycoming,Cogan House Twp,15,23,84,45,0,In Progress
Susquehanna,Liberty Twp,9,20,111,44,4,In Progress
Susquehanna,Brooklyn Twp,9,20,111,44,3,In Progress
Wyoming,Exeter Twp,9,20,110,44,1,In Progress
Bradford,Granville Twp,9,23,68,44,1,In Progress
Mercer,Wolf Creek,16,50,17,44,1,In Progress
Somerset,Central City Boro,14,32,69,44,1,In Progress
Northumberland,Rush Twp,9,27,108,44,1,In Progress
Bradford,Columbia Twp,9,23,68,44,0,In Progress
Carbon,Banks Twp,7,29,122,44,0,In Progress
Snyder,Beavertown Boro,15,27,85,44,0,In Progress
Mercer,Clark Boro,16,50,7,44,0,In Progress
Jefferson,Sykesville Boro,15,25,66,44,0,In Progress
Indiana,Saltsburg,14,41,62,44,0,In Progress
Susquehanna,Choconut Twp,9,20,111,43,6,In Progress
Susquehanna,Hallstead Boro,9,20,111,43,5,In Progress
Dauphin,Dauphin Boro,10,15,125,43,4,In Progress
Dauphin,Williams Twp,10,34,125,43,2,In Progress
Susquehanna,New Milford Boro,9,20,111,43,1,In Progress
Wayne,Bethany Boro.,8,20,111,43,0,In Progress
Chester,Atglen Boro,6,44,74,43,0,In Progress
Dauphin,Williamstown,10,34,125,42,6,In Progress
Clinton,Chapman Twp,15,25,76,42,2,In Progress
Jefferson,Pinecreek Twp,15,25,66,42,1,In Progress
Clearfield,Houtzdale Boro,15,35,73,42,1,In Progress
Bradford,Ulster Twp,9,23,110,42,1,In Progress
Clarion,Highland Twp.,15,21,63,42,1,In Progress
Bedford,Juniata Twp,13,32,78,42,0,In Progress
Northumberland,Lower Augusta Twp,9,27,107,42,0,In Progress
Washington,Boro Of Roscoe,14,46,50,42,0,In Progress
Mercer,Stoneboro,16,50,17,42,0,In Progress
Luzerne,Nuangola Boro,8,27,117,41,2,In Progress
Lycoming,Gamble Twp,15,23,84,41,1,In Progress
Crawford,Saegertown Boro,16,50,65,41,0,In Progress
Somerset,Upper Turkeyfoot Twp,14,32,69,41,0,In Progress
Crawford,Conneaut Lake Boro,16,50,6,41,0,In Progress
Susquehanna,Thompson Twp,9,20,111,40,2,In Progress
Crawford,Sparta Twp,16,50,65,40,1,In Progress
Washington,Boro Of West Brownsville,14,46,50,40,1,In Progress
Carbon,Bowmanstown Boro,7,29,122,40,0,In Progress
Wyoming,Washington Twp,9,20,110,40,0,In Progress
Crawford,East Fairfield Twp,16,50,6,40,0,In Progress
Lycoming,Mifflin Twp,15,23,84,39,2,In Progress
Indiana,Grant,15,41,66,39,1,In Progress
Bradford,Burlington Twp,9,23,68,39,0,In Progress
Snyder,Spring Twp,15,27,85,39,0,In Progress
Tioga,Union Twp,15,23,68,39,0,In Progress
Susquehanna,Rush Twp,9,20,111,38,3,In Progress
Schuylkill,Deer Lake Boro,9,29,124,38,2,In Progress
Greene,Rices Landing Boro,14,46,50,38,1,In Progress
Philadelphia,Mn01,2,5,202,38,1,In Progress
Clinton,Gallagher Twp,15,25,76,38,1,In Progress
Lawrence,Washington Twp,16,50,8,38,0,In Progress
Lawrence,Little Beaver Twp,16,47,8,38,0,In Progress
Forest,Green Twp,15,21,65,38,0,In Progress
Allegheny,Ben Avon Ht,17,37,30,38,0,In Progress
Columbia,Sugarloaf Twp,9,27,109,38,0,In Progress
Bradford,Windham Twp,9,23,110,38,0,In Progress
Bedford,Monroe Twp,13,32,78,38,0,In Progress
Mercer,West Middlesex,16,50,7,38,0,In Progress
Luzerne,Laurel Run Boro,8,22,121,37,2,In Progress
Clarion,Rimersburg Boro,15,21,63,37,2,In Progress
Allegheny,Pittsburgh,17,43,34,37,2,In Progress
Bedford,Southampton Twp,13,32,78,37,1,In Progress
Clarion,East Brady Boro,15,21,63,37,1,In Progress
Columbia,Beaver Twp,9,27,109,37,0,In Progress
Juniata,Turbett,13,30,86,37,0,In Progress
Schuylkill,Gilberton Boro,9,29,123,36,2,In Progress
Clarion,Knox Boro,15,21,63,36,2,In Progress
Clinton,Renovo Boro,15,25,76,36,1,In Progress
Bradford,Standing Stone Twp,9,23,110,36,1,In Progress
Lycoming,Jordan Twp,9,23,84,36,0,In Progress
Somerset,Jennerstown Boro,14,32,69,36,0,In Progress
Forest,Tionesta Boro,15,21,65,36,0,In Progress
Luzerne,Penn Lake Park Boro,8,29,117,36,0,In Progress
Clarion,Toby Twp,15,21,63,36,0,In Progress
Lycoming,Anthony Twp,15,23,84,36,0,In Progress
Wyoming,Meshoppen Twp,9,20,110,36,0,In Progress
Lycoming,Penn Twp,9,23,84,36,0,In Progress
Centre,Patton Twp.,15,35,77,35,1680,
Centre,State College Boro.,15,25,77,35,527,
Butler,Harrisville Boro,16,21,17,35,3,In Progress
Greene,Whiteley Twp,14,46,50,35,3,In Progress
Adams,Abbottstown,13,33,193,35,2,In Progress
Bedford,Saxton Boro,13,32,78,35,0,In Progress
Lycoming,Moreland Twp,9,23,84,35,0,In Progress
Juniata,Susquehanna,13,30,86,35,0,In Progress
Adams,Arendtsville,13,33,193,35,0,In Progress
Snyder,West Perry Twp,15,27,85,35,0,In Progress
Luzerne,Buck Twp,8,29,121,35,0,In Progress
Chester,W Marlborough Twnshp,6,19,158,35,0,In Progress
Forest,Tionesta Twp,15,21,65,35,0,In Progress
Lycoming,Piatt Twp,15,23,84,35,0,In Progress
Lancaster,Christiana Boro,11,13,100,34,0,In Progress
Wyoming,Nicholson Boro,9,20,110,34,0,In Progress
Tioga,Covington Twp,15,23,68,34,0,In Progress
Blair,Williamsburg Boro,13,30,80,34,0,In Progress
Bedford,Bloomfield Twp,13,32,78,34,0,In Progress
Crawford,Linesville Boro,16,50,6,33,4,In Progress
Westmoreland,North Irwin,12,39,56,33,3,In Progress
Schuylkill,Barry Twp,9,29,107,33,2,In Progress
Union,Lewis Twsp,15,23,76,33,2,In Progress
Westmoreland,Sutersville,12,39,58,33,2,In Progress
Tioga,Chatham Twp,15,23,68,33,1,In Progress
Bradford,"Burlington Twp, West",9,23,68,33,0,In Progress
Luzerne,Nescopeck Twp,9,27,117,33,0,In Progress
Somerset,Allegheny Twp,14,32,69,33,0,In Progress
Lycoming,Montgomery Boro,9,23,83,33,0,In Progress
Snyder,Mcclure Boro,15,27,85,33,0,In Progress
Lackawanna,Vandling,8,40,112,33,0,In Progress
Juniata,Spruce Hill,13,30,86,33,0,In Progress
Schuylkill,Ringtown Boro,9,29,116,33,0,In Progress
Tioga,Tioga Twp,15,23,68,33,0,In Progress
Schuylkill,Gordon Boro,9,29,123,32,6,In Progress
Dauphin,Wiconisco Twp,10,34,125,32,4,In Progress
Lawrence,Wampum Boro,16,47,8,32,2,In Progress
Susquehanna,Jessup Twp,9,20,111,32,2,In Progress
Schuylkill,Palo Alto Boro,9,29,123,32,0,In Progress
Allegheny,Wall,12,45,25,32,0,In Progress
Mercer,Salem Twp,16,50,17,32,0,In Progress
Lycoming,Watson Twp,15,23,84,32,0,In Progress
Bradford,Monroe Boro,9,23,68,32,0,In Progress
Westmoreland,East Vandergrift,14,41,60,32,0,In Progress
Greene,Morris Twp,14,46,50,32,0,In Progress
Schuylkill,Tower City Boro,9,29,107,32,0,In Progress
Washington,Boro Of Deemston,14,46,50,31,2,In Progress
Monroe,Delaware Water Gap Boro,8,40,189,31,1,In Progress
Tioga,Westfield Boro,15,23,68,31,1,In Progress
Columbia,Roaringcreek Twp,9,27,109,31,0,In Progress
Mercer,Worth,16,50,17,31,0,In Progress
Wyoming,Mehoopany Twp,9,20,110,31,0,In Progress
Wyoming,Factoryville Boro,9,20,110,31,0,In Progress
Northampton,Glendon,7,18,136,31,0,In Progress
Washington,Township Of Morris,14,46,48,30,2,In Progress
Jefferson,Perry Twp,15,41,66,30,2,In Progress
Crawford,Steuben Twp,16,50,64,30,1,In Progress
Crawford,Rome Twp,16,50,64,30,1,In Progress
Schuylkill,Eldred Twp,9,29,107,30,1,In Progress
Lycoming,Duboistown Boro,15,23,83,30,1,In Progress
Crawford,Fairfield Twp,16,50,6,30,1,In Progress
Bradford,Leroy Twp,9,23,68,30,1,In Progress
Elk,Highland Twp,15,25,75,30,0,In Progress
Greene,Richhill Twp,14,46,50,30,0,In Progress
Jefferson,Falls Creek Boro,15,25,66,30,0,In Progress
Clarion,Ashland Twp.,15,21,63,30,0,In Progress
Lycoming,Lewis Twp,15,23,84,30,0,In Progress
Lycoming,Franklin Twp,9,23,84,30,0,In Progress
Dauphin,Lykens Twp,10,34,125,29,4,In Progress
Westmoreland,New Alexandria,14,41,55,29,4,In Progress
Lebanon,Mt Gretna Boro,9,48,98,29,2,In Progress
Washington,Boro Of Ellsworth,14,46,50,29,2,In Progress
Washington,Township Of West Finley,14,46,48,29,1,In Progress
Luzerne,Bear Creek Vlg Boro,8,29,121,29,1,In Progress
Clearfield,Osceola Mills Boro,15,35,73,29,1,In Progress
Susquehanna,Harmony Twp,9,20,111,29,1,In Progress
Tioga,Gaines Twp,15,23,68,29,0,In Progress
Juniata,Port Royal,13,30,86,29,0,In Progress
Bedford,King Twp,13,32,78,29,0,In Progress
Washington,Boro Of Midway,14,46,15,29,0,In Progress
Clinton,Beech Creek Boro,15,25,76,29,0,In Progress
Columbia,Jackson Twp,9,27,109,29,0,In Progress
Lycoming,Armstrong Twp,15,23,83,29,0,In Progress
Columbia,Franklin Twp,9,27,109,29,0,In Progress
Juniata,Tuscarora/Tuscarora,13,30,86,29,0,In Progress
Tioga,Morris Twp,15,23,68,29,0,In Progress
Jefferson,Knox Twp,15,25,66,29,0,In Progress
Forest,Hickory Twp,15,21,65,29,0,In Progress
Forest,Harmony Twp,15,21,65,29,0,In Progress
York,Goldsboro Boro,10,31,92,28,6,In Progress
Dauphin,Royalton Boro,10,15,106,28,6,In Progress
Berks,Bechtelsville Boro,4,24,130,28,2,In Progress
Clearfield,Bell Twp,15,35,75,28,2,In Progress
York,Windsor Boro,11,28,94,28,2,In Progress
Susquehanna,Oakland Twp,9,20,111,28,1,In Progress
Carbon,Lausanne Twp,7,29,122,28,1,In Progress
Lancaster,Terre Hill Boro,11,13,99,28,1,In Progress
Clearfield,Covington Twp,15,35,73,28,1,In Progress
Wayne,Scott Twp.,8,20,111,28,0,In Progress
Adams,Fairfield,13,33,91,28,0,In Progress
Clarion,Perry Twp.,15,21,63,28,0,In Progress
Jefferson,Oliver Twp,15,41,66,28,0,In Progress
Jefferson,Union Twp,15,25,66,28,0,In Progress
Jefferson,Warsaw Twp,15,25,66,28,0,In Progress
Philadelphia,Mn01,2,3,195,28,0,In Progress
Sullivan,Shrewsbury Twp,9,23,84,28,0,In Progress
Crawford,Pine Twp,16,50,6,28,0,In Progress
Susquehanna,Apolacon Twp,9,20,111,27,4,In Progress
Union,New Berlin,15,23,76,27,3,In Progress
Luzerne,Warrior Run Boro,8,20,119,27,1,In Progress
Schuylkill,Hubley Twp,9,29,107,27,1,In Progress
Clearfield,Chester Hill Boro,15,35,73,27,1,In Progress
Somerset,Rockwood Boro,14,32,69,27,1,In Progress
Wyoming,Noxen Twp,9,20,110,27,0,In Progress
Lycoming,Mill Creek Twp,9,23,84,27,0,In Progress
Lycoming,Susquehanna Twp,15,23,83,27,0,In Progress
York,Yoe Boro,11,28,93,27,0,In Progress
Montour,Derry Twp,9,27,108,27,0,In Progress
Dauphin,Jefferson Twp,10,34,125,27,0,In Progress
Tioga,Rutland Twp,15,23,68,27,0,In Progress
Somerset,Confluence Boro,14,32,69,27,0,In Progress
Blair,Huston Twp,13,30,80,26,2,In Progress
Berks,Bernville Boro,9,48,5,26,1,In Progress
Jefferson,Mccalmont Twp,15,41,66,26,1,In Progress
Mercer,French Creek,16,50,17,26,0,In Progress
Bradford,Herrick Twp,9,23,110,26,0,In Progress
Bedford,Woodbury Twp,13,32,78,26,0,In Progress
Sullivan,Davidson Twp,9,23,84,26,0,In Progress
Clarion,Shippenville Boro,15,21,63,26,0,In Progress
Greene,Wayne Twp,14,46,50,26,0,In Progress
Dauphin,Gratz Boro,10,34,125,26,0,In Progress
Mercer,Jamestown,16,50,7,26,0,In Progress
Lycoming,Plunketts Creek Twp,9,23,84,26,0,In Progress
Sullivan,Dushore Boro,9,23,84,26,0,In Progress
Susquehanna,Lathrop Twp,9,20,111,25,2,In Progress
Susquehanna,Ararat Twp,9,20,111,25,2,In Progress
Washington,Township Of East Finley,14,46,48,25,1,In Progress
Tioga,Deerfield Twp,15,23,68,25,1,In Progress
Clearfield,Knox Twp,15,35,73,25,1,In Progress
Clarion,Salem Twp.,15,21,63,25,0,In Progress
Lackawanna,Laplume,8,22,118,25,0,In Progress
Clarion,New Bethlehem Boro,15,21,63,25,0,In Progress
Snyder,Freeburg Boro,15,27,85,25,0,In Progress
Bradford,Pike Twp,9,23,110,25,0,In Progress
Susquehanna,Oakland Boro,9,20,111,25,0,In Progress
Butler,Callery Boro,16,47,12,25,0,In Progress
Somerset,Lower Turkeyfoot Twp,14,32,69,25,0,In Progress
Clearfield,Chest Twp,15,35,73,25,0,In Progress
Clinton,Logan Twp,15,25,76,25,0,In Progress
Montour,West Hemlock Twp,9,27,108,25,0,In Progress
Greene,Springhill Twp,14,46,50,25,0,In Progress
Centre,College Twp.,15,25,82,24,1457,
Westmoreland,Hyde Park,14,41,60,24,3,In Progress
Washington,Boro Of Cokeburg,14,46,50,24,1,In Progress
Crawford,West Shenango Twp,16,50,6,24,1,In Progress
Somerset,Salisbury Boro,14,32,69,24,1,In Progress
Snyder,Chapman Twp,15,27,85,24,1,In Progress
Snyder,Adams Twp,15,27,85,24,0,In Progress
Beaver,Koppel Boro,17,47,14,24,0,In Progress
Cameron,Lumber Twp,15,25,67,24,0,In Progress
Tioga,Westfield Twp,15,23,68,24,0,In Progress
Juniata,Thompsontown,13,30,86,24,0,In Progress
Mercer,Mill Creek,16,50,17,24,0,In Progress
Schuylkill,Upper Mahantongo Twp,9,29,107,24,0,In Progress
Tioga,Shippen Twp,15,23,68,24,0,In Progress
York,Jefferson Boro,11,28,169,23,3,In Progress
Crawford,Conneautville Boro,16,50,6,23,2,In Progress
Schuylkill,Delano Twp,9,29,124,23,1,In Progress
Mercer,Wheatland,16,50,7,23,1,In Progress
Montour,Limestone Twp,9,27,108,23,0,In Progress
Washington,Boro Of Long Branch,14,46,50,23,0,In Progress
Indiana,Banks,15,41,66,23,0,In Progress
Sullivan,Laporte Boro,9,23,84,23,0,In Progress
Butler,Venango Twp,16,21,17,23,0,In Progress
Clinton,Crawford Twp,15,25,76,23,0,In Progress
Snyder,West Beaver Twp,15,27,85,23,0,In Progress
Erie,Platea Boro,16,49,4,23,0,In Progress
Mifflin,Bratton Twp,13,30,171,22,2,In Progress
Susquehanna,Great Bend Boro,9,20,111,22,2,In Progress
Somerset,Greenville Twp,14,32,69,22,1,In Progress
Union,Gregg Twsp,15,23,83,22,1,In Progress
Lycoming,Cascade Twp,15,23,84,22,0,In Progress
Erie,Mckean Boro,16,49,4,22,0,In Progress
Carbon,East Side Boro,7,29,122,22,0,In Progress
Schuylkill,Mechanicsville Boro,9,29,123,22,0,In Progress
Northumberland,Jackson Twp,9,27,107,22,0,In Progress
Montgomery,Green Lane Boro,4,24,131,22,0,In Progress
Beaver,South Heights Boro,17,47,16,22,0,In Progress
Bradford,Franklin Twp,9,23,68,22,0,In Progress
Mercer,Lake,16,50,17,22,0,In Progress
Carbon,Beaver Meadows Boro,7,29,122,22,0,In Progress
Clinton,Noyes Twp,15,25,76,22,0,In Progress
Butler,Chicora Boro,16,21,11,22,0,In Progress
Carbon,Lehigh Twp,7,29,122,22,0,In Progress
Bradford,Stevens Twp,9,23,110,22,0,In Progress
Lawrence,Plain Grove Twp,16,50,8,22,0,In Progress
Northumberland,East Cameron Twp,9,27,107,22,0,In Progress
Clearfield,Coalport Boro,15,35,73,21,2,In Progress
Schuylkill,Auburn Boro,9,29,124,21,2,In Progress
Sullivan,Eagles Mere Boro,9,23,84,21,2,In Progress
Washington,Boro Of Claysville,14,46,15,21,1,In Progress
Jefferson,Gaskill Twp,15,41,66,21,1,In Progress
Clinton,Loganton Boro,15,25,76,21,0,In Progress
Forest,Kingsley Twp,15,21,65,21,0,In Progress
Mercer,Sandy Lake Boro,16,50,17,21,0,In Progress
Columbia,Benton Boro,9,27,109,21,0,In Progress
Columbia,Briar Creek Boro,9,27,109,21,0,In Progress
Clarion,Millcreek Twp.,15,21,63,21,0,In Progress
Westmoreland,South Huntingdon Twp,12,39,58,21,0,In Progress
Lycoming,Jackson Twp,15,23,84,21,0,In Progress
Tioga,Tioga Boro,15,23,68,21,0,In Progress
Juniata,Mifflintown,13,30,86,21,0,In Progress
Dauphin,Mifflin Twp,10,34,125,20,2,In Progress
Sullivan,Elkland Twp,9,23,84,20,1,In Progress
Somerset,Black Twp,14,32,69,20,0,In Progress
Crawford,Hydetown Boro,16,50,64,20,0,In Progress
Tioga,Hamilton Twp,15,23,68,20,0,In Progress
Mercer,Otter Creek,16,50,17,20,0,In Progress
Chester,Avondale Boro,6,9,158,20,0,In Progress
Clarion,Sligo Boro,15,21,63,20,0,In Progress
Crawford,Beaver Twp,16,50,6,20,0,In Progress
Erie,Mn01,16,49,3,19,1,In Progress
Bedford,Mann Twp,13,32,78,19,1,In Progress
Dauphin,Halifax Boro,10,34,125,19,1,In Progress
Sullivan,Forks Twp,9,23,84,19,0,In Progress
Greene,Greene Twp,14,46,50,19,0,In Progress
Crawford,Athens Twp,16,50,65,19,0,In Progress
Clarion,Foxburg Boro,15,21,63,19,0,In Progress
Tioga,Clymer Twp,15,23,68,19,0,In Progress
Washington,Township Of Blaine,14,46,15,18,2,In Progress
Schuylkill,Middleport Boro,9,29,123,18,2,In Progress
York,Winterstown Boro,11,28,93,18,1,In Progress
Carbon,Parryville Boro,7,29,122,18,1,In Progress
Westmoreland,Seward,14,41,59,18,1,In Progress
York,East Prospect Boro,11,28,94,18,1,In Progress
Crawford,West Fallowfield Twp,16,50,6,18,1,In Progress
Jefferson,Big Run Boro,15,41,66,18,0,In Progress
Mifflin,Juniata Terrace Boro,13,30,171,18,0,In Progress
Washington,Boro Of Allenport,14,46,50,18,0,In Progress
Bradford,Wyalusing Boro,9,23,110,18,0,In Progress
Sullivan,Fox Twp,9,23,84,18,0,In Progress
Westmoreland,New Florence,14,41,59,18,0,In Progress
Northampton,Portland Boro,7,18,138,18,0,In Progress
Northumberland,Jordan Twp,9,27,107,18,0,In Progress
Tioga,Farmington Twp,15,23,68,17,4,In Progress
Blair,Catharine Twp,13,30,80,17,2,In Progress
Westmoreland,Madison,12,39,58,17,2,In Progress
Westmoreland,Bolivar,14,41,59,17,1,In Progress
York,Franklintown Boro,10,31,92,17,1,In Progress
Indiana,Marion Center,15,41,66,17,0,In Progress
Somerset,Hooversville Boro,14,32,69,17,0,In Progress
Jefferson,Summerville Boro,15,25,66,17,0,In Progress
Snyder,Beaver Twp,15,27,85,17,0,In Progress
Bedford,Schellsburg Boro,13,32,78,17,0,In Progress
Wyoming,Windham,9,20,110,17,0,In Progress
Juniata,Greenwood,13,30,86,17,0,In Progress
Wayne,Prompton Boro.,8,40,111,17,0,In Progress
Jefferson,Ringgold Twp,15,41,66,17,0,In Progress
Allegheny,S Versailles,12,45,35,17,0,In Progress
Jefferson,Polk Twp,15,25,66,17,0,In Progress
Juniata,Lack,13,30,86,17,0,In Progress
Centre,Harris Twp.,15,25,82,16,1044,
Clearfield,Goshen Twp,15,35,73,16,2,In Progress
Schuylkill,Reilly Twp,9,29,107,16,2,In Progress
Delaware,Millbourne Boro,5,26,164,16,1,In Progress
Franklin,Warren Twp,13,33,90,16,1,In Progress
Forest,Barnett Twp,15,21,65,16,1,In Progress
Bedford,Lincoln Twp,13,32,78,16,0,In Progress
Mercer,Fairview,16,50,17,16,0,In Progress
Clearfield,Girard Twp,15,35,73,16,0,In Progress
Tioga,Lawrenceville Boro,15,23,68,16,0,In Progress
Sullivan,Colley Twp,9,23,84,16,0,In Progress
Juniata,Beale,13,30,86,16,0,In Progress
Northumberland,Turbotville Boro,9,27,108,16,0,In Progress
Clearfield,Karthaus Twp,15,35,73,15,4,In Progress
Susquehanna,Middletown Twp,9,20,111,15,2,In Progress
Clearfield,Bloom Twp,15,35,75,15,2,In Progress
Mercer,Sandy Creek Twp,16,50,17,15,2,In Progress
Greene,Jackson Twp,14,46,50,15,2,In Progress
Clearfield,Irvona Boro,15,35,73,15,1,In Progress
Allegheny,Pittsburgh,17,42,27,15,1,In Progress
Allegheny,Pittsburgh,17,38,33,15,1,In Progress
Clearfield,Greenwood Twp,15,35,75,15,0,In Progress
Greene,Gilmore Twp,14,46,50,15,0,In Progress
Lycoming,Bastress Twp,15,23,84,15,0,In Progress
Greene,Aleppo Twp,14,46,50,15,0,In Progress
Allegheny,Pittsburgh,17,42,42,15,0,In Progress
Lycoming,Cummings Twp,15,23,84,15,0,In Progress
Northumberland,Upper Mahanoy Twp,9,27,107,15,0,In Progress
Butler,East Butler Boro,16,21,11,15,0,In Progress
Wyoming,North Branch Twp,9,20,110,15,0,In Progress
Lackawanna,West Abington,8,22,118,15,0,In Progress
Butler,Allegheny Twp,16,21,17,15,0,In Progress
Mercer,Deer Creek,16,50,17,15,0,In Progress
Lycoming,Pine Twp,15,23,84,15,0,In Progress
Wyoming,Windham Independent,9,20,110,15,0,In Progress
Tioga,Putnam Twp,15,23,68,15,0,In Progress
Jefferson,Clover Twp,15,25,66,15,0,In Progress
Greene,Carmichaels Boro,14,46,50,15,0,In Progress
Lycoming,Shrewsbury Twp,9,23,84,15,0,In Progress
York,York Haven Boro,10,31,92,14,2,In Progress
Schuylkill,New Castle Twp,9,29,123,14,2,In Progress
Allegheny,Mcdonald,17,37,46,14,1,In Progress
Susquehanna,Union Dale Boro,9,20,111,14,1,In Progress
Westmoreland,Hunker,14,39,58,14,1,In Progress
Tioga,Brookfield Twp,15,23,68,14,0,In Progress
Mifflin,Menno Twp,13,30,171,14,0,In Progress
Clearfield,Wallaceton Boro,15,35,73,14,0,In Progress
Beaver,Fallston,17,47,14,14,0,In Progress
Clearfield,Jordan Twp,15,35,73,14,0,In Progress
Jefferson,Heath Twp,15,25,66,14,0,In Progress
Juniata,Mifflin,13,30,86,14,0,In Progress
Tioga,Knoxville Boro,15,23,68,14,0,In Progress
Butler,Portersville Boro,16,21,8,14,0,In Progress
York,Yorkana Boro,11,28,94,13,2,In Progress
Northumberland,East Chillisquaque Twp,9,27,108,13,2,In Progress
Butler,West Liberty Boro,16,21,8,13,1,In Progress
Clearfield,Ramey Boro,15,35,73,13,1,In Progress
Dauphin,Reed Twp,10,34,125,13,1,In Progress
York,Crossroads Boro,11,28,93,13,1,In Progress
Greene,Jefferson Boro,14,46,50,13,1,In Progress
Tioga,Nelson Twp,15,23,68,13,0,In Progress
Washington,Boro Of Stockdale,14,46,50,13,0,In Progress
Northumberland,Washington Twp,9,27,107,13,0,In Progress
Lackawanna,Scranton,8,22,118,13,0,In Progress
Somerset,Stoystown Boro,14,32,69,13,0,In Progress
Somerset,Southampton Twp,14,32,69,13,0,In Progress
Wyoming,Laceyville Boro,9,20,110,13,0,In Progress
Erie,Elgin Boro,16,21,4,13,0,In Progress
Mercer,Fredonia,16,50,17,13,0,In Progress
Somerset,Ogle Twp,14,32,71,13,0,In Progress
Elk,Spring Creek Twp,15,25,75,13,0,In Progress
Somerset,Northampton Twp,14,32,69,13,0,In Progress
Westmoreland,Smithton,14,39,58,13,0,In Progress
Erie,Cranesville,16,49,6,13,0,In Progress
Northumberland,Marion Heights Boro,9,27,107,13,0,In Progress
Butler,Parker Twp,16,21,17,12,2,In Progress
Bedford,Hyndman Boro,13,32,78,12,2,In Progress
Berks,Lyons Boro,4,11,130,12,2,In Progress
Northumberland,Little Mahanoy Twp,9,27,107,12,1,In Progress
Schuylkill,Foster Twp,9,29,107,12,0,In Progress
Mercer,New Lebanon,16,50,17,12,0,In Progress
Clinton,South Renovo Boro,15,25,76,12,0,In Progress
Cumberland,Newburg Boro,13,34,199,12,0,In Progress
Clinton,Colebrook Twp,15,25,76,12,0,In Progress
Susquehanna,Thompson Boro,9,20,111,12,0,In Progress
Westmoreland,Laurel Mountain,14,41,59,12,0,In Progress
Tioga,Duncan Twp,15,23,68,12,0,In Progress
York,Fawn Grove Boro,11,28,93,12,0,In Progress
York,Felton Boro,11,28,94,12,0,In Progress
Clarion,Licking Twp.,15,21,63,12,0,In Progress
Elk,Benezette Twp,15,25,75,12,0,In Progress
Indiana,West Mahoning,15,41,66,12,0,In Progress
Bedford,Manns Choice Boro,13,32,78,12,0,In Progress
Clearfield,Ferguson Twp,15,35,75,12,0,In Progress
Erie,Millcreek Twp,16,49,1,12,0,In Progress
Clarion,Richland Twp.,15,21,63,12,0,In Progress
Erie,Mill Village Boro,16,49,4,12,0,In Progress
Somerset,Larimer Twp,14,32,69,11,2,In Progress
Allegheny,Glenfield,17,37,44,11,1,In Progress
Adams,Bendersville,13,33,193,11,1,In Progress
Dauphin,Rush Twp,10,34,125,11,1,In Progress
Northumberland,Snydertown Boro,9,27,108,11,1,In Progress
Allegheny,W Elizabeth,12,45,39,11,1,In Progress
Clearfield,Grampian Boro,15,35,75,11,1,In Progress
Crawford,Centerville Boro,16,50,65,11,1,In Progress
Westmoreland,Arona,12,39,57,11,0,In Progress
Cumberland,Cooke Twp,10,34,193,11,0,In Progress
Northampton,Chapman,7,14,138,11,0,In Progress
Cameron,Gibson Twp,15,25,67,11,0,In Progress
Tioga,Ward Twp,15,23,68,11,0,In Progress
Butler,West Sunbury Boro,16,21,8,11,0,In Progress
Lehigh,North Whitehall,7,14,133,11,0,In Progress
Crawford,Blooming Valley Boro,16,50,65,11,0,In Progress
Indiana,Ernest,14,41,66,11,0,In Progress
Jefferson,Barnett Twp,15,25,66,11,0,In Progress
Berks,Centerport Boro,9,48,5,11,0,In Progress
Allegheny,Pittsburgh,17,38,20,11,0,In Progress
Tioga,Bloss Twp,15,23,68,11,0,In Progress
Mercer,New Vernon,16,50,17,11,0,In Progress
Carbon,Weissport Boro,7,29,122,11,0,In Progress
Jefferson,Corsica Boro,15,25,66,11,0,In Progress
Susquehanna,Lanesboro Boro,9,20,111,10,2,In Progress
Tioga,Liberty Boro,15,23,68,10,1,In Progress
Jefferson,Porter Twp,15,41,66,10,1,In Progress
Lycoming,Nippenose Twp,15,23,84,10,1,In Progress
Schuylkill,Frailey Twp,9,29,107,10,1,In Progress
Allegheny,Pittsburgh,17,43,32,10,1,In Progress
York,Seven Valleys Boro,11,28,196,10,1,In Progress
Clearfield,Glen Hope Boro,15,35,73,10,1,In Progress
Lycoming,Mcintyre Twp,15,23,84,10,0,In Progress
Crawford,Venango Boro,16,50,65,10,0,In Progress
Columbia,Stillwater Boro,9,27,109,10,0,In Progress
Cameron,Grove Twp,15,25,67,10,0,In Progress
Northumberland,West Cameron Twp,9,27,107,10,0,In Progress
Clinton,Leidy Twp,15,25,76,10,0,In Progress
Wyoming,Braintrim Twp,9,20,110,10,0,In Progress
Lawrence,Enon Valley Boro,16,47,8,10,0,In Progress
Somerset,Benson Boro,14,32,69,10,0,In Progress
Elk,Millstone Twp,15,25,75,10,0,In Progress
Clearfield,Troutville Boro,15,35,75,10,0,In Progress
Somerset,Addison Boro,14,32,69,10,0,In Progress
Bradford,Overton Twp,9,23,68,10,0,In Progress
Beaver,New Galilee Boro,17,47,14,10,0,In Progress
Allegheny,Pittsburgh,17,37,44,9,2,In Progress
Washington,Boro Of Marianna,14,46,50,9,2,In Progress
Allegheny,Pittsburgh,12,45,38,9,2,In Progress
Dauphin,Pillow Boro,10,34,125,9,1,In Progress
Clarion,Piney Twp.,15,21,63,9,0,In Progress
Montgomery,Abington Twp,4,12,152,9,0,In Progress
Bucks,Middletown Twp,1,10,31,9,0,In Progress
York,Delta Boro,11,28,94,9,0,In Progress
Clearfield,Mahaffey Boro,15,35,75,9,0,In Progress
Lancaster,Lancaster City,11,36,96,9,0,In Progress
Lycoming,Mcnett Twp,15,23,84,9,0,In Progress
Allegheny,Pittsburgh,12,45,25,9,0,In Progress
Lycoming,Picture Rocks Boro,9,23,84,9,0,In Progress
Tioga,Osceola Twp,15,23,68,9,0,In Progress
Sullivan,Forksville Boro,9,23,84,9,0,In Progress
Somerset,Ursina Boro,14,32,69,9,0,In Progress
Clinton,Grugan Twp,15,25,76,9,0,In Progress
Indiana,Glen Campbell,15,41,66,9,0,In Progress
Wyoming,Forkston Twp,9,20,110,9,0,In Progress
Clarion,Strattanville Boro,15,21,63,9,0,In Progress
Somerset,New Baltimore Boro,14,32,69,9,0,In Progress
Washington,Boro Of Finlyville,14,46,39,8,3,In Progress
Clearfield,Pine Twp,15,35,73,8,2,In Progress
Allegheny,Shaler,17,38,28,8,2,In Progress
Washington,Boro Of Twilight,14,46,50,8,1,In Progress
Washington,Boro Of Elco,14,46,50,8,1,In Progress
Columbia,Orangeville Boro,9,27,109,8,0,In Progress
Sullivan,Hillsgrove Twp,9,23,84,8,0,In Progress
Butler,Butler Twp,16,21,8,8,0,In Progress
Allegheny,Pittsburgh,17,37,45,8,0,In Progress
Montgomery,Upper Merion Twp,4,44,150,8,0,In Progress
Mifflin,Kistler Boro,13,30,171,8,0,In Progress
Washington,Boro Of Dunlevy,14,46,50,8,0,In Progress
Butler,Eau Claire Boro,16,21,17,8,0,In Progress
Lycoming,Brady Twp,15,23,83,8,0,In Progress
Montour,Mayberry Twp,9,27,108,8,0,In Progress
Blair,Newry Boro,13,30,80,8,0,In Progress
Lycoming,City Of Williamsport,15,23,83,8,0,In Progress
Greene,Greensboro Boro,14,46,50,8,0,In Progress
Susquehanna,Little Meadows Boro,9,20,111,8,0,In Progress
Northumberland,Herndon Boro,9,27,107,8,0,In Progress
Allegheny,Pittsburgh,17,42,45,8,0,In Progress
Schuylkill,Port Clinton Boro,9,29,124,8,0,In Progress
Allegheny,Pittsburgh,12,37,40,8,0,In Progress
York,Lewisberry Boro,10,31,92,8,0,In Progress
Allegheny,Haysville,17,37,44,8,0,In Progress
Lawrence,Volant Boro,16,50,8,8,0,In Progress
Schuylkill,Tremont Twp,9,29,107,7,1,In Progress
Allegheny,Ross,17,38,30,7,1,In Progress
Allegheny,Pittsburgh,12,45,35,7,1,In Progress
Luzerne,Wilkes-Barre City,8,20,120,7,1,In Progress
Adams,York Springs,13,33,193,7,1,In Progress
Bedford,Pavia Twp,13,32,78,7,1,In Progress
Lycoming,Mchenry Twp,15,23,84,7,1,In Progress
Crawford,Spartansburg Boro,16,50,65,7,1,In Progress
Bucks,Newtown Twp,1,6,142,7,0,In Progress
Bedford,New Paris Boro,13,32,78,7,0,In Progress
Cumberland,Hampden Twp,10,31,88,7,0,In Progress
Allegheny,Pittsburgh,17,38,21,7,0,In Progress
Washington,Boro Of Beallsville,14,46,50,7,0,In Progress
Wayne,Starrucca Boro.,8,20,111,7,0,In Progress
Allegheny,Pittsburgh,17,42,20,7,0,In Progress
Schuylkill,Landingville Boro,9,29,124,7,0,In Progress
Beaver,Darlington Boro,17,47,14,7,0,In Progress
Erie,Millcreek Twp,16,49,4,7,0,In Progress
Clarion,Hawthorn Boro,15,21,63,7,0,In Progress
Butler,Bruin Boro,16,21,17,7,0,In Progress
Clearfield,Westover Boro,15,35,73,7,0,In Progress
Lancaster,Hempfield East Twp,11,13,49,7,0,In Progress
Cameron,Driftwood Boro,15,25,67,7,0,In Progress
Westmoreland,Youngstown,14,39,59,7,0,In Progress
Centre,Spring Twp.,15,25,171,6,744,
Centre,Potter Twp.,15,25,171,6,344,
Perry,Carroll Twp,13,34,86,6,192,
Schuylkill,New Ringgold Boro,9,29,124,6,2,In Progress
York,Railroad Boro,11,28,169,6,1,In Progress
Bradford,Leraysville Boro,9,23,110,6,1,In Progress
Berks,Lenhartsville Boro,4,48,124,6,1,In Progress
Bucks,Falls Twp,1,10,141,6,0,In Progress
Westmoreland,Adamsburg,12,39,57,6,0,In Progress
Lancaster,Manheim Twp,11,13,97,6,0,In Progress
Cumberland,Hampden Twp,10,34,103,6,0,In Progress
Cumberland,Upper Allen Twp,10,31,88,6,0,In Progress
Allegheny,Penn Hills,12,45,25,6,0,In Progress
Westmoreland,Penn,12,39,56,6,0,In Progress
Bradford,Armenia Twp,9,23,68,6,0,In Progress
Bucks,Buckingham Twp,1,16,143,6,0,In Progress
Luzerne,New Columbus Boro,9,27,117,6,0,In Progress
Indiana,Cherry Tree,14,41,66,6,0,In Progress
Somerset,Fairhope Twp,14,32,69,6,0,In Progress
Union,Hartleton Boro,15,23,76,6,0,In Progress
Bradford,Sylvania Boro,9,23,68,6,0,In Progress
Indiana,Creekside,14,41,62,6,0,In Progress
Lancaster,Manheim Twp,11,36,37,6,0,In Progress
Beaver,Glasgow Boro,17,47,15,6,0,In Progress
Somerset,New Centerville Boro,14,32,69,6,0,In Progress
Clinton,Allison Twp,15,25,76,6,0,In Progress
Montgomery,Upper Dublin Twp,1,12,151,6,0,In Progress
Washington,Boro Of Coal Center,14,46,50,6,0,In Progress
Bucks,Bensalem Twp,1,6,142,6,0,In Progress
Cambria,Lower Yoder Twp,13,35,72,5,250,
Bedford,St. Clairsville Boro,13,32,78,5,2,In Progress
Allegheny,Trafford,12,45,25,5,1,In Progress
Allegheny,Monroeville,17,43,32,5,1,In Progress
Luzerne,Wilkes-Barre City,8,20,119,5,1,In Progress
Clarion,St. Petersburg Boro,15,21,63,5,1,In Progress
Greene,Freeport Twp,14,46,50,5,0,In Progress
Bucks,Bristol Twp,1,10,140,5,0,In Progress
Butler,Fairview Boro,16,21,17,5,0,In Progress
Allegheny,Wilkinsburg,12,43,34,5,0,In Progress
Lycoming,Salladasburg Boro,15,23,84,5,0,In Progress
Westmoreland,Penn Twp,12,39,55,5,0,In Progress
Dauphin,Berrysburg Boro,10,34,125,5,0,In Progress
Mercer,Jackson Center,16,50,17,5,0,In Progress
Montgomery,Lower Gwynedd Twp,4,12,151,5,0,In Progress
Somerset,Garrett Boro,14,32,69,5,0,In Progress
Bradford,Burlington Boro,9,23,68,5,0,In Progress
Allegheny,Mt Lebanon,17,42,27,5,0,In Progress
Washington,Boro Of West Middletown,14,46,15,5,0,In Progress
Allegheny,Brentwood,12,37,39,5,0,In Progress
Bucks,Middletown Twp,1,6,178,5,0,In Progress
Dauphin,Harrisburg,10,15,105,5,0,In Progress
Westmoreland,Donegal,14,39,59,5,0,In Progress
Bucks,Bensalem Twp,1,6,144,5,0,In Progress
Bucks,Morrisville Boro,1,10,31,5,0,In Progress
Bucks,New Britain Twp,1,10,29,5,0,In Progress
Chester,W Bradford Twp,6,44,155,5,0,In Progress
Jefferson,Beaver Twp,15,25,66,5,0,In Progress
Montgomery,Abington Twp,4,4,154,5,0,In Progress
Allegheny,Swissvale,12,43,23,5,0,In Progress
Somerset,Wellersburg Boro,14,32,69,5,0,In Progress
Lehigh,Lower Macungie,7,14,132,5,0,In Progress
Allegheny,Scott,17,37,45,5,0,In Progress
Berks,Exeter Twp,6,11,127,5,0,In Progress
Lancaster,Lancaster City,11,36,41,5,0,In Progress
Allegheny,Scott,17,42,42,5,0,In Progress
Westmoreland,Greensburg,14,39,59,5,0,In Progress
Crawford,Springboro Boro,16,50,6,5,0,In Progress
Montgomery,West Norriton Twp,5,17,149,5,0,In Progress
Crawford,Woodcock Boro,16,50,65,5,0,In Progress
Lancaster,Lancaster Twp,11,13,97,5,0,In Progress
Bucks,Northampton Twp,1,10,29,5,0,In Progress
York,West Manchester Twp,10,31,47,5,0,In Progress
Bedford,Woodbury Boro,13,32,78,5,0,In Progress
Bucks,Northampton Twp,1,6,144,5,0,In Progress
Montgomery,Upper Gwynedd Twp,4,44,150,5,0,In Progress
Mifflin,Newton Hamilton Boro,13,30,171,5,0,In Progress
Lehigh,Allentown,7,16,187,5,0,In Progress
Susquehanna,Friendsville Boro,9,20,111,5,0,In Progress
Erie,Mn01,16,49,4,5,0,In Progress
Allegheny,Ross,17,38,28,5,0,In Progress
Crawford,Townville Boro,16,50,64,5,0,In Progress
Bradford,Rome Boro,9,23,110,5,0,In Progress
Allegheny,Penn Hills,12,45,35,5,0,In Progress
Delaware,Newtown Twp,5,17,166,5,0,In Progress
Luzerne,Wyoming Boro,8,22,118,5,0,In Progress
Lawrence,Snpj Boro,16,50,9,5,0,In Progress
Montgomery,Lower Merion Twp,4,44,150,5,0,In Progress
Westmoreland,Unity Twp,14,39,57,5,0,In Progress
Allegheny,Mccandless,17,38,20,5,0,In Progress
Warren,Mn2800,15,21,65,4,514,
Venango,Franklin,16,21,64,4,417,
Blair,Altoona,13,30,80,4,3,In Progress
York,Wellsville Boro,10,31,92,4,1,In Progress
Delaware,Ridley Twp,5,26,163,4,1,In Progress
Clearfield,Burnside Boro,15,35,73,4,1,In Progress
Cumberland,Lower Allen Twp,10,34,103,4,1,In Progress
York,Springettsbury Twp,11,28,93,4,1,In Progress
Washington,Township Of Peters,14,46,46,4,1,In Progress
Clearfield,Brisbin Boro,15,35,73,4,1,In Progress
Dauphin,Susquehanna Twp,10,15,125,4,1,In Progress
Lebanon,Palmyra Boro,9,48,98,4,1,In Progress
York,York City,10,31,196,4,1,In Progress
Allegheny,Pittsburgh,12,37,39,4,0,In Progress
Indiana,Armagh,14,41,62,4,0,In Progress
Lancaster,Lampeter West Twp,11,36,97,4,0,In Progress
Beaver,Eastvale Boro,17,47,14,4,0,In Progress
Montgomery,Norristown Boro,4,17,70,4,0,In Progress
Allegheny,Penn Hills,17,43,34,4,0,In Progress
Lancaster,Hempfield East Twp,11,36,37,4,0,In Progress
Lancaster,Lampeter East Twp,11,36,96,4,0,In Progress
Lancaster,Hempfield East Twp,11,13,97,4,0,In Progress
Tioga,Roseville Boro,15,23,68,4,0,In Progress
Lancaster,Lancaster Twp,11,36,96,4,0,In Progress
Juniata,Tuscarora/East Waterford,13,30,86,4,0,In Progress
Allegheny,Mccandless,17,37,30,4,0,In Progress
Montgomery,West Norriton Twp,4,24,147,4,0,In Progress
Dauphin,Swatara Twp,10,15,105,4,0,In Progress
Beaver,Homewood Boro,17,47,14,4,0,In Progress
Montgomery,Upper Moreland Twp,1,12,151,4,0,In Progress
Cumberland,East Pennsboro Twp,10,34,88,4,0,In Progress
Berks,Muhlenberg Twp,6,11,129,4,0,In Progress
Mercer,Sheakleyville,16,50,17,4,0,In Progress
Delaware,Upper Darby Twp,5,26,162,4,0,In Progress
Allegheny,Mccandless,17,37,28,4,0,In Progress
Delaware,Haverford Twp,5,26,165,4,0,In Progress
Berks,Spring Twp,9,48,5,4,0,In Progress
Beaver,New Sewickley Twp,17,47,16,4,0,In Progress
Montour,Washingtonville Boro,9,27,108,4,0,In Progress
Lancaster,Manheim Twp,11,13,49,4,0,In Progress
Butler,Butler City,16,21,8,4,0,In Progress
Butler,Harmony Boro,16,21,11,4,0,In Progress
Chester,Westtown Twp,6,9,158,4,0,In Progress
Philadelphia,(Empty),3,7,10,4,0,In Progress
Westmoreland,Greensburg,12,39,56,4,0,In Progress
Butler,Middlesex Twp,16,21,8,4,0,In Progress
Butler,Middlesex Twp,16,47,12,4,0,In Progress
Lebanon,Lebanon City,9,48,102,4,0,In Progress
Allegheny,Pittsburgh,17,38,30,4,0,In Progress
Jefferson,Worthville Boro,15,41,66,4,0,In Progress
Montgomery,Lansdale Boro,4,12,151,4,0,In Progress
Montgomery,Horsham Twp,4,24,61,4,0,In Progress
Butler,Slippery Rock Twp,16,21,11,4,0,In Progress
Mifflin,Mcveytown Boro,13,30,171,4,0,In Progress
Lycoming,Old Lycoming Twp,9,23,83,4,0,In Progress
Montgomery,Plymouth Twp,5,17,54,4,0,In Progress
Bucks,Northampton Twp,1,10,31,4,0,In Progress
Allegheny,Bethel Park,12,37,39,4,0,In Progress
Bucks,Middletown Twp,1,16,145,4,0,In Progress
Allegheny,Mt Lebanon,17,37,46,4,0,In Progress
Jefferson,Timblin Boro,15,41,66,4,0,In Progress
Montgomery,Abington Twp,1,12,151,4,0,In Progress
Allegheny,Casl Shannon,12,37,39,4,0,In Progress
Bucks,Middletown Twp,1,10,141,4,0,In Progress
Bucks,Bensalem Twp,1,6,178,4,0,In Progress
Montgomery,Whitemarsh Twp,4,44,150,4,0,In Progress
Lackawanna,Scranton,8,40,112,4,0,In Progress
Lackawanna,Scranton,8,22,112,4,0,In Progress
Montgomery,Hatboro Boro,1,12,151,4,0,In Progress
Susquehanna,Hop Bottom Boro,9,20,111,4,0,In Progress
Greene,Gray Twp,14,46,50,4,0,In Progress
Montgomery,Springfield Twp,4,4,153,4,0,In Progress
Bucks,Middletown Twp,1,10,140,4,0,In Progress
Columbia,Centralia Boro,9,27,109,4,0,In Progress
Allegheny,Franklin Pk,17,38,28,4,0,In Progress
Westmoreland,North Huntingdon Twp,14,39,57,4,0,In Progress
Bradford,Alba Boro,9,23,68,4,0,In Progress
Montgomery,Conshohocken Boro,5,17,149,4,0,In Progress
Fayette,North Union Twp,14,32,51,3,912,
Cambria,Johnstown City,13,35,72,3,869,
Cambria,Richland Twp,13,35,71,3,854,
Centre,Benner Twp.,15,25,82,3,631,
Centre,Bellefonte Boro.,15,25,171,3,507,
Venango,Oil City,15,21,64,3,480,
Centre,Walker Twp.,15,25,171,3,439,
Venango,Cranberry Twp,15,21,64,3,380,
Fayette,Connellsville City,14,32,52,3,290,
Warren,Conewango Twp,15,21,65,3,239,
Centre,Gregg Twp.,15,25,171,3,209,
Perry,Wheatfield Twp,13,34,86,3,209,
Armstrong,Manor Twp,15,41,60,3,207,
Perry,Marysville Boro,13,34,86,3,147,
Venango,Plum Twp,15,21,64,3,56,
Armstrong,Bethel Twp,15,41,60,3,55,
Cumberland,Silver Spring Twp,10,34,88,3,2,In Progress
Centre,Patton Twp.,15,25,77,3,2,In Progress
York,West Manchester Twp,11,28,93,3,1,In Progress
Dauphin,Lower Paxton Twp,10,15,106,3,1,In Progress
Dauphin,Swatara Twp,10,15,125,3,1,In Progress
York,York City,10,31,47,3,1,In Progress
Lancaster,Manor Twp,11,36,41,3,1,In Progress
Luzerne,Hazleton City,9,27,117,3,0,In Progress
Northampton,Bethlehem Twsp,7,18,138,3,0,In Progress
Allegheny,Mckeesport,17,43,34,3,0,In Progress
Bucks,Buckingham Twp,1,10,31,3,0,In Progress
Cumberland,Lower Allen Twp,10,34,199,3,0,In Progress
Lancaster,Lampeter West Twp,11,13,49,3,0,In Progress
Montgomery,Montgomery Twp,4,12,61,3,0,In Progress
Montgomery,Montgomery Twp,4,12,53,3,0,In Progress
Allegheny,Ross,17,43,32,3,0,In Progress
Montgomery,Plymouth Twp,4,12,70,3,0,In Progress
Allegheny,Robinson,17,42,45,3,0,In Progress
Cumberland,East Pennsboro Twp,10,34,87,3,0,In Progress
Northampton,Easton,7,18,137,3,0,In Progress
Chester,Phoenixville Boro,6,44,157,3,0,In Progress
Allegheny,S Fayette,12,37,40,3,0,In Progress
Berks,Reading,4,11,126,3,0,In Progress
Chester,Modena Boro,6,19,74,3,0,In Progress
Montgomery,Lower Salford Twp,4,24,70,3,0,In Progress
Berks,Spring Twp,6,11,126,3,0,In Progress
Bradford,New Albany Boro,9,23,110,3,0,In Progress
Lancaster,Lampeter East Twp,11,36,37,3,0,In Progress
Allegheny,S Fayette,17,42,42,3,0,In Progress
Delaware,Haverford Twp,5,9,160,3,0,In Progress
Allegheny,Scott,12,37,40,3,0,In Progress
Montgomery,Lower Merion Twp,4,4,153,3,0,In Progress
Berks,Muhlenberg Twp,6,11,127,3,0,In Progress
Allegheny,Scott,12,37,42,3,0,In Progress
Chester,Tredyffrin Twp,6,9,158,3,0,In Progress
Lackawanna,Dunmore,8,22,113,3,0,In Progress
Bucks,Doylestown Twp,1,6,144,3,0,In Progress
Westmoreland,E Huntingdon Twp,14,39,57,3,0,In Progress
Chester,Uwchlan Twp,6,19,156,3,0,In Progress
Allegheny,Jefferson Hl,12,45,38,3,0,In Progress
Delaware,Marple Twp,5,9,168,3,0,In Progress
Luzerne,Hanover Twp,8,22,121,3,0,In Progress
Montgomery,Lansdale Boro,4,24,61,3,0,In Progress
Montgomery,Plymouth Twp,5,17,149,3,0,In Progress
Montgomery,Lansdale Boro,1,12,53,3,0,In Progress
Montgomery,Jenkintown Boro,4,4,153,3,0,In Progress
York,York Twp,11,28,94,3,0,In Progress
Greene,Clarksville Boro,14,46,50,3,0,In Progress
Montgomery,Hatfield Twp,4,24,61,3,0,In Progress
Lackawanna,Jessup,8,22,114,3,0,In Progress
Montgomery,Hatfield Twp,4,12,70,3,0,In Progress
Forest,Howe Twp,15,21,65,3,0,In Progress
Montgomery,Whitpain Twp,4,44,150,3,0,In Progress
Montgomery,Franconia Twp,4,24,61,3,0,In Progress
Bucks,Lower Makefield Twp,1,10,29,3,0,In Progress
Chester,E Marlborough Twnshp,6,44,74,3,0,In Progress
Westmoreland,Munic Of Murrysville,12,39,56,3,0,In Progress
Montgomery,East Norriton Twp,4,12,61,3,0,In Progress
Lancaster,Penn Twp,11,36,97,3,0,In Progress
Delaware,Aston Twp,5,26,165,3,0,In Progress
Allegheny,Forest Hills,12,43,34,3,0,In Progress
Montgomery,Whitpain Twp,4,24,146,3,0,In Progress
Lancaster,Lancaster City,11,13,97,3,0,In Progress
Cumberland,Silver Spring Twp,10,31,88,3,0,In Progress
Bucks,Bristol Twp,1,6,18,3,0,In Progress
Bucks,Lower Southampton Twp,1,10,29,3,0,In Progress
Allegheny,Mt Lebanon,12,37,40,3,0,In Progress
Chester,E Goshen Twp,6,44,155,3,0,In Progress
Montgomery,Cheltenham Twp,4,12,152,3,0,In Progress
Cumberland,Upper Allen Twp,10,31,103,3,0,In Progress
Bucks,Warwick Twp,1,10,29,3,0,In Progress
Lancaster,Lancaster Twp,11,13,96,3,0,In Progress
Allegheny,Pine,17,37,28,3,0,In Progress
Wyoming,Meshoppen Boro,9,20,110,3,0,In Progress
Montgomery,Towamencin Twp,4,24,146,3,0,In Progress
Lycoming,Brown Twp,15,23,84,3,0,In Progress
Allegheny,Casl Shannon,17,42,42,3,0,In Progress
Dauphin,Derry Twp,10,15,104,3,0,In Progress
Chester,E Fallowfield Twnshp,6,44,155,3,0,In Progress
Lancaster,Hempfield West Twp,11,13,96,3,0,In Progress
Allegheny,Mt Lebanon,17,37,45,3,0,In Progress
Bedford,Rainsburg Boro,13,32,78,3,0,In Progress
Allegheny,South Park,12,37,40,3,0,In Progress
Bucks,Warminster Twp,1,6,18,3,0,In Progress
Lancaster,Hempfield East Twp,11,36,96,3,0,In Progress
Allegheny,N Fayette,17,37,45,3,0,In Progress
Allegheny,Bethel Park,17,42,42,3,0,In Progress
Erie,Wattsburg Boro,16,49,4,3,0,In Progress
Bucks,Warrington Twp,1,16,143,3,0,In Progress
Delaware,Newtown Twp,5,9,168,3,0,In Progress
Lehigh,Allentown,7,14,133,3,0,In Progress
Allegheny,Pittsburgh,12,45,36,3,0,In Progress
Bucks,Warwick Twp,1,6,144,3,0,In Progress
Lehigh,Allentown,7,16,131,3,0,In Progress
Bucks,Northampton Twp,1,16,143,3,0,In Progress
Erie,North East Boro,16,49,3,3,0,In Progress
Beaver,Frankfort Springs,17,46,15,3,0,In Progress
Montgomery,Upper Dublin Twp,1,12,53,3,0,In Progress
Montgomery,Upper Providence Twp,4,17,70,3,0,In Progress
Allegheny,Up St Clair,12,43,23,3,0,In Progress
Beaver,Georgetown Boro,17,47,15,3,0,In Progress
Allegheny,Up St Clair,17,42,27,3,0,In Progress
Erie,Millcreek Twp,16,49,2,3,0,In Progress
Allegheny,Up St Clair,17,42,42,3,0,In Progress
Delaware,Ridley Twp,5,9,159,3,0,In Progress
Montgomery,Upper Dublin Twp,4,24,61,3,0,In Progress
Bucks,West Rockhill Twp,1,6,144,3,0,In Progress
Lancaster,Ephrata Twp,11,36,37,3,0,In Progress
Montgomery,Upper Moreland Twp,1,12,53,3,0,In Progress
Erie,Harborcreek Twp.,16,49,3,3,0,In Progress
Allegheny,Avalon,17,42,30,3,0,In Progress
Butler,Penn Twp,16,21,11,3,0,In Progress
York,West Manchester Twp,10,31,95,3,0,In Progress
Chester,Downingtown Boro,6,44,155,3,0,In Progress
Beaver,Hookstown Boro,17,47,15,3,0,In Progress
Allegheny,Pittsburgh,17,38,28,3,0,In Progress
Bucks,Warminster Twp,1,10,143,3,0,In Progress
Bucks,Bensalem Twp,1,10,141,3,0,In Progress
Montgomery,Upper Dublin Twp,4,7,148,3,0,In Progress
Allegheny,Whitehall,17,38,28,3,0,In Progress
Allegheny,Whitehall,17,42,42,3,0,In Progress
Indiana,Rayne,14,41,62,3,0,In Progress
Erie,Franklin Twp,16,49,2,3,0,In Progress
Butler,Karns City Boro,16,21,17,3,0,In Progress
Bedford,Hopewell Boro,13,32,78,3,0,In Progress
Allegheny,Wilkinsburg,12,38,24,3,0,In Progress
Lancaster,Manheim Twp,11,36,41,3,0,In Progress
Indiana,Plumville,14,41,66,3,0,In Progress
Lehigh,Upper Milford,7,14,132,3,0,In Progress
Lancaster,Earl West Twp,11,36,37,3,0,In Progress
Dauphin,Susquehanna Twp,10,15,104,3,0,In Progress
Montgomery,Upper Gwynedd Twp,4,12,70,3,0,In Progress
Delaware,Upper Chichester Twp,5,9,161,3,0,In Progress
Lehigh,South Whitehall,7,16,187,3,0,In Progress
Chester,W Whiteland Twp,6,19,156,3,0,In Progress
Allegheny,Wilkinsburg,17,43,32,3,0,In Progress
Fayette,South Union Twp,14,32,51,2,1097,
Fayette,Uniontown City,14,32,51,2,618,
Cambria,Westmont Boro,13,35,72,2,484,
Fayette,Bullskin Twp,14,32,52,2,438,
Cambria,Cambria Twp,13,35,72,2,397,
Cambria,Upper Yoder Twp,13,35,72,2,366,
Cambria,Adams Twnshp,13,35,71,2,261,
Fayette,Masontown Boro,14,32,51,2,200,
Warren,Pleasant Twp,15,21,65,2,196,
Potter,Coudersport,15,25,67,2,135,
Fayette,Jefferson Twp,14,32,52,2,106,
Centre,Haines Twp.,15,25,171,2,92,
Armstrong,West Franklin Twp,15,41,63,2,89,
Perry,Juniata Twp,13,34,86,2,72,
Huntingdon,Cromwell Twp,13,30,81,2,56,
Venango,President Twp,15,21,64,2,49,
Centre,Millheim Boro.,15,25,171,2,42,
Perry,Sandy Hill Dist,13,34,86,2,41,
Venango,Scrubgrass Twp,15,21,64,2,40,
Cambria,Dean Twp,13,35,71,2,30,
Perry,Miller Twp,13,34,86,2,28,
Warren,Tidioute Boro,15,21,65,2,18,In Progress
Butler,Center Twp,16,21,11,2,2,In Progress
Allegheny,Pittsburgh,12,45,34,2,2,In Progress
Dauphin,Lower Paxton Twp,10,15,103,2,1,In Progress
Butler,Petrolia Boro,16,21,17,2,1,In Progress
Dauphin,Lower Paxton Twp,10,15,104,2,1,In Progress
Delaware,Upper Darby Twp,5,9,161,2,1,In Progress
Cumberland,North Middleton Twp,10,34,193,2,1,In Progress
York,Manchester Twp,10,31,95,2,1,In Progress
Northampton,Bethlehem Twsp,7,18,135,2,1,In Progress
York,Dover Twp,10,31,95,2,1,In Progress
Chester,West Chester Boro,6,19,167,2,1,In Progress
Lancaster,Lampeter East Twp,11,36,97,2,0,In Progress
Lehigh,Whitehall,7,14,134,2,0,In Progress
Chester,Wallace Twp,6,44,74,2,0,In Progress
Beaver,Chippewa Twp,17,47,15,2,0,In Progress
Lancaster,Lampeter West Twp,11,36,41,2,0,In Progress
Bucks,Warrington Twp,1,10,29,2,0,In Progress
Beaver,Brighton Twp,17,47,14,2,0,In Progress
Lancaster,Lampeter East Twp,11,13,96,2,0,In Progress
Beaver,Economy Boro,17,47,16,2,0,In Progress
York,York Twp,10,31,47,2,0,In Progress
Beaver,Baden Boro,17,47,14,2,0,In Progress
Lancaster,Lancaster City,11,36,37,2,0,In Progress
Beaver,Baden Boro,17,46,15,2,0,In Progress
Erie,Greenfield Twp,16,49,3,2,0,In Progress
Chester,W Whiteland Twp,6,44,157,2,0,In Progress
Erie,Harborcreek Twp.,16,49,4,2,0,In Progress
Allegheny,Baldwin Br,12,37,40,2,0,In Progress
Delaware,Upper Providence Twp,5,9,160,2,0,In Progress
Lancaster,Lancaster Twp,11,36,43,2,0,In Progress
Lycoming,South Williamsport,9,23,83,2,0,In Progress
Lancaster,Lancaster Twp,11,36,97,2,0,In Progress
Chester,West Chester Boro,6,19,74,2,0,In Progress
Chester,W Whiteland Twp,6,44,155,2,0,In Progress
Delaware,Upper Providence Twp,5,26,163,2,0,In Progress
Delaware,Ridley Twp,5,9,161,2,0,In Progress
Lancaster,Leacock Upper Twp,11,36,37,2,0,In Progress
Lancaster,Leacock Upper Twp,11,36,43,2,0,In Progress
Bucks,Warrington Twp,1,10,143,2,0,In Progress
Beaver,Hopewell Twp,17,47,15,2,0,In Progress
Chester,West Chester Boro,6,9,160,2,0,In Progress
Lancaster,Lititz Boro,11,36,96,2,0,In Progress
Chester,Westtown Twp,6,19,13,2,0,In Progress
Allegheny,Wilkinsburg,17,42,42,2,0,In Progress
Lancaster,Manheim Twp,11,13,100,2,0,In Progress
Beaver,Shippingport Boro,17,47,15,2,0,In Progress
Chester,Westtown Twp,6,19,156,2,0,In Progress
Allegheny,Wilkinsburg,17,42,21,2,0,In Progress
Allegheny,Wilkinsburg,12,45,25,2,0,In Progress
Chester,Willistown Twp,6,19,167,2,0,In Progress
Clarion,Brady Twp.,15,21,63,2,0,In Progress
Schuylkill,Mount Carbon Boro,9,29,123,2,0,In Progress
Chester,W Vincent Twp,6,44,74,2,0,In Progress
Clarion,Callensburg Boro,15,21,63,2,0,In Progress
Lancaster,Manor Twp,11,13,100,2,0,In Progress
Philadelphia,(Empty),2,2,180,2,0,In Progress
Lancaster,Donegal East Twp,11,13,49,2,0,In Progress
Chester,W Vincent Twp,6,19,167,2,0,In Progress
Lancaster,Denver Boro,11,13,49,2,0,In Progress
Allegheny,Baldwin Br,17,37,46,2,0,In Progress
Allegheny,Whitehall,12,37,40,2,0,In Progress
York,Red Lion Boro,10,28,94,2,0,In Progress
Delaware,Ridley Twp,5,26,165,2,0,In Progress
Chester,W Sadsbury Twp,6,19,13,2,0,In Progress
Allegheny,Whitehall,12,37,39,2,0,In Progress
Allegheny,West Mifflin,12,43,23,2,0,In Progress
Lancaster,Millersville Boro,11,13,97,2,0,In Progress
Schuylkill,West Penn Twp,9,29,123,2,0,In Progress
Lancaster,Mount Joy Boro,11,36,37,2,0,In Progress
Allegheny,Swissvale,12,45,25,2,0,In Progress
Chester,W Goshen Twp,6,44,74,2,0,In Progress
Lancaster,Akron Boro,11,36,97,2,0,In Progress
Clearfield,New Washington Boro,15,35,75,2,0,In Progress
Allegheny,Swissvale,12,37,40,2,0,In Progress
Allegheny,South Park,17,38,30,2,0,In Progress
Lackawanna,Throop,8,40,112,2,0,In Progress
Lancaster,New Holland Boro,11,36,37,2,0,In Progress
Lackawanna,Taylor,8,40,112,2,0,In Progress
Lackawanna,Taylor,8,22,113,2,0,In Progress
Lackawanna,Scranton,8,40,113,2,0,In Progress
Lackawanna,Scott Twp,8,40,112,2,0,In Progress
Allegheny,Shaler,17,42,42,2,0,In Progress
Berks,Cumru Twp,6,11,129,2,0,In Progress
Lancaster,Penn Twp,11,36,41,2,0,In Progress
Lackawanna,Old Forge,8,22,113,2,0,In Progress
Allegheny,Shaler,17,38,33,2,0,In Progress
Allegheny,Shaler,17,38,20,2,0,In Progress
Lancaster,Penn Twp,11,36,98,2,0,In Progress
Lancaster,Pequea Twp,11,13,49,2,0,In Progress
Allegheny,Shaler,17,37,46,2,0,In Progress
Delaware,Upper Darby Twp,5,9,160,2,0,In Progress
Berks,Exeter Twp,6,11,129,2,0,In Progress
Chester,W Bradford Twp,6,19,155,2,0,In Progress
Cumberland,Camp Hill Boro,10,31,87,2,0,In Progress
Lancaster,Rapho Twp,11,36,98,2,0,In Progress
Somerset,Shanksville Boro,14,32,69,2,0,In Progress
Berks,Greenwich Twp,4,48,130,2,0,In Progress
Chester,Uwchlan Twp,6,44,74,2,0,In Progress
Northumberland,(Empty),9,27,107,2,0,In Progress
Bucks,Warminster Twp,1,6,178,2,0,In Progress
Northampton,Williams Twsp,7,18,137,2,0,In Progress
Lackawanna,Dunmore,8,40,112,2,0,In Progress
Lackawanna,Dunmore,8,22,118,2,0,In Progress
Lackawanna,Dunmore,8,22,114,2,0,In Progress
Allegheny,Scott,12,42,19,2,0,In Progress
Northampton,Stockertown Boro,7,18,137,2,0,In Progress
Berks,Muhlenberg Twp,4,48,5,2,0,In Progress
York,York City,11,28,169,2,0,In Progress
Cumberland,Camp Hill Boro,10,34,87,2,0,In Progress
Northampton,Palmer,7,18,138,2,0,In Progress
Lawrence,Ellwood City,16,50,9,2,0,In Progress
Allegheny,S Fayette,17,37,44,2,0,In Progress
Allegheny,S Fayette,12,38,21,2,0,In Progress
Berks,Ontelaunee Twp,4,11,130,2,0,In Progress
Chester,Schuylkill Twp,6,44,155,2,0,In Progress
Northampton,Lower Saucon Twsp,7,18,135,2,0,In Progress
Cumberland,Dickinson Twp,10,34,87,2,0,In Progress
Berks,Reading,4,24,130,2,0,In Progress
Berks,Reading,6,11,128,2,0,In Progress
Cumberland,East Pennsboro Twp,10,31,88,2,0,In Progress
Northampton,Hanover,7,18,136,2,0,In Progress
Northampton,Hanover,7,18,135,2,0,In Progress
Berks,Ruscombmanor Twp,4,48,5,2,0,In Progress
Chester,Penn Twp,6,9,13,2,0,In Progress
Northampton,Freemansburg,7,18,137,2,0,In Progress
Lackawanna,Carbondale,8,22,113,2,0,In Progress
Northampton,Easton,7,18,135,2,0,In Progress
Cumberland,Hampden Twp,10,31,103,2,0,In Progress
Delaware,Upper Darby Twp,5,26,165,2,0,In Progress
Cumberland,Hampden Twp,10,34,87,2,0,In Progress
Berks,Spring Twp,4,48,5,2,0,In Progress
Allegheny,Ross,17,38,21,2,0,In Progress
Cumberland,Mechanicsburg Boro,10,31,87,2,0,In Progress
Chester,New Garden Twp,6,19,13,2,0,In Progress
Bucks,Upper Southampton Twp,1,6,144,2,0,In Progress
Chester,Malvern Boro,6,44,167,2,0,In Progress
Allegheny,Robinson,17,42,42,2,0,In Progress
Northampton,Bethlehem Twsp,7,18,136,2,0,In Progress
Allegheny,Robinson,17,37,44,2,0,In Progress
Lebanon,Bethel Twp,9,48,101,2,0,In Progress
Northampton,Bethlehem,7,18,137,2,0,In Progress
Chester,London Britain Tnshp,6,9,158,2,0,In Progress
Lebanon,Cold Spring Twp,9,48,102,2,0,In Progress
Northampton,Bethlehem,7,18,136,2,0,In Progress
Northampton,Bethlehem,7,14,183,2,0,In Progress
Northampton,Bethlehem,7,14,137,2,0,In Progress
Northampton,Bethlehem,7,14,135,2,0,In Progress
Northampton,Bath Boro,7,18,136,2,0,In Progress
Allegheny,Richland,12,45,38,2,0,In Progress
Bucks,Upper Makefield Twp,1,6,144,2,0,In Progress
Delaware,Ridley Twp,5,26,164,2,0,In Progress
Cumberland,New Cumberland Boro,10,34,88,2,0,In Progress
Cumberland,Newville Boro,10,34,88,2,0,In Progress
Cumberland,North Middleton Twp,10,31,88,2,0,In Progress
Mercer,Sugar Grove,16,50,7,2,0,In Progress
Berks,Wyomissing Boro,6,11,127,2,0,In Progress
Cumberland,Penn Twp,10,34,199,2,0,In Progress
Blair,Frankstown Twp,13,30,79,2,0,In Progress
Blair,Hollidaysburg Boro,13,30,79,2,0,In Progress
Allegheny,Richland,12,38,21,2,0,In Progress
Montgomery,Whitpain Twp,4,7,148,2,0,In Progress
Allegheny,Reserve,17,43,34,2,0,In Progress
Montgomery,Whitpain Twp,4,4,154,2,0,In Progress
Allegheny,Reserve,17,38,21,2,0,In Progress
Montgomery,Whitpain Twp,4,24,61,2,0,In Progress
Cumberland,Silver Spring Twp,10,31,87,2,0,In Progress
Cumberland,Silver Spring Twp,10,34,103,2,0,In Progress
Montgomery,Whitpain Twp,4,17,70,2,0,In Progress
Cumberland,Silver Spring Twp,10,34,199,2,0,In Progress
Montgomery,Whitpain Twp,4,12,153,2,0,In Progress
Montgomery,Whitpain Twp,1,12,147,2,0,In Progress
Montgomery,Whitemarsh Twp,5,17,54,2,0,In Progress
Cumberland,South Middleton Twp,10,31,87,2,0,In Progress
Cumberland,Upper Allen Twp,10,34,103,2,0,In Progress
Chester,E Goshen Twp,6,19,155,2,0,In Progress
Allegheny,Pittsburgh,17,45,42,2,0,In Progress
Montgomery,Whitemarsh Twp,4,12,61,2,0,In Progress
Butler,Adams Twp,16,47,8,2,0,In Progress
Montgomery,Whitemarsh Twp,4,12,153,2,0,In Progress
Chester,E Fallowfield Twnshp,6,19,13,2,0,In Progress
Dauphin,East Hanover Twp,10,15,105,2,0,In Progress
Dauphin,Harrisburg,10,15,106,2,0,In Progress
Montgomery,West Norriton Twp,5,17,54,2,0,In Progress
Chester,E Bradford Twp,6,44,155,2,0,In Progress
Allegheny,Pittsburgh,17,42,21,2,0,In Progress
Chester,E Bradford Twp,6,19,158,2,0,In Progress
Allegheny,Pittsburgh,17,37,46,2,0,In Progress
Lehigh,Allentown,7,16,183,2,0,In Progress
Dauphin,South Hanover Twp,10,15,105,2,0,In Progress
Lehigh,Allentown,7,18,133,2,0,In Progress
Lehigh,Bethlehem,7,14,132,2,0,In Progress
Lehigh,Bethlehem,7,14,133,2,0,In Progress
Montgomery,West Norriton Twp,4,44,150,2,0,In Progress
Allegheny,Pittsburgh,17,37,30,2,0,In Progress
Montgomery,West Norriton Twp,4,24,61,2,0,In Progress
Dauphin,Swatara Twp,10,15,106,2,0,In Progress
York,York City,10,28,94,2,0,In Progress
Chester,Charlestown Twp,6,44,26,2,0,In Progress
Indiana,Center,15,41,66,2,0,In Progress
Montgomery,West Norriton Twp,4,12,70,2,0,In Progress
Delaware,Aston Twp,5,9,160,2,0,In Progress
Montgomery,Upper Salford Twp,4,24,70,2,0,In Progress
Chester,Caln Twp,6,19,74,2,0,In Progress
Allegheny,Pine,17,37,30,2,0,In Progress
Delaware,Ridley Twp,5,17,166,2,0,In Progress
Lehigh,Lower Macungie,7,16,131,2,0,In Progress
Montgomery,Upper Salford Twp,1,12,147,2,0,In Progress
Allegheny,Penn Hills,17,38,30,2,0,In Progress
Chester,Birmingham Twp,6,19,167,2,0,In Progress
Montgomery,Upper Providence Twp,4,24,150,2,0,In Progress
Allegheny,Baldwin Br,17,38,20,2,0,In Progress
Allegheny,Penn Hills,12,45,32,2,0,In Progress
Montgomery,Upper Providence Twp,1,24,131,2,0,In Progress
Union,East Buffalo,15,23,76,2,0,In Progress
Allegheny,Penn Hills,12,43,34,2,0,In Progress
Lehigh,North Whitehall,7,16,132,2,0,In Progress
Allegheny,Penn Hills,12,42,19,2,0,In Progress
Montgomery,Upper Moreland Twp,4,24,61,2,0,In Progress
York,North York Boro,10,31,95,2,0,In Progress
Allegheny,Baldwin Tp,12,37,40,2,0,In Progress
Allegheny,Ohio,17,38,28,2,0,In Progress
Lehigh,Salisbury,7,16,131,2,0,In Progress
Allegheny,Ohio,17,37,44,2,0,In Progress
Lehigh,Salisbury,7,16,187,2,0,In Progress
Montgomery,Upper Merion Twp,4,12,53,2,0,In Progress
Delaware,Radnor Twp,5,26,168,2,0,In Progress
Lehigh,South Whitehall,7,14,133,2,0,In Progress
Allegheny,Avalon,17,38,30,2,0,In Progress
Allegheny,Baldwin Tp,17,38,21,2,0,In Progress
York,North Codorus Twp,11,28,169,2,0,In Progress
Butler,Butler City,16,21,17,2,0,In Progress
Montgomery,Upper Gwynedd Twp,4,24,146,2,0,In Progress
Erie,Summit Twp,16,49,1,2,0,In Progress
Montgomery,Upper Gwynedd Twp,4,12,53,2,0,In Progress
Montgomery,Upper Gwynedd Twp,4,12,153,2,0,In Progress
Bucks,Newtown Twp,1,6,144,2,0,In Progress
Bucks,Bensalem Twp,1,10,31,2,0,In Progress
York,New Freedom Boro,11,28,93,2,0,In Progress
Montgomery,Upper Dublin Twp,4,44,150,2,0,In Progress
Erie,Summit Twp,16,49,4,2,0,In Progress
Montgomery,Upper Dublin Twp,4,4,154,2,0,In Progress
Montgomery,Upper Dublin Twp,4,24,70,2,0,In Progress
Adams,Cumberland Twp,13,33,193,2,0,In Progress
Allegheny,Oakmont,17,38,33,2,0,In Progress
Montgomery,Upper Dublin Twp,4,17,70,2,0,In Progress
Bucks,Newtown Twp,1,16,143,2,0,In Progress
Adams,Germany Twp,13,33,193,2,0,In Progress
Montgomery,Upper Dublin Twp,4,12,70,2,0,In Progress
Bucks,Upper Makefield Twp,1,10,29,2,0,In Progress
Erie,Edinboro,16,49,1,2,0,In Progress
Luzerne,Ashley Boro,8,20,117,2,0,In Progress
Delaware,Thornbury Twp,5,26,165,2,0,In Progress
Allegheny,N Versailles,12,45,35,2,0,In Progress
Bucks,Tullytown Boro,1,6,18,2,0,In Progress
Mercer,Delaware,16,50,7,2,0,In Progress
Montgomery,Trappe Boro Boro,4,44,150,2,0,In Progress
Washington,Boro Of Green Hills,14,46,48,2,0,In Progress
Butler,Connoquenessing Twp,16,21,11,2,0,In Progress
Montgomery,Trappe Boro Boro,1,24,131,2,0,In Progress
Montgomery,Towamencin Twp,5,17,149,2,0,In Progress
Luzerne,Butler Twp,8,20,119,2,0,In Progress
Mifflin,Derry Twp,13,30,171,2,0,In Progress
Allegheny,Bellevue,17,37,30,2,0,In Progress
Montgomery,Towamencin Twp,4,24,147,2,0,In Progress
Delaware,Springfield Twp,5,8,163,2,0,In Progress
Allegheny,Bethel Park,12,45,35,2,0,In Progress
Allegheny,Mt Lebanon,12,43,23,2,0,In Progress
Montgomery,Towamencin Twp,4,12,70,2,0,In Progress
Montgomery,Towamencin Twp,1,12,53,2,0,In Progress
Montgomery,Towamencin Twp,1,12,151,2,0,In Progress
Luzerne,Dallas Twp,8,20,119,2,0,In Progress
Bucks,Newtown Twp,1,10,29,2,0,In Progress
Bucks,Bridgeton Twp,1,10,29,2,0,In Progress
Delaware,Collingdale Boro,5,9,159,2,0,In Progress
Allegheny,Mt Lebanon,12,42,21,2,0,In Progress
Montgomery,Springfield Twp,4,7,148,2,0,In Progress
Allegheny,Mt Lebanon,12,38,24,2,0,In Progress
Montgomery,Springfield Twp,4,12,153,2,0,In Progress
Montgomery,Souderton Boro,4,24,147,2,0,In Progress
Luzerne,Edwardsville Boro,8,22,118,2,0,In Progress
Montgomery,Skippack Twp,4,24,146,2,0,In Progress
Montgomery,Skippack Twp,1,12,147,2,0,In Progress
Bucks,Bristol Boro,1,6,18,2,0,In Progress
Montgomery,Salford Twp,4,24,147,2,0,In Progress
Allegheny,Mt Lebanon,12,37,42,2,0,In Progress
Bucks,Bristol Twp,1,10,31,2,0,In Progress
Montgomery,Royersford Boro,4,24,146,2,0,In Progress
Delaware,Concord Twp,5,9,168,2,0,In Progress
Montgomery,Pottstown Boro,5,17,54,2,0,In Progress
Montgomery,Pottstown Boro,5,17,149,2,0,In Progress
Monroe,Hamilton,8,40,115,2,0,In Progress
Erie,Fairview Twp,16,49,1,2,0,In Progress
Allegheny,Moon,17,37,45,2,0,In Progress
Washington,Twp. Of North Strabane,14,46,40,2,0,In Progress
Allegheny,Monroeville,17,38,28,2,0,In Progress
Luzerne,Hanover Twp,9,27,117,2,0,In Progress
Montgomery,Plymouth Twp,4,4,154,2,0,In Progress
Montgomery,Plymouth Twp,4,17,70,2,0,In Progress
Luzerne,Hazle Twp,8,27,117,2,0,In Progress
Allegheny,Monroeville,17,38,20,2,0,In Progress
Lycoming,Loyalsock Twp,15,23,84,2,0,In Progress
Delaware,Springfield Twp,5,9,168,2,0,In Progress
Montgomery,Plymouth Twp,4,12,151,2,0,In Progress
Allegheny,Monroeville,12,42,27,2,0,In Progress
Allegheny,Mckeesport,12,42,19,2,0,In Progress
Cameron,Portage Twp,15,25,67,2,0,In Progress
Wayne,Palmyra Twp.,8,20,111,2,0,In Progress
Wayne,Paupack Twp.,8,40,139,2,0,In Progress
Allegheny,Mccandless,17,42,27,2,0,In Progress
Montgomery,Perkiomen Twp,4,24,150,2,0,In Progress
Bucks,Buckingham Twp,1,6,142,2,0,In Progress
Allegheny,Mccandless,17,38,28,2,0,In Progress
Delaware,Edgmont Twp,5,9,160,2,0,In Progress
Montgomery,Norristown Boro,4,12,54,2,0,In Progress
Luzerne,Kingston Boro,8,22,121,2,0,In Progress
Montgomery,New Hanover Twp,4,44,150,2,0,In Progress
Bucks,Chalfont Boro,1,10,31,2,0,In Progress
Franklin,Washington Twp,13,33,89,2,0,In Progress
Montgomery,Narberth Boro,4,7,54,2,0,In Progress
Montgomery,Montgomery Twp,5,17,149,2,0,In Progress
Wayne,Texas Twp.,8,20,111,2,0,In Progress
Delaware,Glenolden Boro,5,26,165,2,0,In Progress
Montgomery,Montgomery Twp,4,12,153,2,0,In Progress
Bucks,Chalfont Boro,1,6,144,2,0,In Progress
Delaware,Haverford Twp,5,17,168,2,0,In Progress
Montgomery,Lower Salford Twp,4,24,61,2,0,In Progress
Montgomery,Lower Salford Twp,1,12,147,2,0,In Progress
Montgomery,Lower Providence Twp,4,7,148,2,0,In Progress
Montgomery,Lower Pottsgrove Twp,4,17,70,2,0,In Progress
Franklin,Peters Twp,13,33,89,2,0,In Progress
Bucks,Doylestown Twp,1,16,143,2,0,In Progress
Franklin,Orrstown Boro,13,33,81,2,0,In Progress
Bucks,Doylestown Twp,1,6,142,2,0,In Progress
Montgomery,Lower Merion Twp,4,7,148,2,0,In Progress
Allegheny,Mccandless,12,43,24,2,0,In Progress
York,Windsor Twp,10,31,92,2,0,In Progress
Montgomery,Lower Merion Twp,4,17,70,2,0,In Progress
Delaware,Marple Twp,5,17,166,2,0,In Progress
Allegheny,Marshall,12,37,40,2,0,In Progress
Lycoming,Wolf Twp,9,23,83,2,0,In Progress
Montgomery,Limerick Twp,4,44,150,2,0,In Progress
Bucks,Falls Twp,1,10,31,2,0,In Progress
Westmoreland,Greensburg,14,39,55,2,0,In Progress
Luzerne,Plains Twp,8,22,118,2,0,In Progress
Bucks,Falls Twp,1,6,140,2,0,In Progress
Montgomery,Lansdale Boro,4,12,153,2,0,In Progress
Luzerne,Plymouth Boro,8,20,120,2,0,In Progress
Franklin,Chambersburg Boro,13,33,90,2,0,In Progress
Westmoreland,Hempfield Twp,12,39,56,2,0,In Progress
Montgomery,Lansdale Boro,1,12,147,2,0,In Progress
Delaware,Media Boro,5,9,168,2,0,In Progress
Montgomery,Jenkintown Boro,4,12,152,2,0,In Progress
Westmoreland,Hempfield Twp,14,39,58,2,0,In Progress
Delaware,Middletown Twp,5,17,168,2,0,In Progress
Montgomery,Horsham Twp,4,24,147,2,0,In Progress
Bucks,Falls Twp,1,6,178,2,0,In Progress
Butler,Mars Boro,16,47,8,2,0,In Progress
Westmoreland,Jeannette,14,39,57,2,0,In Progress
Delaware,Middletown Twp,5,9,160,2,0,In Progress
Luzerne,Sugarloaf Twp,8,27,117,2,0,In Progress
Montgomery,Hatfield Twp,1,24,131,2,0,In Progress
Bucks,Lower Makefield Twp,1,10,140,2,0,In Progress
Montgomery,Hatboro Boro,1,12,53,2,0,In Progress
Allegheny,Harmar,17,43,34,2,0,In Progress
Delaware,Nether Providence Twp,5,9,159,2,0,In Progress
Monroe,Hamilton,8,40,189,2,0,In Progress
Bucks,Lower Makefield Twp,1,6,140,2,0,In Progress
Montgomery,East Norriton Twp,5,17,54,2,0,In Progress
Montgomery,East Norriton Twp,4,44,146,2,0,In Progress
Allegheny,Greentree,17,42,42,2,0,In Progress
Bucks,Lower Makefield Twp,1,6,142,2,0,In Progress
Allegheny,Fox Chapel,12,43,23,2,0,In Progress
Montgomery,East Norriton Twp,4,12,53,2,0,In Progress
Montgomery,Conshohocken Boro,5,17,54,2,0,In Progress
Allegheny,Forest Hills,12,45,25,2,0,In Progress
Westmoreland,Penn Twp,14,39,57,2,0,In Progress
Allegheny,Edgewood,12,43,34,2,0,In Progress
Allegheny,Edgewood,12,43,23,2,0,In Progress
Bucks,New Hope Boro,1,6,142,2,0,In Progress
Montgomery,Conshohocken Boro,4,12,151,2,0,In Progress
Luzerne,Wright Twp,8,20,119,2,0,In Progress
Montgomery,Collegeville Boro,4,12,70,2,0,In Progress
Bucks,Lower Southampton Twp,1,6,144,2,0,In Progress
Monroe,Middle Smithfield,8,40,176,2,0,In Progress
Montgomery,Cheltenham Twp,4,4,153,2,0,In Progress
Wyoming,(Empty),9,20,110,2,0,In Progress
Montgomery,Cheltenham Twp,4,12,151,2,0,In Progress
Bucks,Lower Southampton Twp,1,6,18,2,0,In Progress
York,Lower Chanceford Twp,10,28,95,2,0,In Progress
Montgomery,Ambler Boro,1,12,151,2,0,In Progress
Monroe,Pocono,8,40,189,2,0,In Progress
York,West York Boro,11,28,94,2,0,In Progress
Allegheny,Churchill,12,38,24,2,0,In Progress
Delaware,Springfield Twp,5,9,161,2,0,In Progress
Allegheny,Casl Shannon,12,42,36,2,0,In Progress
Bucks,Middletown Twp,1,10,29,2,0,In Progress
Allegheny,Carnegie,17,37,44,2,0,In Progress
Montgomery,Abington Twp,4,12,151,2,0,In Progress
York,Dover Twp,10,31,47,2,0,In Progress
Montgomery,Abington Twp,1,12,147,2,0,In Progress
York,Fairview Twp,10,31,95,2,0,In Progress
Monroe,Tunkhannock,8,40,115,2,0,In Progress
York,Hallam Boro,10,31,95,2,0,In Progress
Allegheny,Bethel Park,17,42,27,2,0,In Progress
Bucks,Middletown Twp,1,6,18,2,0,In Progress
York,Jackson Twp,10,31,196,2,0,In Progress
Bucks,Morrisville Boro,1,10,141,2,0,In Progress
Allegheny,Bethel Park,17,37,45,2,0,In Progress
Fayette,Georges Twp,14,32,51,1,368,
Centre,Halfmoon Twp.,15,35,77,1,319,
Fayette,Menallen Twp,14,32,51,1,284,
Mckean,Bradford Twp,15,25,67,1,246,
Fayette,Wharton Twp,14,32,51,1,230,
Warren,Pine Grove Twp,15,21,65,1,214,
Fayette,German Twp,14,32,51,1,201,
Fayette,Perry Twp,14,32,52,1,191,
Armstrong,East Franklin Twp,15,41,60,1,191,
Perry,Rye Twp,13,34,86,1,165,
Venango,Sandycreek Twp,16,21,64,1,158,
Centre,Boggs Twp.,15,25,82,1,151,
Perry,Spring Twp,13,34,86,1,146,
Armstrong,North Buffalo Twp,15,41,60,1,124,
Armstrong,Parks Twp,15,41,60,1,118,
Huntingdon,Porter Twp,13,30,81,1,106,
Fayette,Nicholson Twp,14,32,51,1,103,
Huntingdon,Warriors Mark Twp,13,30,80,1,101,
Centre,Union Twp.,15,25,82,1,97,
Venango,Frenchcreek Twp,16,21,64,1,93,
Centre,Huston Twp.,15,35,77,1,89,
Venango,Oakland Twp,15,21,64,1,75,
Warren,Sugar Grove Twp,15,21,65,1,69,
Warren,Mead Twp,15,21,65,1,59,
Centre,Howard Twp.,15,25,82,1,51,
Warren,Pittsfield Twp,15,21,65,1,50,
Warren,Farmington Twp,15,21,65,1,45,
Centre,Marion Twp.,15,25,82,1,44,
Armstrong,Mahoning Twp,15,41,63,1,44,
Centre,Penn Twp.,15,25,171,1,41,
Centre,Worth Twp.,15,35,77,1,40,
Potter,Shinglehouse Boro,15,25,67,1,33,
Perry,Millerstown Boro,13,34,86,1,33,
Fulton,Thompson Twp,13,30,78,1,33,
Potter,Sharon Twp,15,25,67,1,31,
Fayette,Fayette City Boro,14,32,52,1,19,
Centre,Port Matilda Boro.,15,35,77,1,18,
Huntingdon,Broad Top City Boro,13,30,81,1,17,
Mckean,Lewis Run Boro,15,25,67,1,17,
Armstrong,Applewold Boro,15,41,60,1,9,In Progress
Centre,Patton Twp.,15,25,82,1,3,In Progress
Lawrence,Slippery Rock Twp,16,50,9,1,2,In Progress
Chester,Uwchlan Twp,6,44,26,1,2,In Progress
Dauphin,Derry Twp,10,15,105,1,2,In Progress
Allegheny,Mt Lebanon,12,45,38,1,1,In Progress
Washington,Township Of Chartiers,14,46,48,1,1,In Progress
Washington,Boro Of Donora,14,46,50,1,1,In Progress
Allegheny,Moon,17,42,27,1,1,In Progress
Allegheny,Monroeville,12,45,32,1,1,In Progress
Washington,Boro Of Canonsburg,14,46,48,1,1,In Progress
Butler,Saxonburg Boro,16,47,12,1,1,In Progress
Delaware,Lansdowne Boro,5,26,163,1,1,In Progress
Lehigh,Upper Macungie,7,14,132,1,1,In Progress
Chester,Downingtown Boro,6,19,156,1,1,In Progress
Allegheny,(Empty),12,45,35,1,1,In Progress
Lebanon,Millcreek Twp,9,48,101,1,1,In Progress
Delaware,Marple Twp,5,26,168,1,1,In Progress
Cumberland,Middlesex Twp,10,31,88,1,1,In Progress
Bucks,Hilltown Twp,1,16,145,1,1,In Progress
Delaware,Upper Darby Twp,5,26,166,1,1,In Progress
Chester,Tredyffrin Twp,6,44,26,1,1,In Progress
York,York City,11,28,93,1,1,In Progress
Monroe,Smithfield,8,40,115,1,1,In Progress
York,York Twp,10,28,94,1,1,In Progress
York,Manchester Twp,10,31,92,1,1,In Progress
Chester,West Chester Boro,6,44,167,1,1,In Progress
Chester,W Whiteland Twp,6,44,167,1,1,In Progress
Delaware,Yeadon Boro,5,8,162,1,1,In Progress
Beaver,Brighton Twp,17,47,16,1,1,In Progress
Lancaster,Lampeter East Twp,11,36,43,1,1,In Progress
Bucks,Warrington Twp,1,6,178,1,0,In Progress
Bucks,Warwick Twp,1,10,143,1,0,In Progress
Bucks,Warrington Twp,1,10,144,1,0,In Progress
Bucks,Warwick Twp,1,10,31,1,0,In Progress
Bucks,Warrington Twp,1,10,141,1,0,In Progress
Bucks,Warwick Twp,1,16,143,1,0,In Progress
Bucks,West Rockhill Twp,1,10,29,1,0,In Progress
Bucks,Warminster Twp,1,16,145,1,0,In Progress
Bucks,Yardley Boro,1,6,142,1,0,In Progress
Bucks,Yardley Boro,1,6,144,1,0,In Progress
Delaware,Upper Providence Twp,5,9,161,1,0,In Progress
Bucks,Upper Southampton Twp,1,10,29,1,0,In Progress
Mercer,Hermitage,16,50,17,1,0,In Progress
Bucks,Upper Makefield Twp,1,6,142,1,0,In Progress
Butler,Adams Twp,16,21,11,1,0,In Progress
Butler,Butler City,16,47,8,1,0,In Progress
Bucks,Upper Makefield Twp,1,10,140,1,0,In Progress
Butler,Cherry Valley Boro,16,21,17,1,0,In Progress
Bucks,Tullytown Boro,1,6,142,1,0,In Progress
Bucks,Tullytown Boro,1,10,141,1,0,In Progress
Bucks,Tinicum Twp,1,16,145,1,0,In Progress
Bucks,Telford Boro,1,6,18,1,0,In Progress
Bucks,Solebury Twp,1,6,178,1,0,In Progress
Bucks,Richland Twp,1,16,143,1,0,In Progress
Bucks,Quakertown Boro,1,10,141,1,0,In Progress
Bucks,Plumstead Twp,1,16,143,1,0,In Progress
Butler,Cranberry Twp,16,47,8,1,0,In Progress
Bucks,Plumstead Twp,1,10,29,1,0,In Progress
Bucks,Perkasie Boro,1,16,145,1,0,In Progress
Bucks,Perkasie Boro,1,10,29,1,0,In Progress
Lycoming,South Williamsport,15,23,84,1,0,In Progress
Bucks,Penndel Boro,1,10,31,1,0,In Progress
Bucks,Northampton Twp,1,6,18,1,0,In Progress
Delaware,Upper Providence Twp,5,9,168,1,0,In Progress
York,York Twp,11,28,169,1,0,In Progress
York,York Twp,10,31,95,1,0,In Progress
York,York Twp,10,28,95,1,0,In Progress
Delaware,Upper Darby Twp,5,9,159,1,0,In Progress
Bucks,Newtown Twp,1,6,178,1,0,In Progress
Lycoming,Montoursville Boro,9,23,83,1,0,In Progress
Monroe,Coolbaugh,8,40,176,1,0,In Progress
York,York Twp,10,28,47,1,0,In Progress
Monroe,East Stroudsburg,8,40,115,1,0,In Progress
Monroe,East Stroudsburg,8,40,176,1,0,In Progress
Adams,Berwick Twp,13,33,91,1,0,In Progress
York,York City,11,28,94,1,0,In Progress
Delaware,Upper Darby Twp,5,8,191,1,0,In Progress
Bucks,Newtown Boro,1,6,142,1,0,In Progress
Delaware,Upper Darby Twp,5,8,162,1,0,In Progress
Adams,Carroll Valley,13,33,193,1,0,In Progress
Monroe,Jackson,8,40,189,1,0,In Progress
Bucks,New Hope Boro,1,16,143,1,0,In Progress
Delaware,Upper Darby Twp,5,17,168,1,0,In Progress
Bucks,New Britain Twp,1,6,178,1,0,In Progress
Monroe,Mount Pocono Boro,8,40,176,1,0,In Progress
Delaware,Upper Chichester Twp,5,9,168,1,0,In Progress
Delaware,Upper Chichester Twp,5,9,160,1,0,In Progress
Delaware,Upland Boro,5,9,159,1,0,In Progress
York,Wrightsville Boro,11,28,94,1,0,In Progress
Erie,Corry,16,49,4,1,0,In Progress
Bucks,New Britain Boro,1,16,143,1,0,In Progress
Monroe,Polk,8,40,176,1,0,In Progress
Bucks,New Britain Boro,1,10,144,1,0,In Progress
Bucks,Morrisville Boro,1,6,18,1,0,In Progress
Bucks,Morrisville Boro,1,16,145,1,0,In Progress
Adams,Oxford Twp,13,33,91,1,0,In Progress
York,Winterstown Boro,10,31,92,1,0,In Progress
Delaware,Swarthmore Boro,5,9,160,1,0,In Progress
York,Windsor Twp,11,28,93,1,0,In Progress
Monroe,Stroudsburg,8,40,115,1,0,In Progress
Erie,Fairview Twp,16,49,4,1,0,In Progress
Lycoming,Eldred Twp,9,23,83,1,0,In Progress
Lycoming,Duboistown Boro,9,23,83,1,0,In Progress
York,Windsor Twp,10,31,196,1,0,In Progress
York,Windsor Twp,10,28,95,1,0,In Progress
Lycoming,Cogan House Twp,9,23,84,1,0,In Progress
Montgomery,Abington Twp,1,12,53,1,0,In Progress
York,Windsor Twp,10,28,47,1,0,In Progress
Erie,Fairview Twp,16,49,6,1,0,In Progress
Montgomery,Abington Twp,4,12,153,1,0,In Progress
Montgomery,Abington Twp,4,12,61,1,0,In Progress
Lycoming,City Of Williamsport,9,23,84,1,0,In Progress
Erie,Girard Boro,16,49,2,1,0,In Progress
Allegheny,Aspinwall,17,42,42,1,0,In Progress
Montgomery,Abington Twp,4,7,148,1,0,In Progress
Allegheny,Avalon,12,38,24,1,0,In Progress
Montgomery,Ambler Boro,1,12,53,1,0,In Progress
Lycoming,Armstrong Twp,9,23,83,1,0,In Progress
Montgomery,Ambler Boro,4,12,61,1,0,In Progress
Montgomery,Ambler Boro,4,4,154,1,0,In Progress
Montgomery,Bridgeport Boro,4,12,70,1,0,In Progress
Montgomery,Bridgeport Boro,4,24,61,1,0,In Progress
Montgomery,Bridgeport Boro,4,24,70,1,0,In Progress
York,West Manchester Twp,11,28,94,1,0,In Progress
Montgomery,Bridgeport Boro,5,17,54,1,0,In Progress
Bucks,Lower Southampton Twp,1,6,178,1,0,In Progress
Delaware,Springfield Twp,5,9,159,1,0,In Progress
Erie,Girard Twp,16,49,3,1,0,In Progress
Montgomery,Cheltenham Twp,4,24,61,1,0,In Progress
Erie,Greene Twp,16,49,1,1,0,In Progress
Allegheny,Avalon,12,43,24,1,0,In Progress
Montgomery,Cheltenham Twp,5,17,149,1,0,In Progress
Luzerne,Wright Twp,8,22,121,1,0,In Progress
Montgomery,Collegeville Boro,4,24,146,1,0,In Progress
Bucks,Lower Southampton Twp,1,10,31,1,0,In Progress
York,West Manchester Twp,10,28,95,1,0,In Progress
Montgomery,Conshohocken Boro,4,12,54,1,0,In Progress
Montgomery,Conshohocken Boro,4,24,61,1,0,In Progress
Montgomery,Conshohocken Boro,4,4,153,1,0,In Progress
Luzerne,Wilkes-Barre City,8,29,116,1,0,In Progress
Luzerne,Wilkes-Barre City,8,27,119,1,0,In Progress
Allegheny,Avalon,12,45,25,1,0,In Progress
Bucks,Lower Southampton Twp,1,10,141,1,0,In Progress
Bucks,Lower Makefield Twp,1,6,178,1,0,In Progress
Allegheny,Avalon,17,37,45,1,0,In Progress
Erie,Greene Twp,16,49,3,1,0,In Progress
Luzerne,West Pittston Boro,8,20,120,1,0,In Progress
Montgomery,East Norriton Twp,4,4,154,1,0,In Progress
Luzerne,West Hazleton Boro,8,22,121,1,0,In Progress
Montgomery,East Norriton Twp,4,44,150,1,0,In Progress
Montgomery,East Norriton Twp,5,17,149,1,0,In Progress
Luzerne,West Hazleton Boro,8,20,120,1,0,In Progress
Montgomery,Franconia Twp,1,12,131,1,0,In Progress
Luzerne,West Hazleton Boro,8,20,119,1,0,In Progress
York,Stewartstown Boro,10,31,196,1,0,In Progress
Montgomery,Franconia Twp,4,12,70,1,0,In Progress
Delaware,Sharon Hill Boro,5,9,159,1,0,In Progress
Montgomery,Franconia Twp,4,24,70,1,0,In Progress
Montgomery,Franconia Twp,4,4,154,1,0,In Progress
Montgomery,Franconia Twp,5,17,149,1,0,In Progress
Bucks,Lower Makefield Twp,1,10,141,1,0,In Progress
Luzerne,Swoyersville Boro,8,22,121,1,0,In Progress
York,Springettsbury Twp,11,28,94,1,0,In Progress
Delaware,Rose Valley Boro,5,26,165,1,0,In Progress
Montgomery,Hatboro Boro,4,12,153,1,0,In Progress
Bucks,Langhorne Manor Boro,1,10,141,1,0,In Progress
Bucks,Hulmeville Boro,1,6,142,1,0,In Progress
Luzerne,Sugarloaf Twp,8,29,116,1,0,In Progress
York,Springettsbury Twp,10,31,95,1,0,In Progress
York,Springettsbury Twp,10,31,47,1,0,In Progress
York,Springettsbury Twp,10,31,196,1,0,In Progress
York,Springettsbury Twp,10,28,95,1,0,In Progress
Montgomery,Horsham Twp,4,12,53,1,0,In Progress
Montgomery,Horsham Twp,4,12,54,1,0,In Progress
Montgomery,Horsham Twp,4,12,61,1,0,In Progress
Montgomery,Horsham Twp,4,17,70,1,0,In Progress
Luzerne,Salem Twp,9,20,117,1,0,In Progress
Luzerne,Ross Twp,8,20,120,1,0,In Progress
Montgomery,Horsham Twp,4,4,153,1,0,In Progress
Erie,Lake City Boro,16,49,1,1,0,In Progress
Montgomery,Jenkintown Boro,4,12,153,1,0,In Progress
Allegheny,Baldwin Br,12,38,24,1,0,In Progress
Bucks,Falls Twp,1,6,142,1,0,In Progress
Montgomery,Jenkintown Boro,4,7,148,1,0,In Progress
Luzerne,Plymouth Twp,8,22,121,1,0,In Progress
Allegheny,Baldwin Br,12,43,36,1,0,In Progress
Luzerne,Plymouth Boro,8,22,121,1,0,In Progress
York,Spring Grove Boro,10,28,196,1,0,In Progress
Allegheny,Baldwin Br,12,45,36,1,0,In Progress
Montgomery,Lansdale Boro,4,12,61,1,0,In Progress
Luzerne,Plains Twp,8,20,120,1,0,In Progress
Montgomery,Lansdale Boro,4,7,54,1,0,In Progress
Montgomery,Lansdale Boro,5,17,149,1,0,In Progress
Montgomery,Lansdale Boro,5,17,54,1,0,In Progress
Allegheny,Baldwin Br,12,45,39,1,0,In Progress
Montgomery,Limerick Twp,4,24,147,1,0,In Progress
Montgomery,Limerick Twp,4,24,150,1,0,In Progress
Luzerne,Pittston City,8,27,117,1,0,In Progress
Allegheny,Baldwin Br,17,37,45,1,0,In Progress
Montgomery,Lower Gwynedd Twp,1,12,53,1,0,In Progress
Montgomery,Lower Gwynedd Twp,1,24,131,1,0,In Progress
Luzerne,Pittston City,8,20,120,1,0,In Progress
Montgomery,Lower Gwynedd Twp,4,12,152,1,0,In Progress
Bucks,East Rockhill Twp,1,6,178,1,0,In Progress
Montgomery,Lower Merion Twp,4,12,152,1,0,In Progress
Montgomery,Lower Merion Twp,4,12,61,1,0,In Progress
Bucks,Doylestown Twp,1,6,178,1,0,In Progress
York,Shrewsbury Boro,11,28,169,1,0,In Progress
Delaware,Ridley Twp,5,8,191,1,0,In Progress
Montgomery,Lower Merion Twp,4,24,61,1,0,In Progress
Delaware,Ridley Twp,5,8,163,1,0,In Progress
Montgomery,Lower Merion Twp,4,4,154,1,0,In Progress
Luzerne,Newport Twp,8,27,117,1,0,In Progress
Luzerne,Newport Twp,8,20,120,1,0,In Progress
York,Red Lion Boro,10,31,47,1,0,In Progress
Bucks,Doylestown Twp,1,16,145,1,0,In Progress
Montgomery,Lower Moreland Twp,1,12,151,1,0,In Progress
Delaware,Ridley Twp,5,26,168,1,0,In Progress
Montgomery,Lower Moreland Twp,4,24,70,1,0,In Progress
Luzerne,Nanticoke City,9,20,117,1,0,In Progress
Bucks,Doylestown Twp,1,10,31,1,0,In Progress
Montgomery,Lower Pottsgrove Twp,4,24,147,1,0,In Progress
Montgomery,Lower Pottsgrove Twp,4,24,70,1,0,In Progress
Montgomery,Lower Pottsgrove Twp,4,7,54,1,0,In Progress
Montgomery,Lower Providence Twp,1,12,53,1,0,In Progress
Montgomery,Lower Providence Twp,4,12,61,1,0,In Progress
Montgomery,Lower Providence Twp,4,17,70,1,0,In Progress
Montgomery,Lower Providence Twp,4,24,150,1,0,In Progress
Bucks,Doylestown Twp,1,10,143,1,0,In Progress
Luzerne,Nanticoke City,8,20,120,1,0,In Progress
Erie,Millcreek Twp,16,21,4,1,0,In Progress
Montgomery,Lower Salford Twp,1,12,53,1,0,In Progress
Montgomery,Lower Salford Twp,4,24,146,1,0,In Progress
Bucks,Doylestown Twp,1,10,140,1,0,In Progress
Erie,North East Boro,16,49,2,1,0,In Progress
Luzerne,Luzerne Boro,8,20,119,1,0,In Progress
Bucks,Doylestown Boro,1,10,144,1,0,In Progress
Montgomery,Marlborough Twp,4,24,147,1,0,In Progress
Bucks,Doylestown Boro,1,10,143,1,0,In Progress
York,Penn Twp,10,31,95,1,0,In Progress
Luzerne,Lehman Twp,8,20,119,1,0,In Progress
Allegheny,Baldwin Br,17,38,21,1,0,In Progress
Montgomery,Montgomery Twp,4,12,54,1,0,In Progress
Allegheny,Baldwin Br,17,43,32,1,0,In Progress
Montgomery,Montgomery Twp,4,24,147,1,0,In Progress
Montgomery,Montgomery Twp,4,24,61,1,0,In Progress
Montgomery,Montgomery Twp,4,4,154,1,0,In Progress
Delaware,Ridley Park Boro,5,26,165,1,0,In Progress
Montgomery,Narberth Boro,4,12,152,1,0,In Progress
Montgomery,Narberth Boro,4,7,148,1,0,In Progress
York,North York Boro,10,31,47,1,0,In Progress
Erie,Springfield Twp,16,49,1,1,0,In Progress
Montgomery,Narberth Boro,5,17,149,1,0,In Progress
Montgomery,New Hanover Twp,4,17,150,1,0,In Progress
Bucks,Chalfont Boro,1,10,143,1,0,In Progress
Montgomery,New Hanover Twp,4,24,61,1,0,In Progress
Luzerne,Kingston Twp,8,20,119,1,0,In Progress
Montgomery,Norristown Boro,1,24,131,1,0,In Progress
Luzerne,Kingston Boro,8,22,118,1,0,In Progress
Allegheny,Bellevue,12,38,21,1,0,In Progress
Montgomery,Norristown Boro,4,24,147,1,0,In Progress
Montgomery,Norristown Boro,4,7,54,1,0,In Progress
Montgomery,Norristown Boro,5,17,149,1,0,In Progress
Bucks,Buckingham Twp,1,6,178,1,0,In Progress
Luzerne,Jenkins Twp,8,20,119,1,0,In Progress
Bucks,Buckingham Twp,1,16,145,1,0,In Progress
Montgomery,Perkiomen Twp,1,12,147,1,0,In Progress
Luzerne,Jeddo Boro,8,29,117,1,0,In Progress
Luzerne,Jackson Twp,8,22,118,1,0,In Progress
Montgomery,Perkiomen Twp,4,44,150,1,0,In Progress
Luzerne,Hazleton City,8,29,117,1,0,In Progress
Delaware,Radnor Twp,5,26,165,1,0,In Progress
Luzerne,Hazle Twp,9,27,117,1,0,In Progress
Luzerne,Harveys Lake Boro,9,20,117,1,0,In Progress
Montgomery,Plymouth Twp,4,24,61,1,0,In Progress
Allegheny,Bellevue,12,43,36,1,0,In Progress
Montgomery,Plymouth Twp,4,7,148,1,0,In Progress
Allegheny,Bellevue,12,45,36,1,0,In Progress
York,New Freedom Boro,11,28,196,1,0,In Progress
Montgomery,Pottstown Boro,4,17,150,1,0,In Progress
Montgomery,Pottstown Boro,4,17,70,1,0,In Progress
Bucks,Buckingham Twp,1,10,143,1,0,In Progress
Montgomery,Pottstown Boro,4,24,147,1,0,In Progress
Montgomery,Pottstown Boro,4,24,70,1,0,In Progress
Luzerne,Foster Twp,8,27,117,1,0,In Progress
Luzerne,Forty Fort Boro,8,22,118,1,0,In Progress
Delaware,Prospect Park Boro,5,9,168,1,0,In Progress
Montgomery,Rockledge Boro,4,12,152,1,0,In Progress
Bucks,Bristol Twp,1,6,142,1,0,In Progress
Allegheny,Bellevue,17,38,20,1,0,In Progress
Montgomery,Royersford Boro,4,24,147,1,0,In Progress
Allegheny,Bellevue,17,42,30,1,0,In Progress
Allegheny,Ben Avon,12,42,21,1,0,In Progress
Luzerne,Exeter Boro,9,27,117,1,0,In Progress
Montgomery,Schwenksville Boro,4,24,146,1,0,In Progress
Erie,Venango Twp,16,49,1,1,0,In Progress
York,Manchester Boro,11,28,93,1,0,In Progress
Luzerne,Edwardsville Boro,8,22,121,1,0,In Progress
Montgomery,Skippack Twp,4,24,147,1,0,In Progress
Bucks,Bristol Boro,1,6,142,1,0,In Progress
Montgomery,Skippack Twp,4,44,150,1,0,In Progress
Bucks,Bristol Boro,1,6,140,1,0,In Progress
York,Manchester Boro,10,31,92,1,0,In Progress
Montgomery,Souderton Boro,4,24,61,1,0,In Progress
Montgomery,Springfield Twp,1,12,53,1,0,In Progress
Montgomery,Springfield Twp,4,12,151,1,0,In Progress
Luzerne,Duryea Boro,8,22,120,1,0,In Progress
Montgomery,Springfield Twp,4,12,61,1,0,In Progress
Montgomery,Springfield Twp,4,17,149,1,0,In Progress
Centre,Ferguson Twp.,15,25,77,1,0,In Progress
Bucks,Bristol Boro,1,10,31,1,0,In Progress
Allegheny,Bethel Park,12,43,23,1,0,In Progress
Luzerne,Dallas Twp,8,22,121,1,0,In Progress
Montgomery,Telford Boro,1,24,131,1,0,In Progress
Montgomery,Towamencin Twp,1,12,147,1,0,In Progress
Erie,Washington Twp,16,49,1,1,0,In Progress
Luzerne,Dallas Boro,8,20,120,1,0,In Progress
Montgomery,Towamencin Twp,4,12,151,1,0,In Progress
Montgomery,Towamencin Twp,4,12,53,1,0,In Progress
Luzerne,Dallas Boro,8,20,119,1,0,In Progress
Allegheny,Bethel Park,12,45,36,1,0,In Progress
Erie,Waterford Boro,16,49,2,1,0,In Progress
Luzerne,Butler Twp,8,22,121,1,0,In Progress
Erie,Waterford Twp.,16,49,1,1,0,In Progress
Allegheny,Bethel Park,17,37,46,1,0,In Progress
Montgomery,Trappe Boro Boro,4,17,149,1,0,In Progress
Allegheny,Bethel Park,17,38,21,1,0,In Progress
Luzerne,Bear Creek Twp,8,22,121,1,0,In Progress
Luzerne,Ashley Boro,8,22,121,1,0,In Progress
Luzerne,Ashley Boro,8,22,118,1,0,In Progress
Lehigh,Whitehall,7,18,133,1,0,In Progress
Bucks,Bensalem Twp,1,6,140,1,0,In Progress
Lehigh,Whitehall,7,14,22,1,0,In Progress
Lehigh,Whitehall,7,14,132,1,0,In Progress
Montgomery,Upper Dublin Twp,4,24,150,1,0,In Progress
Allegheny,Bethel Park,17,38,28,1,0,In Progress
Lehigh,Upper Saucon,7,16,187,1,0,In Progress
Montgomery,Upper Dublin Twp,4,4,152,1,0,In Progress
Montgomery,Upper Dublin Twp,4,4,153,1,0,In Progress
Lehigh,Upper Saucon,7,16,132,1,0,In Progress
Lehigh,Upper Saucon,7,14,132,1,0,In Progress
Lehigh,Upper Milford,7,16,187,1,0,In Progress
Delaware,Newtown Twp,5,9,160,1,0,In Progress
Montgomery,Upper Gwynedd Twp,1,12,147,1,0,In Progress
Allegheny,Bethel Park,17,38,33,1,0,In Progress
Delaware,Newtown Twp,5,26,166,1,0,In Progress
Lehigh,Upper Macungie,7,16,131,1,0,In Progress
Lehigh,Upper Macungie,7,14,134,1,0,In Progress
Bucks,Bensalem Twp,1,10,29,1,0,In Progress
Lehigh,South Whitehall,7,16,183,1,0,In Progress
Erie,Wesleyville Boro,16,49,1,1,0,In Progress
Montgomery,Upper Hanover Twp,4,24,147,1,0,In Progress
Montgomery,Upper Hanover Twp,4,44,150,1,0,In Progress
Montgomery,Upper Merion Twp,1,12,53,1,0,In Progress
Montgomery,Upper Merion Twp,1,24,131,1,0,In Progress
York,Hellam Twp,10,31,47,1,0,In Progress
Bucks,Bedminster Twp,1,6,178,1,0,In Progress
Montgomery,Upper Merion Twp,4,24,146,1,0,In Progress
Montgomery,Upper Merion Twp,4,24,61,1,0,In Progress
Montgomery,Upper Merion Twp,4,4,153,1,0,In Progress
Montgomery,Upper Merion Twp,4,4,154,1,0,In Progress
Lehigh,Salisbury,7,16,132,1,0,In Progress
Montgomery,Upper Merion Twp,4,7,148,1,0,In Progress
Allegheny,Bethel Park,17,45,42,1,0,In Progress
Montgomery,Upper Merion Twp,5,17,54,1,0,In Progress
York,Hanover Boro,11,28,94,1,0,In Progress
Lehigh,Salisbury,7,14,133,1,0,In Progress
Montgomery,Upper Moreland Twp,4,12,151,1,0,In Progress
Bradford,"Towanda Twp, North",9,23,110,1,0,In Progress
Montgomery,Upper Moreland Twp,4,12,153,1,0,In Progress
Montgomery,Upper Moreland Twp,4,12,70,1,0,In Progress
Lehigh,North Whitehall,7,16,187,1,0,In Progress
Montgomery,Upper Moreland Twp,4,4,152,1,0,In Progress
Montgomery,Upper Moreland Twp,4,4,153,1,0,In Progress
Montgomery,Upper Pottsgrove Twp,4,24,146,1,0,In Progress
Allegheny,Braddock,12,43,34,1,0,In Progress
Montgomery,Upper Pottsgrove Twp,4,24,70,1,0,In Progress
Montgomery,Upper Providence Twp,1,12,151,1,0,In Progress
Montgomery,Upper Providence Twp,1,12,53,1,0,In Progress
Lehigh,Macungie,7,14,134,1,0,In Progress
Allegheny,Mt Lebanon,17,42,45,1,0,In Progress
Montgomery,Upper Providence Twp,4,24,147,1,0,In Progress
Lehigh,Lowhill,7,14,134,1,0,In Progress
Montgomery,Upper Providence Twp,4,24,61,1,0,In Progress
Montgomery,Upper Providence Twp,4,44,146,1,0,In Progress
Chester,Caln Twp,6,19,155,1,0,In Progress
Lehigh,Lower Macungie,7,16,132,1,0,In Progress
Chester,Caln Twp,6,19,167,1,0,In Progress
Chester,Caln Twp,6,9,160,1,0,In Progress
Montgomery,West Conshohocken Boro,4,12,54,1,0,In Progress
Montgomery,West Conshohocken Boro,4,17,148,1,0,In Progress
Lehigh,Emmaus,7,14,22,1,0,In Progress
Montgomery,West Conshohocken Boro,5,17,149,1,0,In Progress
Chester,Charlestown Twp,6,44,155,1,0,In Progress
Lehigh,Emmaus,7,14,133,1,0,In Progress
Bradford,Granville Twp,9,23,110,1,0,In Progress
Montgomery,West Norriton Twp,4,24,146,1,0,In Progress
Lehigh,Catasauqua,7,16,183,1,0,In Progress
Chester,Downingtown Boro,6,19,167,1,0,In Progress
Montgomery,West Norriton Twp,4,24,70,1,0,In Progress
Lehigh,Bethlehem,7,14,22,1,0,In Progress
Montgomery,West Norriton Twp,4,7,54,1,0,In Progress
Chester,Downingtown Boro,6,44,74,1,0,In Progress
Chester,E Bradford Twp,6,44,26,1,0,In Progress
Chester,E Coventry Twp,6,44,74,1,0,In Progress
Montgomery,West Pottsgrove Twp,4,24,61,1,0,In Progress
Lehigh,(Empty),7,16,132,1,0,In Progress
York,Hanover Boro,10,31,92,1,0,In Progress
Montgomery,Whitemarsh Twp,4,4,154,1,0,In Progress
Chester,E Fallowfield Twnshp,6,9,13,1,0,In Progress
Chester,E Goshen Twp,6,19,157,1,0,In Progress
Montgomery,Whitemarsh Twp,4,7,54,1,0,In Progress
Montgomery,Whitemarsh Twp,5,17,148,1,0,In Progress
Montgomery,Whitemarsh Twp,5,17,149,1,0,In Progress
Delaware,Newtown Twp,5,17,168,1,0,In Progress
Chester,E Goshen Twp,6,44,157,1,0,In Progress
Montgomery,Whitpain Twp,4,12,151,1,0,In Progress
Chester,E Goshen Twp,6,44,167,1,0,In Progress
Lebanon,South Annville Twp,9,48,102,1,0,In Progress
Montgomery,Whitpain Twp,4,17,149,1,0,In Progress
Chester,E Goshen Twp,6,9,13,1,0,In Progress
Chester,E Goshen Twp,6,9,160,1,0,In Progress
Lebanon,Palmyra Boro,9,48,101,1,0,In Progress
Lebanon,North Lebanon Twp,9,48,102,1,0,In Progress
Chester,E Whiteland Twp,6,19,157,1,0,In Progress
Lebanon,North Cornwall Twp,9,48,102,1,0,In Progress
Montgomery,Whitpain Twp,4,7,54,1,0,In Progress
Montgomery,Worcester Twp,4,12,53,1,0,In Progress
Chester,E Whiteland Twp,6,19,167,1,0,In Progress
Montgomery,Worcester Twp,4,24,61,1,0,In Progress
Montgomery,Worcester Twp,5,17,149,1,0,In Progress
Chester,E Whiteland Twp,6,44,155,1,0,In Progress
Chester,E Whiteland Twp,6,44,26,1,0,In Progress
Chester,E Whiteland Twp,6,44,74,1,0,In Progress
Allegheny,Brentwood,12,42,19,1,0,In Progress
Chester,E Whiteland Twp,6,9,160,1,0,In Progress
Berks,West Reading Boro,6,11,126,1,0,In Progress
Berks,West Reading Boro,4,48,5,1,0,In Progress
Allegheny,Brentwood,12,45,35,1,0,In Progress
Berks,Wernersville Boro,4,11,126,1,0,In Progress
Chester,East Caln Twp,6,19,74,1,0,In Progress
Berks,Upper Tulpehocken Twp,9,48,5,1,0,In Progress
Allegheny,Brentwood,12,45,38,1,0,In Progress
Allegheny,Brentwood,17,38,20,1,0,In Progress
Chester,East Caln Twp,6,44,155,1,0,In Progress
Allegheny,Brentwood,17,38,21,1,0,In Progress
Allegheny,Brentwood,17,42,27,1,0,In Progress
Allegheny,Brentwood,17,42,42,1,0,In Progress
York,East Manchester Twp,11,28,93,1,0,In Progress
York,East Manchester Twp,10,31,92,1,0,In Progress
Allegheny,Brentwood,17,45,42,1,0,In Progress
Allegheny,Bridgeville,17,37,45,1,0,In Progress
Allegheny,Bridgeville,17,42,45,1,0,In Progress
Fayette,Connellsville Twp,14,32,51,1,0,In Progress
Allegheny,Carnegie,12,45,35,1,0,In Progress
Chester,Honeybrook Boro,6,44,26,1,0,In Progress
Allegheny,Carnegie,17,37,45,1,0,In Progress
Allegheny,Carnegie,17,37,46,1,0,In Progress
York,Conewago Twp,10,31,196,1,0,In Progress
York,Codorus Twp,11,28,93,1,0,In Progress
Allegheny,Carnegie,17,42,27,1,0,In Progress
Allegheny,Casl Shannon,12,37,42,1,0,In Progress
York,Carroll Twp,10,31,47,1,0,In Progress
Allegheny,Casl Shannon,12,37,45,1,0,In Progress
Berks,Upper Bern Twp,4,48,5,1,0,In Progress
Northampton,Allen Twsp,7,18,135,1,0,In Progress
Northampton,Bangor Boro,7,18,137,1,0,In Progress
Berks,Tulpehocken Twp,4,48,5,1,0,In Progress
Lebanon,Jackson Twp,9,48,101,1,0,In Progress
Chester,Honeybrook Twp,6,44,167,1,0,In Progress
Lebanon,Heidelberg Twp,9,48,101,1,0,In Progress
Chester,Kennett Square Boro,6,9,13,1,0,In Progress
Lebanon,Cornwall Boro,9,48,102,1,0,In Progress
Northampton,Bethlehem,7,18,131,1,0,In Progress
Berks,Spring Twp,6,11,127,1,0,In Progress
Chester,Kennett Twp,6,19,158,1,0,In Progress
Chester,London Grove Twnship,6,9,158,1,0,In Progress
Northampton,Bethlehem Twsp,7,14,135,1,0,In Progress
Chester,Londonderry Twp,6,44,74,1,0,In Progress
Chester,Malvern Boro,6,19,156,1,0,In Progress
Lawrence,Wayne Twp,16,50,9,1,0,In Progress
Chester,New Garden Twp,6,19,158,1,0,In Progress
Chester,New London Twp,6,19,167,1,0,In Progress
Northampton,Bushkill Twsp,7,18,137,1,0,In Progress
Chester,New London Twp,6,44,155,1,0,In Progress
Berks,Spring Twp,4,48,130,1,0,In Progress
Berks,Sinking Spring Boro,6,13,128,1,0,In Progress
Northampton,Easton,7,14,135,1,0,In Progress
Chester,New London Twp,6,9,158,1,0,In Progress
Berks,Sinking Spring Boro,6,11,127,1,0,In Progress
Lawrence,Scott Twp,16,50,9,1,0,In Progress
Northampton,Forks,7,18,136,1,0,In Progress
Berks,Sinking Spring Boro,4,48,5,1,0,In Progress
Northampton,Freemansburg,7,18,135,1,0,In Progress
Berks,Shillington Boro,6,13,128,1,0,In Progress
Chester,Oxford Boro,6,44,155,1,0,In Progress
Northampton,Glendon,7,18,135,1,0,In Progress
Chester,Pennsbury Twp,6,9,158,1,0,In Progress
Allegheny,Casl Shannon,12,42,20,1,0,In Progress
Berks,Robeson Twp,6,11,128,1,0,In Progress
Chester,Phoenixville Boro,6,19,74,1,0,In Progress
Chester,Phoenixville Boro,6,44,155,1,0,In Progress
Berks,Reading,6,11,99,1,0,In Progress
Northampton,Hellertown Boro,7,18,137,1,0,In Progress
Chester,Pocopson Twp,6,19,156,1,0,In Progress
Berks,Reading,4,48,5,1,0,In Progress
Lawrence,New Castle,16,47,8,1,0,In Progress
Chester,Sadsbury Twp,6,19,13,1,0,In Progress
Chester,Sadsbury Twp,6,19,157,1,0,In Progress
Allegheny,Casl Shannon,12,45,38,1,0,In Progress
Northampton,Lower Saucon Twsp,7,18,137,1,0,In Progress
Berks,Penn Twp,6,11,127,1,0,In Progress
Chester,Thornbury Twp,6,19,156,1,0,In Progress
Northampton,Moore Twsp,7,18,136,1,0,In Progress
Northampton,Moore Twsp,7,18,137,1,0,In Progress
Allegheny,Cheswick,17,38,28,1,0,In Progress
Northampton,Nazareth Boro,7,18,136,1,0,In Progress
Berks,Oley Twp,4,48,5,1,0,In Progress
Northampton,Nazareth Boro,7,18,138,1,0,In Progress
Berks,Muhlenberg Twp,9,48,5,1,0,In Progress
Berks,Muhlenberg Twp,6,11,5,1,0,In Progress
Northampton,Palmer,7,14,183,1,0,In Progress
Northampton,Palmer,7,18,135,1,0,In Progress
Chester,Tredyffrin Twp,6,19,156,1,0,In Progress
Berks,Muhlenberg Twp,6,11,128,1,0,In Progress
Chester,Tredyffrin Twp,6,19,167,1,0,In Progress
Chester,Tredyffrin Twp,6,44,167,1,0,In Progress
Northampton,Plainfield Twsp,7,14,183,1,0,In Progress
Berks,Muhlenberg Twp,6,11,126,1,0,In Progress
Allegheny,Churchill,12,43,34,1,0,In Progress
Berks,Maidencreek Twp,9,48,124,1,0,In Progress
Lancaster,Warwick Twp,11,36,41,1,0,In Progress
Berks,Maidencreek Twp,6,11,128,1,0,In Progress
Lancaster,Warwick Twp,11,13,49,1,0,In Progress
Berks,Lower Heidelberg Twp,6,11,129,1,0,In Progress
Northampton,Upper Nazareth,7,14,183,1,0,In Progress
Northampton,Upper Nazareth,7,18,136,1,0,In Progress
Berks,Lower Alsace Twp,6,11,129,1,0,In Progress
Chester,Upper Uwchlan Twnshp,6,44,74,1,0,In Progress
Northampton,Washington Twsp,7,18,131,1,0,In Progress
Berks,Leesport Boro,9,48,5,1,0,In Progress
Allegheny,Clairton,12,37,40,1,0,In Progress
Northampton,Williams Twsp,7,18,135,1,0,In Progress
Berks,Kutztown Boro,9,48,5,1,0,In Progress
Lancaster,Strasburg Boro,11,36,96,1,0,In Progress
Northampton,Wilson Boro,7,14,138,1,0,In Progress
Northampton,Wilson Boro,7,14,183,1,0,In Progress
Northampton,Wilson Boro,7,18,135,1,0,In Progress
Berks,Kutztown Boro,6,11,129,1,0,In Progress
Allegheny,Clairton,12,43,34,1,0,In Progress
Lancaster,Salisbury Twp,11,36,43,1,0,In Progress
Berks,Greenwich Twp,9,48,124,1,0,In Progress
Chester,Uwchlan Twp,6,9,158,1,0,In Progress
Berks,Fleetwood Boro,4,48,130,1,0,In Progress
Chester,Valley Twp,6,44,155,1,0,In Progress
Chester,Valley Twp,6,44,74,1,0,In Progress
Berks,Exeter Twp,6,44,128,1,0,In Progress
Lancaster,Providence Twp,11,36,41,1,0,In Progress
Chester,W Bradford Twp,6,19,167,1,0,In Progress
Berks,Exeter Twp,4,24,128,1,0,In Progress
Lancaster,Penn Twp,11,36,96,1,0,In Progress
Berks,Exeter Twp,4,11,130,1,0,In Progress
Allegheny,Collier,12,42,21,1,0,In Progress
Lancaster,Penn Twp,11,36,43,1,0,In Progress
Northumberland,Mcewensville Boro,9,27,108,1,0,In Progress
Berks,Earl Twp,6,11,128,1,0,In Progress
Berks,Douglass Twp,4,24,130,1,0,In Progress
Chester,W Bradford Twp,6,44,167,1,0,In Progress
Berks,Cumru Twp,4,48,5,1,0,In Progress
Berks,Cumru Twp,4,24,128,1,0,In Progress
Berks,Cumru Twp,4,11,126,1,0,In Progress
Allegheny,Collier,12,42,27,1,0,In Progress
Lancaster,Penn Twp,11,13,41,1,0,In Progress
Berks,Caernarvon Twp,4,48,5,1,0,In Progress
Berks,Brecknock Twp,6,11,129,1,0,In Progress
Berks,Bern Twp,6,11,5,1,0,In Progress
Lancaster,Paradise Twp,11,36,41,1,0,In Progress
Allegheny,Collier,12,45,39,1,0,In Progress
Chester,W Brandywine Townshp,6,19,167,1,0,In Progress
Chester,W Goshen Twp,6,19,157,1,0,In Progress
Lancaster,New Holland Boro,11,36,41,1,0,In Progress
Bedford,Pleasantville Boro,13,32,78,1,0,In Progress
Chester,W Goshen Twp,6,19,158,1,0,In Progress
Northumberland,Watsontown Boro,9,27,107,1,0,In Progress
Chester,W Goshen Twp,6,19,167,1,0,In Progress
Lancaster,Mount Joy Twp,11,36,37,1,0,In Progress
Lancaster,Mount Joy Twp,11,13,97,1,0,In Progress
Lancaster,Mount Joy Twp,11,13,96,1,0,In Progress
Allegheny,Collier,17,37,44,1,0,In Progress
Allegheny,Coraopolis,12,45,38,1,0,In Progress
Allegheny,Coraopolis,17,37,44,1,0,In Progress
Lancaster,Mount Joy Boro,11,36,41,1,0,In Progress
Allegheny,Crafton,17,38,21,1,0,In Progress
Allegheny,Crafton,17,38,30,1,0,In Progress
Allegheny,Crafton,17,42,45,1,0,In Progress
Allegheny,Dormont,12,42,19,1,0,In Progress
Allegheny,Dormont,12,42,27,1,0,In Progress
Allegheny,Dormont,12,43,36,1,0,In Progress
Allegheny,Dormont,17,42,27,1,0,In Progress
Allegheny,Dormont,17,43,34,1,0,In Progress
Westmoreland,Unity Twp,14,41,59,1,0,In Progress
Allegheny,Dormont,17,45,42,1,0,In Progress
Chester,W Goshen Twp,6,9,160,1,0,In Progress
Chester,W Pikeland Twp,6,44,26,1,0,In Progress
Lancaster,Marietta Boro,11,36,41,1,0,In Progress
Westmoreland,Unity Twp,12,39,56,1,0,In Progress
Allegheny,Duquesne,17,43,34,1,0,In Progress
Allegheny,E Mckeesport,12,38,24,1,0,In Progress
Allegheny,E Pittsburgh,12,43,23,1,0,In Progress
Lancaster,Manor Twp,11,36,98,1,0,In Progress
Lancaster,Manor Twp,11,36,96,1,0,In Progress
Allegheny,E Pittsburgh,17,43,34,1,0,In Progress
Lancaster,Manor Twp,11,36,43,1,0,In Progress
Westmoreland,Sewickley Twp,14,39,58,1,0,In Progress
Westmoreland,Scottdale,14,39,57,1,0,In Progress
Allegheny,Edgewood,17,38,33,1,0,In Progress
Allegheny,Edgeworth,12,42,21,1,0,In Progress
Lancaster,Manor Twp,11,13,49,1,0,In Progress
Chester,W Vincent Twp,6,44,155,1,0,In Progress
Lancaster,Manheim Twp,11,36,98,1,0,In Progress
Chester,W Whiteland Twp,6,19,155,1,0,In Progress
Lancaster,Manheim Twp,11,36,43,1,0,In Progress
Bedford,Coaldale Boro,13,32,78,1,0,In Progress
Beaver,South Heights Boro,17,47,15,1,0,In Progress
Beaver,South Beaver Twp,17,47,14,1,0,In Progress
Lancaster,Manheim Twp,11,13,41,1,0,In Progress
Beaver,Rochester Boro,17,47,14,1,0,In Progress
Beaver,Pulaski Twp,17,47,15,1,0,In Progress
Beaver,North Sewickley Twp,17,47,16,1,0,In Progress
Chester,W Whiteland Twp,6,19,157,1,0,In Progress
Beaver,New Sewickley Twp,17,47,15,1,0,In Progress
Lancaster,Lititz Boro,11,36,43,1,0,In Progress
Beaver,Monaca Boro,17,47,15,1,0,In Progress
Beaver,Mn04,17,47,16,1,0,In Progress
Beaver,Mn04,17,47,14,1,0,In Progress
Beaver,Midland Boro,17,47,16,1,0,In Progress
Beaver,Midland Boro,17,47,14,1,0,In Progress
Allegheny,Elizabeth Tp,12,37,39,1,0,In Progress
Chester,W Whiteland Twp,6,19,158,1,0,In Progress
Lancaster,Lititz Boro,11,13,97,1,0,In Progress
Chester,W Whiteland Twp,6,19,74,1,0,In Progress
Beaver,Harmony Twp,17,47,14,1,0,In Progress
Lancaster,Leacock Twp,11,13,97,1,0,In Progress
Lancaster,Lancaster Twp,11,36,98,1,0,In Progress
Beaver,Freedom Boro,17,47,15,1,0,In Progress
Lancaster,Lancaster Twp,11,36,41,1,0,In Progress
Chester,W Whiteland Twp,6,44,26,1,0,In Progress
Beaver,Economy Boro,17,47,15,1,0,In Progress
Lancaster,Lancaster City,11,13,43,1,0,In Progress
Lancaster,Lancaster City,11,13,41,1,0,In Progress
Lancaster,Lampeter West Twp,11,36,37,1,0,In Progress
Lancaster,Lampeter East Twp,11,36,41,1,0,In Progress
Chester,Warwick Twp,6,19,74,1,0,In Progress
Beaver,Bridgewater,17,47,16,1,0,In Progress
Beaver,Beaver Falls,17,47,15,1,0,In Progress
Lancaster,Lampeter East Twp,11,13,49,1,0,In Progress
Lancaster,Lampeter East Twp,11,13,43,1,0,In Progress
Beaver,Aliquippa,17,47,14,1,0,In Progress
Allegheny,Etna,12,42,21,1,0,In Progress
Allegheny,Etna,17,38,33,1,0,In Progress
Lancaster,Hempfield West Twp,11,36,98,1,0,In Progress
Allegheny,Findlay,12,42,19,1,0,In Progress
Allegheny,Findlay,12,42,21,1,0,In Progress
Allegheny,Forest Hills,12,43,24,1,0,In Progress
Westmoreland,North Huntingdon Twp,14,41,59,1,0,In Progress
Westmoreland,New Kensington,14,41,60,1,0,In Progress
Allegheny,Franklin Pk,12,38,21,1,0,In Progress
Allegheny,Franklin Pk,12,38,24,1,0,In Progress
Allegheny,Franklin Pk,12,42,19,1,0,In Progress
Westmoreland,New Alexandria,14,39,57,1,0,In Progress
Westmoreland,Munic Of Murrysville,14,41,59,1,0,In Progress
Westmoreland,Munic Of Murrysville,14,39,55,1,0,In Progress
Allegheny,Franklin Pk,17,37,28,1,0,In Progress
Allegheny,Franklin Pk,17,38,30,1,0,In Progress
Lancaster,Hempfield West Twp,11,36,96,1,0,In Progress
Allegheny,Greentree,12,37,40,1,0,In Progress
Chester,West Chester Boro,6,19,157,1,0,In Progress
Allegheny,Hampton,12,38,24,1,0,In Progress
Allegheny,Hampton,12,45,25,1,0,In Progress
Delaware,Morton Boro,5,26,162,1,0,In Progress
Lancaster,Hempfield West Twp,11,36,37,1,0,In Progress
Westmoreland,Lower Burrell,14,39,57,1,0,In Progress
Allegheny,Harrison,12,42,21,1,0,In Progress
Allegheny,Harrison,17,38,28,1,0,In Progress
Delaware,Upper Providence Twp,5,9,159,1,0,In Progress
Delaware,Middletown Twp,5,26,165,1,0,In Progress
Pike,Porter Twp,8,20,139,1,0,In Progress
Westmoreland,Jeannette,12,39,58,1,0,In Progress
Allegheny,Heidelberg,12,43,34,1,0,In Progress
Allegheny,Homestead,12,42,36,1,0,In Progress
Allegheny,Homestead,12,43,34,1,0,In Progress
Allegheny,Homestead,12,45,38,1,0,In Progress
Westmoreland,Hempfield Twp,14,41,55,1,0,In Progress
Franklin,Antrim Twp,13,33,89,1,0,In Progress
Allegheny,Indiana,17,38,21,1,0,In Progress
Lancaster,Hempfield East Twp,11,36,98,1,0,In Progress
Allegheny,Indiana,17,38,28,1,0,In Progress
Franklin,Chambersburg Boro,13,33,81,1,0,In Progress
Delaware,Media Boro,5,9,160,1,0,In Progress
Allegheny,Indiana,17,42,21,1,0,In Progress
Delaware,Media Boro,5,9,159,1,0,In Progress
Delaware,Media Boro,5,26,163,1,0,In Progress
Delaware,Marple Twp,5,9,160,1,0,In Progress
Allegheny,Kennedy,17,37,44,1,0,In Progress
Allegheny,Kennedy,17,38,21,1,0,In Progress
Franklin,Hamilton Twp,13,33,81,1,0,In Progress
Allegheny,Kilbuck,17,38,30,1,0,In Progress
Delaware,Marple Twp,5,8,191,1,0,In Progress
Allegheny,Leet,12,42,27,1,0,In Progress
Delaware,Marple Twp,5,26,164,1,0,In Progress
Lancaster,Hempfield East Twp,11,13,41,1,0,In Progress
Lancaster,Fulton Twp,11,36,41,1,0,In Progress
Westmoreland,Derry Twp,14,39,58,1,0,In Progress
Allegheny,Marshall,12,38,21,1,0,In Progress
Westmoreland,Delmont,14,39,57,1,0,In Progress
Allegheny,Marshall,17,37,30,1,0,In Progress
Westmoreland,Delmont,12,39,56,1,0,In Progress
Westmoreland,Delmont,12,39,55,1,0,In Progress
Allegheny,Marshall,17,38,28,1,0,In Progress
Allegheny,Mccandless,12,37,40,1,0,In Progress
Allegheny,Mccandless,12,42,19,1,0,In Progress
Delaware,Haverford Twp,5,26,166,1,0,In Progress
Franklin,Peters Twp,13,33,81,1,0,In Progress
Lancaster,Ephrata Twp,11,13,97,1,0,In Progress
Allegheny,Mccandless,12,45,32,1,0,In Progress
Delaware,Haverford Twp,5,26,164,1,0,In Progress
Westmoreland,Allegheny Twp,14,39,57,1,0,In Progress
Franklin,Southampton Twp,13,33,89,1,0,In Progress
Bucks,Plumstead Twp,1,6,144,1,0,In Progress
Franklin,Southampton Twp,13,33,90,1,0,In Progress
Lancaster,Ephrata Twp,11,13,96,1,0,In Progress
Allegheny,Mccandless,17,37,45,1,0,In Progress
Lancaster,Ephrata Boro,11,36,96,1,0,In Progress
Delaware,Glenolden Boro,5,26,164,1,0,In Progress
Chester,West Chester Boro,6,9,13,1,0,In Progress
Lancaster,Ephrata Boro,11,36,37,1,0,In Progress
Allegheny,Wilmerding,12,43,24,1,0,In Progress
Lancaster,Elizabethtown Boro,11,36,97,1,0,In Progress
Lancaster,Elizabethtown Boro,11,13,97,1,0,In Progress
Chester,Westtown Twp,6,19,155,1,0,In Progress
Lancaster,East Petersburg Boro,11,13,97,1,0,In Progress
Allegheny,Wilkinsburg,17,38,33,1,0,In Progress
Allegheny,Wilkinsburg,17,38,20,1,0,In Progress
Allegheny,Wilkinsburg,12,45,35,1,0,In Progress
Lancaster,East Petersburg Boro,11,13,96,1,0,In Progress
Chester,Westtown Twp,6,19,167,1,0,In Progress
Allegheny,Wilkinsburg,12,43,36,1,0,In Progress
Chester,Westtown Twp,6,44,155,1,0,In Progress
Allegheny,Wilkinsburg,12,43,19,1,0,In Progress
Chester,Willistown Twp,6,44,167,1,0,In Progress
Schuylkill,Minersville Boro,9,29,116,1,0,In Progress
Allegheny,Wilkinsburg,12,38,21,1,0,In Progress
Lancaster,Donegal West Twp,11,36,41,1,0,In Progress
Allegheny,Wilkins,17,43,34,1,0,In Progress
Allegheny,Wilkins,17,42,30,1,0,In Progress
Lancaster,Donegal West Twp,11,13,41,1,0,In Progress
Allegheny,Wilkins,12,45,35,1,0,In Progress
Schuylkill,North Manheim Twp,9,29,124,1,0,In Progress
Allegheny,Wilkins,12,43,23,1,0,In Progress
Schuylkill,North Union Twp,9,29,124,1,0,In Progress
Allegheny,Wilkins,12,42,19,1,0,In Progress
Schuylkill,Orwigsburg Boro,9,29,123,1,0,In Progress
Allegheny,Wilkins,12,38,24,1,0,In Progress
Lancaster,Donegal East Twp,11,36,43,1,0,In Progress
Allegheny,Whitehall,17,38,30,1,0,In Progress
Lancaster,Donegal East Twp,11,36,37,1,0,In Progress
Allegheny,Whitehall,17,37,46,1,0,In Progress
Lancaster,Denver Boro,11,36,96,1,0,In Progress
Allegheny,Whitehall,17,37,28,1,0,In Progress
Allegheny,Whitehall,12,45,36,1,0,In Progress
Allegheny,Whitehall,12,45,35,1,0,In Progress
Allegheny,Whitehall,12,43,23,1,0,In Progress
Lancaster,Conoy Twp,11,13,49,1,0,In Progress
Lancaster,Cocalico West Twp,11,36,96,1,0,In Progress
Allegheny,White Oak,17,42,20,1,0,In Progress
Allegheny,Whitaker,17,43,32,1,0,In Progress
Allegheny,West View,17,38,28,1,0,In Progress
Allegheny,West Mifflin,12,45,25,1,0,In Progress
Schuylkill,South Manheim Twp,9,29,123,1,0,In Progress
Lancaster,Cocalico West Twp,11,36,41,1,0,In Progress
Allegheny,West Mifflin,12,43,19,1,0,In Progress
Allegheny,West Mifflin,12,37,40,1,0,In Progress
Allegheny,West Mifflin,12,37,39,1,0,In Progress
Lancaster,Cocalico West Twp,11,36,37,1,0,In Progress
Allegheny,West Deer,17,38,20,1,0,In Progress
Allegheny,West Deer,17,37,45,1,0,In Progress
Lancaster,Cocalico East Twp,11,36,43,1,0,In Progress
Lancaster,Cocalico East Twp,11,36,37,1,0,In Progress
Lancaster,Clay Twp,11,36,96,1,0,In Progress
Allegheny,Up St Clair,17,37,46,1,0,In Progress
Delaware,Darby Twp,5,26,163,1,0,In Progress
Allegheny,Mccandless,17,38,33,1,0,In Progress
Lancaster,Clay Twp,11,36,41,1,0,In Progress
Allegheny,Mccandless,17,42,20,1,0,In Progress
Allegheny,Turtle Creek,12,37,45,1,0,In Progress
Lancaster,Brecknock Twp,11,36,98,1,0,In Progress
Allegheny,Tarentum,17,38,21,1,0,In Progress
Allegheny,Tarentum,12,42,21,1,0,In Progress
Allegheny,Swissvale,17,38,21,1,0,In Progress
Allegheny,Swissvale,17,38,20,1,0,In Progress
Clearfield,Huston Twp,15,35,73,1,0,In Progress
Allegheny,Swissvale,12,43,24,1,0,In Progress
Lancaster,Adamstown Boro,11,13,97,1,0,In Progress
Allegheny,Swissvale,12,43,19,1,0,In Progress
Clearfield,Newburg Boro,15,35,75,1,0,In Progress
Allegheny,Stowe,17,43,34,1,0,In Progress
Allegheny,Stowe,17,38,30,1,0,In Progress
Allegheny,Stowe,17,37,45,1,0,In Progress
Allegheny,Stowe,12,42,36,1,0,In Progress
Allegheny,Stowe,12,38,24,1,0,In Progress
Allegheny,Stowe,12,37,39,1,0,In Progress
Allegheny,Springdal Br,12,43,34,1,0,In Progress
Clearfield,Penn Twp,15,35,73,1,0,In Progress
Allegheny,South Park,17,37,46,1,0,In Progress
Lackawanna,Throop,8,22,113,1,0,In Progress
Allegheny,South Park,12,43,23,1,0,In Progress
Lackawanna,Taylor,8,40,113,1,0,In Progress
Lackawanna,South Abington,8,22,118,1,0,In Progress
Allegheny,Sharpsburg,12,38,24,1,0,In Progress
Allegheny,Shaler,17,43,34,1,0,In Progress
Lackawanna,Olyphant,8,22,114,1,0,In Progress
Allegheny,Shaler,17,42,20,1,0,In Progress
Crawford,Cambridge Twp,16,50,6,1,0,In Progress
Allegheny,Shaler,17,38,30,1,0,In Progress
Crawford,Conneautville Boro,16,50,65,1,0,In Progress
Lackawanna,Moscow,8,22,112,1,0,In Progress
Crawford,Cussewago Twp,16,50,6,1,0,In Progress
Lackawanna,Madison,8,22,113,1,0,In Progress
Lackawanna,Laplume,8,22,114,1,0,In Progress
Allegheny,Shaler,17,37,44,1,0,In Progress
Allegheny,Shaler,12,45,38,1,0,In Progress
Allegheny,Shaler,12,43,34,1,0,In Progress
Allegheny,Shaler,12,43,24,1,0,In Progress
Allegheny,Shaler,12,42,27,1,0,In Progress
Allegheny,Shaler,12,42,20,1,0,In Progress
Lackawanna,Jessup,8,40,113,1,0,In Progress
Allegheny,Shaler,12,42,19,1,0,In Progress
Allegheny,Shaler,12,38,24,1,0,In Progress
Allegheny,Sewickley,17,38,20,1,0,In Progress
Allegheny,Scott,17,43,34,1,0,In Progress
Allegheny,Scott,17,42,45,1,0,In Progress
Crawford,Venango Twp,16,50,6,1,0,In Progress
Crawford,West Mead Twp 2,16,50,65,1,0,In Progress
Lackawanna,Jefferson,8,22,118,1,0,In Progress
Crawford,Woodcock Twp,16,50,6,1,0,In Progress
Lackawanna,Glenburn,8,22,113,1,0,In Progress
Allegheny,Scott,17,42,20,1,0,In Progress
Allegheny,Scott,17,37,46,1,0,In Progress
Lackawanna,Elmhurst,8,40,112,1,0,In Progress
Allegheny,Scott,17,37,44,1,0,In Progress
Allegheny,Scott,17,37,30,1,0,In Progress
Lackawanna,Dunmore,8,40,113,1,0,In Progress
Cumberland,Camp Hill Boro,10,31,88,1,0,In Progress
Lackawanna,Dickson City,8,40,112,1,0,In Progress
Lackawanna,Dickson City,8,22,112,1,0,In Progress
Cumberland,Carlisle Boro,10,31,87,1,0,In Progress
Cumberland,Carlisle Boro,10,34,103,1,0,In Progress
Lackawanna,Covington,8,22,112,1,0,In Progress
Lackawanna,Clarks Summit,8,22,118,1,0,In Progress
Cumberland,Dickinson Twp,10,31,88,1,0,In Progress
Lackawanna,Clarks Summit,8,22,112,1,0,In Progress
Cumberland,Dickinson Twp,10,34,199,1,0,In Progress
Lackawanna,Carbondale Twp,8,22,114,1,0,In Progress
Lackawanna,Archbald,8,22,113,1,0,In Progress
Allegheny,Ross,17,42,20,1,0,In Progress
Lackawanna,Archbald,8,22,112,1,0,In Progress
Cumberland,Hampden Twp,10,34,199,1,0,In Progress
Cumberland,Lemoyne Boro,10,31,87,1,0,In Progress
Allegheny,Ross,17,37,44,1,0,In Progress
Cumberland,Lemoyne Boro,10,34,88,1,0,In Progress
Allegheny,Ross,17,37,30,1,0,In Progress
Cumberland,Lower Allen Twp,10,34,87,1,0,In Progress
Allegheny,Ross,12,45,25,1,0,In Progress
Allegheny,Ross,12,43,23,1,0,In Progress
Allegheny,Ross,12,42,27,1,0,In Progress
Allegheny,Mccandless,17,42,45,1,0,In Progress
Allegheny,Ross,12,37,40,1,0,In Progress
Allegheny,Ross,12,37,39,1,0,In Progress
Cumberland,Middlesex Twp,10,31,87,1,0,In Progress
Cumberland,Middlesex Twp,10,34,87,1,0,In Progress
Cumberland,Monroe Twp,10,34,199,1,0,In Progress
Allegheny,Robinson,12,45,35,1,0,In Progress
Allegheny,Robinson,12,43,36,1,0,In Progress
Allegheny,Robinson,12,42,27,1,0,In Progress
Allegheny,Richland,17,38,20,1,0,In Progress
Allegheny,Mckees Rocks,12,42,21,1,0,In Progress
Cumberland,Mt. Holly Springs Boro,10,34,88,1,0,In Progress
Cumberland,North Middleton Twp,10,31,87,1,0,In Progress
Allegheny,Richland,12,43,36,1,0,In Progress
Jefferson,Sykesville Boro,15,41,66,1,0,In Progress
Allegheny,Richland,12,37,40,1,0,In Progress
Cumberland,Shippensburg Twp,10,34,199,1,0,In Progress
Cumberland,Shiremanstown Boro,10,31,87,1,0,In Progress
Allegheny,Rankin,12,45,25,1,0,In Progress
Allegheny,Plum,17,43,34,1,0,In Progress
Cumberland,Upper Allen Twp,10,34,87,1,0,In Progress
Allegheny,Mckees Rocks,12,45,35,1,0,In Progress
Allegheny,Plum,17,38,28,1,0,In Progress
Cumberland,West Pennsboro Twp,13,34,193,1,0,In Progress
Allegheny,Plum,17,38,21,1,0,In Progress
Allegheny,Pleasant Hl,12,45,38,1,0,In Progress
Allegheny,Pleasant Hl,12,37,45,1,0,In Progress
Cumberland,Wormleysburg Boro,10,34,87,1,0,In Progress
Dauphin,Derry Twp,10,15,103,1,0,In Progress
Jefferson,Falls Creek Boro,15,35,75,1,0,In Progress
Wayne,Mount Pleasant Twp.,8,40,139,1,0,In Progress
Allegheny,Mckees Rocks,12,45,38,1,0,In Progress
Indiana,White,14,41,66,1,0,In Progress
Dauphin,Middletown,10,15,104,1,0,In Progress
Dauphin,Middletown,10,15,125,1,0,In Progress
Indiana,Smicksburg,15,41,66,1,0,In Progress
Dauphin,Paxtang Boro,10,15,103,1,0,In Progress
Dauphin,Penbrook Boro,10,15,103,1,0,In Progress
Dauphin,Penbrook Boro,10,15,104,1,0,In Progress
Dauphin,South Hanover Twp,10,15,104,1,0,In Progress
Indiana,Marion Center,14,41,62,1,0,In Progress
Dauphin,Susquehanna Twp,10,15,103,1,0,In Progress
Dauphin,Susquehanna Twp,10,15,106,1,0,In Progress
Allegheny,Pittsburgh,17,37,28,1,0,In Progress
Dauphin,West Hanover Twp,10,15,103,1,0,In Progress
Dauphin,West Hanover Twp,10,15,105,1,0,In Progress
Indiana,Canoe,14,41,62,1,0,In Progress
Dauphin,West Hanover Twp,10,15,106,1,0,In Progress
Allegheny,Pittsburgh,12,45,32,1,0,In Progress
Delaware,Aston Twp,5,26,162,1,0,In Progress
Wayne,Manchester Twp.,8,40,111,1,0,In Progress
Tioga,Elk Twp,15,23,68,1,0,In Progress
Allegheny,Pittsburgh,12,37,45,1,0,In Progress
Allegheny,Pittsburgh,12,37,42,1,0,In Progress
Delaware,Brookhaven Boro,5,17,166,1,0,In Progress
Indiana,Armstrong,14,41,66,1,0,In Progress
Allegheny,Pine,17,42,45,1,0,In Progress
Delaware,Chadds Ford Twp,5,9,159,1,0,In Progress
Allegheny,Mckeesport,12,42,20,1,0,In Progress
Allegheny,Pine,12,45,25,1,0,In Progress
Wayne,Lebanon Twp.,8,40,111,1,0,In Progress
Allegheny,Pine,12,42,27,1,0,In Progress
Allegheny,Pennsbury Vlg,17,37,44,1,0,In Progress
Allegheny,Mckeesport,12,45,38,1,0,In Progress
Allegheny,Penn Hills,17,42,45,1,0,In Progress
Wayne,Lake Twp.,8,40,111,1,0,In Progress
Allegheny,Millvale,12,38,24,1,0,In Progress
Allegheny,Penn Hills,17,42,20,1,0,In Progress
Allegheny,Penn Hills,17,38,33,1,0,In Progress
Allegheny,Millvale,12,43,23,1,0,In Progress
Wayne,Damascus Twp.,8,40,139,1,0,In Progress
Allegheny,Penn Hills,17,38,21,1,0,In Progress
Allegheny,Penn Hills,17,38,20,1,0,In Progress
Allegheny,Penn Hills,17,37,45,1,0,In Progress
Allegheny,Penn Hills,17,37,44,1,0,In Progress
Allegheny,Penn Hills,12,45,38,1,0,In Progress
Allegheny,Monroeville,12,38,24,1,0,In Progress
Allegheny,Monroeville,12,43,23,1,0,In Progress
Allegheny,Monroeville,12,43,34,1,0,In Progress
Wayne,Bethany Boro.,8,40,139,1,0,In Progress
Allegheny,Monroeville,17,37,44,1,0,In Progress
Allegheny,Monroeville,17,37,45,1,0,In Progress
Allegheny,Monroeville,17,38,30,1,0,In Progress
Allegheny,Penn Hills,12,43,24,1,0,In Progress
Washington,Twp. Of South Strabane,14,46,46,1,0,In Progress
Allegheny,Penn Hills,12,43,23,1,0,In Progress
Washington,Twp. Of South Strabane,14,46,15,1,0,In Progress
Allegheny,Penn Hills,12,38,24,1,0,In Progress
Allegheny,Ohio,17,38,30,1,0,In Progress
Allegheny,Monroeville,17,42,27,1,0,In Progress
Allegheny,Monroeville,17,43,34,1,0,In Progress
Union,Mifflinburg Boro,15,23,85,1,0,In Progress
Allegheny,Ohio,12,42,27,1,0,In Progress
Allegheny,Ohara,17,43,32,1,0,In Progress
Allegheny,Ohara,12,45,32,1,0,In Progress
Allegheny,Moon,12,38,24,1,0,In Progress
Allegheny,Ohara,12,45,25,1,0,In Progress
Allegheny,Moon,12,42,20,1,0,In Progress
Allegheny,Moon,12,43,23,1,0,In Progress
Allegheny,Moon,12,45,38,1,0,In Progress
Allegheny,Moon,12,45,39,1,0,In Progress
Allegheny,Moon,17,37,28,1,0,In Progress
Washington,Township Of Somerset,14,46,15,1,0,In Progress
Delaware,Darby Twp,5,26,161,1,0,In Progress
Allegheny,Moon,17,38,20,1,0,In Progress
Washington,Township Of Peters,14,46,48,1,0,In Progress
Delaware,Darby Boro,5,26,164,1,0,In Progress
Allegheny,Mt Lebanon,12,37,39,1,0,In Progress
Delaware,Concord Twp,5,9,161,1,0,In Progress
Delaware,Concord Twp,5,9,159,1,0,In Progress
Delaware,Concord Twp,5,26,162,1,0,In Progress
Delaware,Concord Twp,5,17,168,1,0,In Progress
Allegheny,Mt Lebanon,12,42,27,1,0,In Progress
Delaware,Collingdale Boro,5,8,191,1,0,In Progress
Allegheny,Mt Lebanon,12,43,24,1,0,In Progress
Washington,Township Of Donegal,14,46,48,1,0,In Progress
Allegheny,Mt Lebanon,12,43,36,1,0,In Progress
Delaware,Collingdale Boro,5,8,162,1,0,In Progress
Delaware,Collingdale Boro,5,17,166,1,0,In Progress
Allegheny,Mt Lebanon,17,37,28,1,0,In Progress
Washington,Township Of Cecil,14,46,48,1,0,In Progress
Delaware,Clifton Heights Boro,5,26,165,1,0,In Progress
Allegheny,Mt Lebanon,17,38,33,1,0,In Progress
Washington,Township Of Canton,14,46,39,1,0,In Progress
Delaware,Chester Twp,5,26,164,1,0,In Progress
Allegheny,Mt Oliver,17,38,20,1,0,In Progress
Allegheny,Munhall,12,38,24,1,0,In Progress
Allegheny,Munhall,12,42,19,1,0,In Progress
Washington,City Of Washington,14,46,46,1,0,In Progress
Washington,City Of Washington,14,46,15,1,0,In Progress
Allegheny,Munhall,12,43,38,1,0,In Progress
Delaware,Chester Heights Boro,5,9,168,1,0,In Progress
Allegheny,Munhall,12,45,25,1,0,In Progress
Delaware,Chester Heights Boro,5,9,161,1,0,In Progress
Delaware,Chester Heights Boro,5,26,165,1,0,In Progress
Allegheny,Munhall,17,43,34,1,0,In Progress
Allegheny,N Braddock,12,43,34,1,0,In Progress
Allegheny,N Braddock,12,45,25,1,0,In Progress
Allegheny,N Fayette,12,38,24,1,0,In Progress
Allegheny,N Fayette,12,43,19,1,0,In Progress
Delaware,Chester City,5,9,161,1,0,In Progress
Delaware,Chester City,5,26,164,1,0,In Progress
Allegheny,N Fayette,17,37,46,1,0,In Progress
Washington,Boro Of Houston,14,46,48,1,0,In Progress
Allegheny,N Fayette,17,42,42,1,0,In Progress
Delaware,Chester City,5,26,163,1,0,In Progress
Allegheny,N Fayette,17,45,42,1,0,In Progress
Allegheny,N Versailles,12,43,34,1,0,In Progress
Washington,Boro Of Donora,14,46,39,1,0,In Progress
Allegheny,N Versailles,17,42,20,1,0,In Progress
Allegheny,N Versailles,17,42,27,1,0,In Progress
Allegheny,Neville,12,38,24,1,0,In Progress
Allegheny,Oakdale,17,37,45,1,0,In Progress
Allegheny,Oakmont,12,38,24,1,0,In Progress
Allegheny,Oakmont,17,37,28,1,0,In Progress
Allegheny,Oakmont,17,38,28,1,0,In Progress
Washington,Boro Of California,14,46,48,1,0,In Progress
Allegheny,Ohara,12,38,24,1,0,In Progress
Allegheny,Ohara,12,42,21,1,0,In Progress
Fayette,Dunbar Twp,14,32,52,0,443,
Huntingdon,Huntingdon Boro,13,30,81,0,419,
Fayette,Washington Twp,14,32,52,0,403,
Fayette,Redstone Twp,14,32,52,0,306,
Fayette,Luzerne Twp,14,32,52,0,293,
Cambria,Portage Twp,13,35,71,0,291,
Cambria,Jackson Twp,13,35,72,0,284,
Cambria,Ebensburg Boro,13,35,72,0,266,
Venango,Sugarcreek Boro,16,21,64,0,258,
Centre,Rush Twp.,15,35,77,0,222,
Perry,Penn Twp,13,34,86,0,213,
Armstrong,Kiskiminetas Twp,15,41,60,0,208,
Mckean,Bradford City,15,25,67,0,207,
Venango,Cornplanter Twp,15,21,64,0,194,
Cambria,Stonycreek Twp,13,35,71,0,194,
Mckean,Foster Twp,15,25,67,0,187,
Cambria,Geistown Boro,13,35,71,0,180,
Fayette,Saltlick Twp,14,32,52,0,179,
Cambria,N.Cambria Boro,13,35,73,0,167,
Fayette,Springhill Twp,14,32,51,0,163,
Armstrong,Kittanning Boro,15,41,63,0,160,
Cambria,East Taylor Twp,13,35,72,0,159,
Cambria,Southmont Boro,13,35,72,0,158,
Perry,Centre Twp,13,34,86,0,154,
Fayette,Franklin Twp,14,32,52,0,149,
Cambria,Conemaugh Twp,13,35,72,0,142,
Cambria,Cresson Twp,13,35,71,0,141,
Cambria,Nanty Glo Boro,13,35,72,0,138,
Cambria,Allegheny Twp,13,35,71,0,136,
Cambria,Croyle Twp,13,35,72,0,135,
Armstrong,Gilpin Twp,15,41,60,0,132,
Warren,Glade Twp,15,21,65,0,128,
Perry,Oliver Twp,13,34,86,0,128,
Huntingdon,Walker Twp,13,30,81,0,127,
Mckean,Kane Boro,15,25,67,0,126,
Fayette,Perryopolis Boro,14,32,52,0,123,
Cambria,Blacklick Twp,13,35,72,0,122,
Centre,Philipsburg Boro.,15,35,77,0,121,
Armstrong,Kittanning Twp,15,41,63,0,120,
Armstrong,Ford City Boro,15,41,60,0,118,
Armstrong,South Buffalo Twp,15,41,60,0,117,
Cambria,Clearfield Twp,13,35,71,0,115,
Cambria,Portage Boro,13,35,71,0,115,
Cambria,Barr Twp,13,35,73,0,114,
Fayette,Fairchance Boro,14,32,51,0,113,
Fayette,Henry Clay Twp,14,32,51,0,109,
Perry,Saville Twp,13,34,86,0,107,
Cambria,Susquehanna Twp,13,35,73,0,99,
Fayette,Connellsville Twp,14,32,52,0,96,
Venango,Rockland Twp,15,21,64,0,95,
Huntingdon,Mount Union Boro,13,30,81,0,95,
Fayette,Brownsville Boro,14,32,52,0,92,
Cambria,East Carroll Townshp,13,35,73,0,92,
Mckean,Wetmore Twp,15,25,67,0,90,
Armstrong,Leechburg Boro,15,41,60,0,88,
Warren,Brokenstraw Twp,15,21,65,0,88,
Armstrong,Cowanshannock Twp,15,41,63,0,88,
Mckean,Keating Twp,15,25,67,0,87,
Cambria,Summerhill Twp,13,35,71,0,87,
Mckean,Liberty Twp,15,25,67,0,84,
Armstrong,Plumcreek Twp,15,41,63,0,84,
Cambria,Ferndale Boro,13,35,71,0,84,
Warren,Youngsville Boro,15,21,65,0,83,
Perry,Tyrone Twp,13,34,86,0,83,
Mckean,Port Allegany Boro,15,25,67,0,83,
Huntingdon,Shirley Twp,13,30,81,0,82,
Cambria,Patton Boro,13,35,73,0,82,
Centre,Centre Hall Boro.,15,25,171,0,82,
Armstrong,Sugarcreek Twp,15,41,63,0,80,
Centre,Liberty Twp.,15,25,82,0,79,
Fayette,S Connellsville Boro,14,32,52,0,79,
Fayette,Upper Tyrone Twp,14,32,52,0,78,
Fayette,Springfield Twp,14,32,52,0,76,
Fulton,Ayr Twp,13,30,78,0,76,
Armstrong,Freeport Boro,15,41,60,0,75,
Cambria,Cresson Boro,13,35,71,0,73,
Perry,Tuscarora Twp,13,34,86,0,72,
Huntingdon,Smithfield Twp,13,30,81,0,72,
Perry,Greenwood Twp,13,34,86,0,71,
Warren,Sheffield Twp,15,21,65,0,71,
Centre,Snow Shoe Twp.,15,25,82,0,71,
Perry,Liverpool Twp,13,34,86,0,69,
Mckean,Eldred Twp,15,25,67,0,68,
Warren,Columbus Twp,15,21,65,0,68,
Huntingdon,Oneida Twp,13,30,81,0,67,
Venango,Irwin Twp,16,21,64,0,67,
Mckean,Smethport Boro,15,25,67,0,65,
Huntingdon,Penn Twp,13,30,81,0,65,
Fulton,Bethel Twp,13,30,78,0,64,
Fulton,Todd Twp,13,30,78,0,63,
Mckean,Lafayette Twp,15,25,67,0,61,
Venango,Cherrytree Twp,15,21,64,0,61,
Cambria,Gallitzin Boro,13,35,71,0,60,
Perry,Buffalo Twp,13,34,86,0,58,
Cambria,Gallitzin Twp,13,35,71,0,57,
Cambria,Reade Twp,13,35,71,0,57,
Centre,Milesburg Boro.,15,25,82,0,57,
Potter,Galeton Boro,15,25,67,0,56,
Cambria,Carrolltown Boro,13,35,73,0,56,
Fayette,Belle Vernon Boro,14,32,52,0,56,
Perry,Watts Twp,13,34,86,0,55,
Cambria,Elder Twp,13,35,73,0,54,
Centre,Miles Twp.,15,25,171,0,54,
Cambria,West Taylor Twp,13,35,72,0,53,
Cambria,Hastings Boro,13,35,73,0,53,
Perry,Newport Boro,13,34,86,0,53,
Fayette,Lower Tyrone Twp,14,32,52,0,51,
Cambria,Dale Boro,13,35,72,0,51,
Fayette,Point Marion Boro,14,32,51,0,51,
Venango,Pinegrove Twp,15,21,64,0,50,
Fulton,Taylor Twp,13,30,78,0,49,
Cambria,Middle Taylor Townsp,13,35,72,0,49,
Cambria,Lorain Boro,13,35,72,0,48,
Armstrong,West Kittanning Boro,15,41,60,0,47,
Venango,Canal Twp,16,21,64,0,47,
Huntingdon,Henderson Twp,13,30,81,0,47,
Perry,Bloomfield Boro,13,34,86,0,47,
Perry,Duncannon Boro,13,34,86,0,46,
Centre,Taylor Twp.,15,35,77,0,46,
Venango,Jackson Twp,16,21,64,0,46,
Potter,Eulalia Twp,15,25,67,0,45,
Cambria,Brownstown Boro,13,35,72,0,45,
Cambria,East Conemaugh Boro,13,35,72,0,45,
Armstrong,North Apollo Boro,15,41,60,0,45,
Cambria,Washington Twp,13,35,71,0,45,
Cambria,White Twp,13,35,71,0,45,
Huntingdon,Union Twp,13,30,81,0,45,
Potter,Sweden Twp,15,25,67,0,45,
Fulton,Licking Creek Twp,13,30,78,0,44,
Armstrong,Apollo Boro,15,41,60,0,43,
Huntingdon,Cass Twp,13,30,81,0,43,
Centre,Snow Shoe Boro.,15,25,82,0,43,
Fayette,Brownsville Twp,14,32,52,0,41,
Cambria,Lilly Boro,13,35,71,0,41,
Huntingdon,Todd Twp,13,30,81,0,41,
Fayette,Dunbar Boro,14,32,52,0,41,
Potter,Ulysses Twp,15,25,67,0,40,
Venango,Oilcreek Twp,15,21,64,0,40,
Armstrong,Rayburn Twp,15,41,63,0,40,
Armstrong,Wayne Twp,15,41,63,0,39,
Cambria,West Carroll Townshp,13,35,73,0,39,
Huntingdon,Morris Twp,13,30,81,0,38,
Mckean,Otto Twp,15,25,67,0,38,
Potter,Roulette Twp,15,25,67,0,37,
Fayette,Stewart Twp,14,32,52,0,37,
Fulton,Belfast Twp,13,30,78,0,37,
Huntingdon,Logan Twp,13,30,81,0,37,
Venango,Emlenton Boro,15,21,64,0,36,
Huntingdon,Dublin Twp,13,30,81,0,36,
Perry,Madison Twp,13,34,86,0,36,
Fulton,Mcconnellsburg Boro,13,30,78,0,36,
Perry,Liverpool Boro,13,34,86,0,35,
Potter,Hebron Twp,15,25,67,0,34,
Fulton,Dublin Twp,13,30,78,0,34,
Warren,Freehold Twp,15,21,65,0,33,
Venango,Richland Twp,15,21,64,0,33,
Huntingdon,Miller Twp,13,30,81,0,32,
Armstrong,Madison Twp,15,41,63,0,32,
Huntingdon,Tell Twp,13,30,81,0,32,
Venango,Clinton Twp,15,21,64,0,31,
Potter,Genesee Twp,15,25,67,0,31,
Warren,Elk Twp,15,21,65,0,31,
Fulton,Brush Creek Twp,13,30,78,0,31,
Armstrong,Washington Twp,15,41,63,0,30,
Fayette,Smithfield Boro,14,32,51,0,30,
Potter,Harrison Twp,15,25,67,0,30,
Armstrong,Rural Valley Boro,15,41,63,0,29,
Cambria,Munster Twp,13,35,71,0,29,
Huntingdon,Springfield Twp,13,30,81,0,29,
Centre,Howard Boro.,15,25,82,0,29,
Huntingdon,Jackson Twp,13,30,81,0,28,
Cambria,Scalp Level Boro,13,35,71,0,28,
Huntingdon,Barree Twp,13,30,81,0,27,
Huntingdon,Brady Twp,13,30,81,0,27,
Armstrong,South Bend Twp,15,41,60,0,27,
Huntingdon,Juniata Twp,13,30,81,0,27,
Cambria,Summerhill Boro,13,35,72,0,26,
Armstrong,Worthington Boro,15,41,63,0,26,
Venango,Allegheny Twp,15,21,64,0,26,
Potter,Homer Twp,15,25,67,0,25,
Potter,West Branch Twp,15,25,67,0,25,
Mckean,Hamlin Twp,15,25,67,0,25,
Cambria,Chest Twp,13,35,71,0,25,
Warren,Eldred Twp,15,21,65,0,24,
Cambria,South Fork Boro,13,35,71,0,24,
Armstrong,Ford Cliff Boro,15,41,60,0,24,
Mckean,Mt. Jewett Boro,15,25,67,0,24,
Mckean,Ceres Twp,15,25,67,0,23,
Huntingdon,Franklin Twp,13,30,80,0,23,
Warren,Deerfield Twp,15,21,65,0,23,
Mckean,Annin Twp,15,25,67,0,23,
Fayette,Markleysburg Boro,14,32,51,0,23,
Huntingdon,Hopewell Twp,13,30,81,0,23,
Cambria,Vintondale Boro,13,35,72,0,23,
Warren,Sugar Grove Boro,15,21,65,0,23,
Mckean,Hamilton Twp,15,25,67,0,22,
Armstrong,Valley Twp,15,41,63,0,21,
Armstrong,Bradys Bend Twp,15,41,63,0,21,
Potter,Ulysses Boro,15,25,67,0,21,
Venango,Mineral Twp,16,21,64,0,21,
Centre,Curtin Twp.,15,25,82,0,21,
Warren,Spring Creek Twp,15,21,65,0,21,
Armstrong,Redbank Twp,15,41,63,0,20,
Venango,Clintonville Boro,15,21,64,0,20,
Cambria,Sankertown Boro,13,35,71,0,20,
Venango,Pleasantville Boro,15,21,64,0,20,
Cambria,Franklin Boro,13,35,72,0,20,
Armstrong,Boggs Twp,15,41,63,0,19,
Fayette,Everson Boro,14,32,52,0,19,
Venango,Polk Boro,16,21,64,0,18,
Potter,Allegany Twp,15,25,67,0,18,
Fulton,Union Twp,13,30,78,0,18,
Potter,Keating Twp,15,25,67,0,18,
Huntingdon,Marklesburg Boro,13,30,81,0,17,
Huntingdon,West Twp,13,30,81,0,17,
Perry,Howe Twp,13,34,86,0,17,
Huntingdon,Clay Twp,13,30,81,0,17,
Venango,Victory Twp,16,21,64,0,16,
Potter,Pike Twp,15,25,67,0,16,
Huntingdon,Spruce Creek Twp,13,30,81,0,16,
Mckean,Corydon Twp,15,25,67,0,16,
Armstrong,Burrell Twp,15,41,60,0,16,
Armstrong,Parker City,15,41,63,0,16,
Venango,Cooperstown Boro,16,21,64,0,16,
Warren,Clarendon Boro,15,21,65,0,15,
Potter,Austin Boro,15,25,67,0,15,
Warren,Watson Twp,15,21,65,0,15,
Fayette,Vanderbilt Boro,14,32,52,0,15,
Perry,Jackson Twp,13,34,86,0,15,
Huntingdon,Three Springs Boro,13,30,81,0,14,
Fulton,Wells Twp,13,30,78,0,14,
Huntingdon,Alexandria Boro,13,30,81,0,14,
Armstrong,South Bethlehem Boro,15,41,63,0,14,
Mckean,Eldred Boro,15,25,67,0,14,
Potter,Abbott Twp,15,25,67,0,13,
Centre,Burnside Twp.,15,25,82,0,13,
Cambria,Loretto Boro,13,35,71,0,13,
Centre,State College Boro.,15,35,77,0,13,
Fayette,Newell Boro,14,32,52,0,13,
Warren,Triumph Twp,15,21,65,0,13,
Armstrong,Manorville Boro,15,41,60,0,13,
Potter,Summit Twp,15,25,67,0,13,
Huntingdon,Wood Twp,13,30,81,0,12,
Warren,Limestone Twp,15,21,65,0,12,
Huntingdon,Mill Creek Boro,13,30,81,0,12,
Huntingdon,Carbon Twp,13,30,81,0,12,
Cambria,Daisytown Boro,13,35,72,0,12,
Mckean,Sergeant Twp,15,25,67,0,11,
Armstrong,Perry Twp,15,41,63,0,11,
Potter,Portage Twp,15,25,67,0,10,
Perry,Toboyne Twp,13,34,86,0,10,
Armstrong,Elderton Boro,15,41,63,0,10,
Venango,Rouseville Boro,15,21,64,0,10,
Potter,Clara Twp,15,25,67,0,10,
Potter,Bingham Twp,15,25,67,0,10,
Cambria,Tunnelhill Boro,13,35,71,0,10,
Potter,Hector Twp,15,25,67,0,9,
Venango,Barkeyville Boro,16,21,64,0,9,
Huntingdon,Saltillo Boro,13,30,81,0,9,
Warren,Cherry Grove Twp,15,21,65,0,9,
Armstrong,Dayton Boro,15,41,63,0,8,
Huntingdon,Lincoln Twp,13,30,81,0,8,
Fayette,Dawson Boro,14,32,52,0,8,
Huntingdon,Rockhill Boro,13,30,81,0,8,
Potter,Wharton Twp,15,25,67,0,8,
Mckean,Norwich Twp,15,25,67,0,8,
Centre,Ferguson Twp.,15,25,82,0,7,
Huntingdon,Cassville Boro,13,30,81,0,7,
Cambria,Ashville Boro,13,35,71,0,7,
Centre,Unionville Boro.,15,25,82,0,7,
Potter,Sylvania Twp,15,25,67,0,7,
Potter,Oswayo Boro,15,25,67,0,7,
Venango,Utica Boro,16,21,64,0,6,
Cambria,Cassandra Boro,13,35,71,0,6,
Cambria,Wilmore Boro,13,35,71,0,6,
Huntingdon,Mapleton Boro,13,30,81,0,6,
Huntingdon,Coalmont Boro,13,30,81,0,5,
Potter,Stewardson Twp,15,25,67,0,5,
Huntingdon,Orbisonia Boro,13,30,81,0,5,
Armstrong,Pine Twp,15,41,63,0,5,
Venango,Victory Twp,15,21,64,0,5,
Centre,College Twp.,15,35,77,0,5,
Armstrong,Atwood Boro,15,41,63,0,4,
Warren,Southwest Twp,15,21,65,0,4,
Perry,Blain Boro,13,34,86,0,4,
Huntingdon,Petersburg Boro,13,30,81,0,4,
Centre,College Twp.,15,25,171,0,3,
Cambria,Johnstown City,13,35,71,0,3,
Cambria,Richland Twp,13,35,72,0,3,
Delaware,Parkside Boro,5,9,161,0,3,
Cambria,Chest Springs Boro,13,35,71,0,3,
Centre,Snow Shoe Twp.,15,25,171,0,3,
Cambria,Ehrenfeld Boro,13,35,72,0,3,
Perry,Landisburg Boro,13,34,86,0,3,
Huntingdon,Shirleysburg Boro,13,30,81,0,2,
Centre,Patton Twp.,15,25,171,0,2,
York,Conewago Twp,10,28,196,0,2,
Huntingdon,Dudley Boro,13,30,81,0,2,
Venango,Cornplanter Twp,16,21,64,0,2,
Fayette,Bullskin Twp,14,32,51,0,2,
Fayette,Uniontown City,14,32,52,0,2,
Beaver,Koppel Boro,17,47,15,0,2,
Huntingdon,Shade Gap Boro,13,30,81,0,2,
Armstrong,Cadogan Twp,15,41,60,0,2,
Centre,Ferguson Twp.,15,25,171,0,2,
Lancaster,Clay Twp,11,36,43,0,2,
Fayette,Redstone Twp,14,32,51,0,2,
Perry,New Buffalo Boro,13,34,86,0,2,
Centre,(Empty),15,25,82,0,2,
Lebanon,West Cornwall Twp,9,48,98,0,2,
Berks,Exeter Twp,4,11,126,0,1,
Allegheny,Jefferson Hl,12,45,36,0,1,
Allegheny,Up St Clair,12,43,24,0,1,
Centre,Boggs Twp.,15,25,171,0,1,
Delaware,Radnor Twp,5,26,163,0,1,
Centre,Benner Twp.,15,35,77,0,1,
Centre,Benner Twp.,15,25,171,0,1,
Centre,Spring Twp.,15,25,77,0,1,
Lebanon,South Londonderry Twp,9,48,102,0,1,
Delaware,Darby Twp,5,9,161,0,1,
Delaware,Ridley Park Boro,5,26,161,0,1,
Cambria,Westmont Boro,13,35,71,0,1,
Luzerne,Larksville Boro,8,22,121,0,1,
York,Peach Bottom Twp,10,28,95,0,1,
Allegheny,Penn Hills,12,45,34,0,1,
Allegheny,Mccandless,17,42,21,0,1,
Fayette,Ohiopyle Boro,14,32,52,0,1,
Lancaster,Millersville Boro,11,36,41,0,1,
Cambria,Upper Yoder Twp,13,35,71,0,1,
Blair,Tyrone Boro,13,30,79,0,1,
Blair,Allegheny Twp,13,30,80,0,1,
Lebanon,Lebanon City,9,48,98,0,1,
Cambria,Stonycreek Twp,13,35,72,0,1,
Luzerne,Exeter Boro,8,22,121,0,1,
Allegheny,Duquesne,12,42,19,0,1,
York,Spring Garden Twp,11,28,93,0,1,
Delaware,Norwood Boro,5,9,160,0,1,
York,Spring Grove Boro,10,31,95,0,1,
Allegheny,Mckeesport,12,45,25,0,1,
Allegheny,Mt Lebanon,12,43,19,0,1,
Allegheny,Clairton,17,42,45,0,1,
Centre,Harris Twp.,15,25,171,0,1,
Berks,Kenhorst Boro,6,11,126,0,1,
York,Lower Windsor Twp,10,31,95,0,1,
Berks,Laureldale Boro,6,11,129,0,1,
Lawrence,(Empty),16,47,8,0,1,
Northampton,Moore Twsp,7,18,138,0,1,
Venango,Franklin,15,21,64,0,1,
Warren,(Empty),15,21,65,0,1,
Westmoreland,North Huntingdon Twp,14,39,55,0,1,
Fulton,Valley-Hi Boro,13,30,78,0,1,
Berks,Penn Twp,6,13,99,0,1,
Delaware,Springfield Twp,5,26,163,0,1,
Allegheny,Casl Shannon,12,45,36,0,1,
Allegheny,Forest Hills,12,45,35,0,1,
Union,White Deer Twsp,15,23,76,0,1,
York,West Manchester Twp,10,31,92,0,1,
Washington,Twp. Of North Franklin,14,46,46,0,1,
Allegheny,Up St Clair,12,42,21,0,1,
Delaware,Aston Twp,5,26,163,0,1,
Delaware,Clifton Heights Boro,5,8,191,0,1,
Cambria,Ferndale Boro,13,35,72,0,1,
Allegheny,Richland,17,37,44,0,1,
Berks,Ruscombmanor Twp,4,11,126,0,1,
Warren,Bear Lake Boro,15,21,65,0,1,
Delaware,Norwood Boro,5,26,162,0,1,
Westmoreland,Mt Pleasant Boro,14,39,59,0,1,
Fayette,Washington Twp,14,32,51,0,1,
Berks,Centre Twp,4,11,130,0,1,
Allegheny,Hampton,12,43,24,0,1,
Armstrong,Manor Twp,15,41,63,0,1,
Berks,Amity Twp,6,44,128,0,1,
Monroe,Pocono,8,40,176,0,1,
Allegheny,Carnegie,12,43,19,0,1,
Monroe,Pocono,7,40,176,0,1,
Bucks,New Britain Twp,1,16,143,0,1,
Potter,Pleasant Valley Twp,15,25,67,0,1,
Delaware,Middletown Twp,5,26,166,0,1,
Potter,Oswayo Twp,15,25,67,0,1,
Dauphin,Hummelstown,10,15,105,0,1,
Dauphin,Derry Twp,10,15,125,0,1,
Delaware,Darby Boro,5,26,163,0,1,
Cambria,Cambria Twp,13,35,71,0,1,
Venango,Cranberry Twp,16,21,64,0,1,
Armstrong,Hovey Twp,15,41,63,0,1,
Delaware,Upper Providence Twp,5,26,166,0,1,
York,York Twp,10,31,92,0,1,
Susquehanna,(Empty),9,20,111,0,1,
Allegheny,Plum,17,38,30,0,1,
Allegheny,Millvale,12,45,35,0,1,
Centre,Walker Twp.,15,35,77,0,1,
